rsu_id,x,y
0,821.01,568.18
1,1071.01,568.18
2,1321.01,568.18
3,1571.01,568.18
4,1821.01,568.18
5,2071.01,568.18
6,2321.01,568.18
7,2571.01,568.18
8,821.01,818.18
9,1071.01,818.18
10,1321.01,818.18
11,1571.01,818.18
12,1821.01,818.18
13,2071.01,818.18
14,2321.01,818.18
15,2571.01,818.18
16,821.01,1068.18
17,1071.01,1068.18
18,1321.01,1068.18
19,1571.01,1068.18
20,1821.01,1068.18
21,2071.01,1068.18
22,2321.01,1068.18
23,2571.01,1068.18
24,821.01,1318.18
25,1071.01,1318.18
26,1321.01,1318.18
27,1571.01,1318.18
28,1821.01,1318.18
29,2071.01,1318.18
30,2321.01,1318.18
31,2571.01,1318.18
32,821.01,1568.18
33,1071.01,1568.18
34,1321.01,1568.18
35,1571.01,1568.18
36,1821.01,1568.18
37,2071.01,1568.18
38,2321.01,1568.18
39,2571.01,1568.18
40,821.01,1818.18
41,1071.01,1818.18
42,1321.01,1818.18
43,1571.01,1818.18
44,1821.01,1818.18
45,2071.01,1818.18
46,2321.01,1818.18
47,2571.01,1818.18
48,821.01,2068.18
49,1071.01,2068.18
50,1321.01,2068.18
51,1571.01,2068.18
52,1821.01,2068.18
53,2071.01,2068.18
54,2321.01,2068.18
55,2571.01,2068.18
56,821.01,2318.18
57,1071.01,2318.18
58,1321.01,2318.18
59,1571.01,2318.18
60,1821.01,2318.18
61,2071.01,2318.18
62,2321.01,2318.18
63,2571.01,2318.18
