attack,pct,n,MPTD_MCC,MPTD_FPR,B1_MCC,B1_FPR,B2_MCC,B2_FPR,B3_MCC,B3_FPR
a1 TP-S1 (RSU drift),30,656,0.4756,0.0,0.0,1.0,0.4357,0.5163,0.9837,0.0
a1 TP-S1 (RSU drift),50,656,0.3727,0.0,0.0,1.0,0.37,0.7591,0.9759,0.0
a2 TP-S2 (speed/heading),10,656,0.9469,0.0,0.0,1.0,0.2444,0.4959,1.0,0.0
a2 TP-S2 (speed/heading),30,656,0.8877,0.0,0.0,1.0,0.5004,0.4834,1.0,0.0
a2 TP-S2 (speed/heading),50,656,0.85,0.0,0.0,1.0,0.5736,0.4715,1.0,0.0
a3 MP-S1 (Sybil ghost),30,655,0.0,0.0,0.0,1.0,0.5857,0.311,0.0,0.0
a3 MP-S1 (Sybil ghost),50,653,0.0,0.0,0.0,1.0,-0.3663,0.6677,0.0,0.0
a4 MP-S2 (impersonation),30,656,0.0,0.0,0.0,1.0,0.4844,0.4492,0.9837,0.0
a4 MP-S2 (impersonation),50,656,0.0,0.0,0.0,1.0,0.5749,0.4317,0.9806,0.0
a5 TP-S3 (flooding),10,656,0.5058,0.0,0.0,1.0,0.2422,0.5008,1.0,0.0
a5 TP-S3 (flooding),30,656,0.4168,0.0,0.0,1.0,0.5515,0.4169,1.0,0.0
a5 TP-S3 (flooding),50,656,0.3674,0.0,0.0,1.0,0.6314,0.4299,1.0,0.0
a6 MitM intercept,30,656,0.9512,0.0,0.0,1.0,0.4844,0.4492,1.0,0.0
a6 MitM intercept,50,656,0.9391,0.0,0.0,1.0,0.5749,0.4317,1.0,0.0
a7 Controller poison,10,656,0.0,0.0,0.0,0.0,0.0,0.0,0.0,0.0
a7 Controller poison,30,656,0.0,0.0,0.0,0.0,0.0,0.0,0.0,0.0
a7 Controller poison,50,656,0.0,0.0,0.0,0.0,0.0,0.0,0.0,0.0
