10,full,1,0.225,0.010,0.805,0.002,0.087,0.010,0.946,0.6562,trace_confirmed=1
10,full,2,0.368,0.009,0.751,0.004,0.139,0.009,1.335,2.839,trace_confirmed=1
10,full,3,0.348,0.010,0.900,0.008,0.029,0.010,1.076,1.696,trace_confirmed=1
10,lw,1,0.225,0.010,0.793,0.000,0.094,0.010,0.815,0.5912,trace_confirmed=1
10,lw,2,0.368,0.009,0.705,0.000,0.172,0.010,0.979,0.9891,trace_confirmed=1
10,lw,3,0.348,0.010,0.880,0.000,0.036,0.024,0.757,1.524,trace_confirmed=1
60,full,1,0.262,0.007,0.654,0.006,0.203,0.010,2.105,2.361,trace_confirmed=1
60,full,2,0.435,0.009,0.903,0.004,0.049,0.009,2.277,4.598,trace_confirmed=1
60,full,3,0.489,0.006,0.944,0.000,0.007,0.010,2.214,0.9936,trace_confirmed=1
60,lw,1,0.262,0.007,0.637,0.001,0.218,0.010,1.701,1.508,trace_confirmed=1
60,lw,2,0.435,0.009,0.904,0.002,0.049,0.009,2.015,3.77,trace_confirmed=1
60,lw,3,0.489,0.006,0.488,0.000,0.161,0.010,1.673,0.4988,trace_confirmed=1
100,full,1,0.396,0.007,0.524,0.010,0.266,0.010,3.250,2.12,trace_confirmed=1
100,full,2,0.529,0.004,0.976,0.008,0.012,0.010,1.489,1.83,trace_confirmed=1
100,full,3,0.605,0.003,0.969,0.000,0.006,0.010,6.506,0.5598,trace_confirmed=1
100,lw,1,0.396,0.007,0.484,0.000,0.312,0.010,4.834,2.146,trace_confirmed=1
100,lw,2,0.529,0.004,0.982,0.000,0.009,0.010,5.412,1.893,trace_confirmed=1
100,lw,3,0.605,0.003,0.950,0.000,0.010,0.010,6.435,0.5598,trace_confirmed=1
140,full,1,0.521,0.008,0.663,0.013,0.181,0.009,4.893,0.6,trace_confirmed=1
140,full,2,0.269,0.006,0.983,0.008,0.009,0.009,3.320,0.851,trace_confirmed=1
140,full,3,0.484,0.003,0.987,0.000,0.003,0.011,5.098,0.966,trace_confirmed=1
140,lw,1,0.521,0.008,0.657,0.000,0.190,0.009,5.267,0.449,trace_confirmed=1
140,lw,2,0.269,0.006,0.990,0.000,0.005,0.010,1.525,0.8477,trace_confirmed=1
140,lw,3,0.484,0.003,0.590,0.000,0.173,0.010,2.260,0.4411,trace_confirmed=1
E2 COMPLETE 07:52:37
