0.00,aegis,1,1.000,0.527,101.2
0.00,aegis,2,1.000,0.525,124
0.00,aegis,3,1.000,0.518,98.33
0.00,ab6,1,1.000,0.527,168.9
0.00,ab6,2,1.000,0.524,198.6
0.00,ab6,3,1.000,0.518,172.9
0.25,aegis,1,1.000,0.527,103.2
0.25,aegis,2,1.000,0.525,130.6
0.25,aegis,3,1.000,0.518,102.6
0.25,ab6,1,1.000,0.527,180.4
0.25,ab6,2,1.000,0.524,214.2
0.25,ab6,3,1.000,0.518,178.9
0.50,aegis,1,1.000,0.527,102.9
0.50,aegis,2,1.000,0.525,131.6
0.50,aegis,3,1.000,0.518,102.3
0.50,ab6,1,1.000,0.527,179.7
0.50,ab6,2,1.000,0.524,205.1
0.50,ab6,3,1.000,0.518,178.3
0.75,aegis,1,1.000,0.527,105.4
0.75,aegis,2,1.000,0.525,125.9
0.75,aegis,3,1.000,0.518,102.2
0.75,ab6,1,1.000,0.527,178.4
0.75,ab6,2,1.000,0.524,200.1
0.75,ab6,3,1.000,0.518,179.5
1.00,aegis,1,1.000,0.527,106.3
1.00,aegis,2,1.000,0.525,130.1
1.00,aegis,3,1.000,0.518,102.9
1.00,ab6,1,0.750,0.534,179.4
1.00,ab6,2,0.750,0.532,203.6
1.00,ab6,3,0.748,0.530,176.9
E_A1 COMPLETE 12:38:15
