mode,TP,FP,TN,FN,MCC,FPR,PARR,CDER,TDEE,TPE
B1_rule_based,0,0,2581,731,0.0,0.0,0.0,0.22071256038647344,6.944444444444445,27.77777777777778
B2_GAT_only,731,2581,0,0,0.0,1.0,0.0,0.7792874396135265,0.0,0.0
B3_AE_only,663,199,2382,68,0.7843838018483408,0.07710189848895777,0.0,0.0806159420289855,0.6459948320413438,2.5839793281653747
A1_LW_only,0,0,2581,731,0.0,0.0,0.0,0.22071256038647344,6.944444444444445,27.77777777777778
A2_GAT_only,731,2581,0,0,0.0,1.0,1.0,0.7792874396135265,0.0,0.0
A3_AE_only,663,199,2382,68,0.7843838018483408,0.07710189848895777,0.9069767441860465,0.0806159420289855,0.6459948320413438,2.5839793281653747
A4_no_TRS,663,212,2369,68,0.7758711088476631,0.08213870592793492,0.0,0.08454106280193237,0.6459948320413438,2.5839793281653747
A5_no_chain,663,212,2369,68,0.7758711088476631,0.08213870592793492,0.9069767441860465,0.08454106280193237,0.6459948320413438,2.5839793281653747
MPTD-PQS,663,212,2369,68,0.7758711088476631,0.08213870592793492,0.9069767441860465,0.08454106280193237,0.6459948320413438,2.5839793281653747
