sim_time,vehicle_id,rsu_id,pos_x,pos_y,speed,heading,accel,is_poisoned,detected,sig_mask,psi_score,attack_number,attack_pct
7,2,0,280,570,10,0,0,0,0,0,0,3,100
7.00625,3,0,313.368,591,66.66,0,0,1,0,0,0,3,100
7.0125,4,0,357.441,571,66.66,0,0,1,0,0,0,3,100
7.01875,5,0,346.15,590,8,0,0,0,0,0,0,3,100
7.025,6,1,780.538,570.999,66.66,0,0,1,0,0,0,3,100
7.03125,7,1,813.562,590.999,66.66,0,0,1,0,0,0,3,100
7.0375,8,1,857.412,570,11,0,0,0,0,0,0,3,100
7.04375,9,1,846.615,590.998,66.66,0,0,1,0,0,0,3,100
7.05,10,2,1280.5,570,10,0,0,0,0,0,0,3,100
7.05625,11,2,1313.76,590.998,66.66,0,0,1,0,0,0,3,100
7.0625,12,2,1357.69,570,11,0,0,0,0,0,0,3,100
7.06875,13,2,1346.55,590,8,0,0,0,0,0,0,3,100
7.075,14,3,1639.25,570,10,3.14159,0,0,0,0,0,3,100
7.08125,15,3,1686.49,590.996,66.66,3.14159,0,1,0,0,0,3,100
7.0875,16,3,1702.25,570.995,66.66,3.14159,0,1,0,0,0,3,100
7.09375,17,3,1733.45,590.995,66.66,3.14159,0,1,0,0,0,3,100
7.5,2,0,285,570,10,0,0,0,0,0,0,3,100
7.50625,3,0,317.229,590.89,66.66,0,0,1,1,24,0.222222,3,100
7.5125,4,0,362.303,570.888,66.66,0,0,1,1,24,0.222222,3,100
7.51875,5,0,350.15,590,8,0,0,0,0,0,0,3,100
7.525,6,1,784.9,570.883,66.66,0,0,1,1,24,0.222222,3,100
7.53125,7,1,817.424,590.88,66.66,0,0,1,1,24,0.222222,3,100
7.5375,8,1,862.912,570,11,0,0,0,0,0,0,3,100
7.54375,9,1,849.977,590.875,66.66,0,0,1,1,24,0.222222,3,100
7.55,10,2,1285.5,570,10,0,0,0,0,0,0,3,100
7.55625,11,2,1317.62,590.869,66.66,0,0,1,1,24,0.222222,3,100
7.5625,12,2,1363.19,570,11,0,0,0,0,0,0,3,100
7.56875,13,2,1350.55,590,8,0,0,0,0,0,0,3,100
7.575,14,3,1634.25,570,10,3.14159,0,0,0,0,0,3,100
7.58125,15,3,1681.35,590.858,66.66,3.14159,0,1,1,24,0.222222,3,100
7.5875,16,3,1696.11,570.855,66.66,3.14159,0,1,0,0,0,3,100
7.59375,17,3,1728.82,590.852,66.66,3.14159,0,1,0,0,0,3,100
8,2,0,290,570,10,0,0,0,0,0,0,3,100
8.00625,3,0,321.224,590.604,66.66,0,0,1,1,24,0.222222,3,100
8.0125,4,0,367.301,570.599,66.66,0,0,1,1,24,0.222222,3,100
8.01875,5,0,354.15,590,8,0,0,0,0,0,0,3,100
8.025,6,1,789.404,570.59,66.66,0,0,1,1,24,0.222222,3,100
8.03125,7,1,821.431,590.586,66.66,0,0,1,1,24,0.222222,3,100
8.0375,8,1,868.412,570,11,0,0,0,0,0,0,3,100
8.04375,9,1,853.492,590.577,66.66,0,0,1,1,24,0.222222,3,100
8.05,10,2,1290.5,570,10,0,0,0,0,0,0,3,100
8.05625,11,2,1321.64,590.567,66.66,0,0,1,1,24,0.222222,3,100
8.0625,12,2,1368.69,570,11,0,0,0,0,0,0,3,100
8.06875,13,2,1354.55,590,8,0,0,0,0,0,0,3,100
8.075,14,3,1629.25,570,10,3.14159,0,0,0,0,0,3,100
8.08125,15,3,1676.39,590.549,66.66,3.14159,0,1,1,24,0.222222,3,100
8.0875,16,3,1690.15,570.544,66.66,3.14159,0,1,0,0,0,3,100
8.09375,17,3,1724.36,590.539,66.66,3.14159,0,1,0,0,0,3,100
8.5,2,0,295,570,10,0,0,0,0,0,0,3,100
8.50625,3,0,325.558,590.197,66.66,0,0,1,1,24,0.222222,3,100
8.5125,4,0,372.64,570.192,66.66,0,0,1,1,24,0.222222,3,100
8.51875,5,0,358.15,590,8,0,0,0,0,0,0,3,100
8.525,6,1,794.254,570.18,66.66,0,0,1,1,24,0.222222,3,100
8.53125,7,1,825.786,590.175,66.66,0,0,1,1,24,0.222222,3,100
8.5375,8,1,873.912,570,11,0,0,0,0,0,0,3,100
8.54375,9,1,857.356,590.164,66.66,0,0,1,1,24,0.222222,3,100
8.55,10,2,1295.5,570,10,0,0,0,0,0,0,3,100
8.55625,11,2,1326.01,590.153,66.66,0,0,1,1,24,0.222222,3,100
8.5625,12,2,1374.19,570,11,0,0,0,0,0,0,3,100
8.56875,13,2,1358.55,590,8,0,0,0,0,0,0,3,100
8.575,14,3,1624.25,570,10,3.14159,0,0,0,0,0,3,100
8.58125,15,3,1671.78,590.13,66.66,3.14159,0,1,1,24,0.222222,3,100
8.5875,16,3,1684.55,570.125,66.66,3.14159,0,1,0,0,0,3,100
8.59375,17,3,1720.27,590.119,66.66,3.14159,0,1,0,0,0,3,100
9,2,0,300,570,10,0,0,0,0,0,0,3,100
9.00625,3,0,330.3,589.751,66.66,0,0,1,1,24,0.222222,3,100
9.0125,4,0,378.386,569.746,66.66,0,0,1,1,24,0.222222,3,100
9.01875,5,0,362.15,590,8,0,0,0,0,0,0,3,100
9.025,6,1,799.509,569.735,66.66,0,0,1,1,24,0.222222,3,100
9.03125,7,1,830.546,589.729,66.66,0,0,1,1,24,0.222222,3,100
9.0375,8,1,879.412,570,11,0,0,0,0,0,0,3,100
9.04375,9,1,861.626,589.718,66.66,0,0,1,1,24,0.222222,3,100
9.05,10,2,1300.5,570,10,0,0,0,0,0,0,3,100
9.05625,11,2,1330.79,589.708,66.66,0,0,1,1,24,0.222222,3,100
9.0625,12,2,1379.69,570,11,0,0,0,0,0,0,3,100
9.06875,13,2,1362.55,590,8,0,0,0,0,0,0,3,100
9.075,14,3,1619.25,570,10,3.14159,0,0,0,0,0,3,100
9.08125,15,3,1667.58,589.686,66.66,3.14159,0,1,1,24,0.222222,3,100
9.0875,16,3,1679.35,569.681,66.66,3.14159,0,1,0,0,0,3,100
9.09375,17,3,1716.57,589.676,66.66,3.14159,0,1,0,0,0,3,100
9.5,2,0,305,570,10,0,0,0,0,0,0,3,100
9.50625,3,0,335.35,589.355,66.66,0,0,1,1,24,0.222222,3,100
9.5125,4,0,384.439,569.35,66.66,0,0,1,1,24,0.222222,3,100
9.51875,5,0,366.15,590,8,0,0,0,0,0,0,3,100
9.525,6,1,805.067,569.342,66.66,0,0,1,1,24,0.222222,3,100
9.53125,7,1,835.606,589.338,66.66,0,0,1,1,24,0.222222,3,100
9.5375,8,1,884.912,570,11,0,0,0,0,0,0,3,100
9.54375,9,1,866.191,589.329,66.66,0,0,1,1,24,0.222222,3,100
9.55,10,2,1305.5,570,10,0,0,0,0,0,0,3,100
9.55625,11,2,1335.86,589.321,66.66,0,0,1,1,24,0.222222,3,100
9.5625,12,2,1385.19,570,11,0,0,0,0,0,0,3,100
9.56875,13,2,1366.55,590,8,0,0,0,0,0,0,3,100
9.575,14,3,1614.25,570,10,3.14159,0,0,0,0,0,3,100
9.58125,15,3,1663.66,589.304,66.66,3.14159,0,1,1,24,0.222222,3,100
9.5875,16,3,1674.44,569.3,66.66,3.14159,0,1,0,0,0,3,100
9.59375,17,3,1713.16,589.296,66.66,3.14159,0,1,0,0,0,3,100
10,2,0,310,570,10,0,0,0,0,0,0,3,100
10.0062,3,0,340.484,589.087,66.66,0,0,1,1,24,0.222222,3,100
10.0125,4,0,390.572,569.084,66.66,0,0,1,1,24,0.222222,3,100
10.0188,5,0,370.15,590,8,0,0,0,0,0,0,3,100
10.025,6,1,810.699,569.08,66.66,0,0,1,1,24,0.222222,3,100
10.0312,7,1,840.738,589.078,66.66,0,0,1,1,24,0.222222,3,100
10.0375,8,1,890.412,570,11,0,0,0,0,0,0,3,100
10.0437,9,1,870.821,589.073,66.66,0,0,1,1,24,0.222222,3,100
10.05,10,2,1310.5,570,10,0,0,0,0,0,0,3,100
10.0563,11,2,1340.99,589.069,66.66,0,0,1,1,24,0.222222,3,100
10.0625,12,2,1390.69,570,11,0,0,0,0,0,0,3,100
10.0687,13,2,1370.55,590,8,0,0,0,0,0,0,3,100
10.075,14,3,1609.25,570,10,3.14159,0,0,0,0,0,3,100
10.0813,15,3,1659.78,589.061,66.66,3.14159,0,1,1,24,0.222222,3,100
10.0875,16,3,1669.56,569.059,66.66,3.14159,0,1,0,0,0,3,100
10.0938,17,3,1709.78,589.057,66.66,3.14159,0,1,0,0,0,3,100
10.5,2,0,315,570,10,0,0,0,0,0,0,3,100
10.5062,3,0,345.444,589,66.66,0,0,1,1,24,0.222222,3,100
10.5125,4,0,396.529,569.001,66.66,0,0,1,1,24,0.222222,3,100
10.5188,5,0,374.15,590,8,0,0,0,0,0,0,3,100
10.525,6,1,816.148,569.001,66.66,0,0,1,1,24,0.222222,3,100
10.5312,7,1,845.683,589.001,66.66,0,0,1,1,24,0.222222,3,100
10.5375,8,1,895.912,570,11,0,0,0,0,0,0,3,100
10.5437,9,1,875.259,589.002,66.66,0,0,1,1,24,0.222222,3,100
10.55,10,2,1315.5,570,10,0,0,0,0,0,0,3,100
10.5563,11,2,1345.92,589.003,66.66,0,0,1,1,24,0.222222,3,100
10.5625,12,2,1396.19,570,11,0,0,0,0,0,0,3,100
10.5687,13,2,1374.55,590,8,0,0,0,0,0,0,3,100
10.575,14,3,1604.25,570,10,3.14159,0,0,0,0,0,3,100
10.5813,15,3,1655.7,589.005,66.66,3.14159,0,1,1,24,0.222222,3,100
10.5875,16,3,1664.47,569.005,66.66,3.14159,0,1,0,0,0,3,100
10.5938,17,3,1706.18,589.006,66.66,3.14159,0,1,0,0,0,3,100
11,2,0,320,570,10,0,0,0,0,0,0,3,100
11.0062,3,0,350.042,589.113,66.66,0,0,1,1,24,0.222222,3,100
11.0125,4,0,402.122,569.116,66.66,0,0,1,1,24,0.222222,3,100
11.0188,5,0,378.15,590,8,0,0,0,0,0,0,3,100
11.025,6,1,821.231,569.121,66.66,0,0,1,1,24,0.222222,3,100
11.0312,7,1,850.261,589.124,66.66,0,0,1,1,24,0.222222,3,100
11.0375,8,1,901.412,570,11,0,0,0,0,0,0,3,100
11.0437,9,1,879.326,589.13,66.66,0,0,1,1,24,0.222222,3,100
11.05,10,2,1320.5,570,10,0,0,0,0,0,0,3,100
11.0563,11,2,1350.48,589.135,66.66,0,0,1,1,24,0.222222,3,100
11.0625,12,2,1401.69,570,11,0,0,0,0,0,0,3,100
11.0687,13,2,1378.55,590,8,0,0,0,0,0,0,3,100
11.075,14,3,1599.25,570,10,3.14159,0,0,0,0,0,3,100
11.0813,15,3,1651.23,589.147,66.66,3.14159,0,1,1,24,0.222222,3,100
11.0875,16,3,1659,569.15,66.66,3.14159,0,1,0,0,0,3,100
11.0938,17,3,1702.21,589.153,66.66,3.14159,0,1,0,0,0,3,100
11.5,2,0,325,570,10,0,0,0,0,0,0,3,100
11.5062,3,0,354.238,589.403,66.66,0,0,1,1,24,0.222222,3,100
11.5125,4,0,407.313,569.407,66.66,0,0,1,1,24,0.222222,3,100
11.5188,5,0,382.15,590,8,0,0,0,0,0,0,3,100
11.525,6,1,825.913,569.416,66.66,0,0,1,1,24,0.222222,3,100
11.5312,7,1,854.439,589.421,66.66,0,0,1,1,24,0.222222,3,100
11.5375,8,1,906.912,570,11,0,0,0,0,0,0,3,100
11.5437,9,1,882.995,589.43,66.66,0,0,1,1,24,0.222222,3,100
11.55,10,2,1325.5,570,10,0,0,0,0,0,0,3,100
11.5563,11,2,1354.64,589.44,66.66,0,0,1,1,24,0.222222,3,100
11.5625,12,2,1407.19,570,11,0,0,0,0,0,0,3,100
11.5687,13,2,1382.55,590,8,0,0,0,0,0,0,3,100
11.575,14,3,1594.25,570,10,3.14159,0,0,0,0,0,3,100
11.5813,15,3,1646.38,589.458,66.66,3.14159,0,1,1,24,0.222222,3,100
11.5875,16,3,1653.14,569.463,66.66,3.14159,0,1,0,0,0,3,100
11.5938,17,3,1697.84,589.468,66.66,3.14159,0,1,0,0,0,3,100
12,2,0,330,570,10,0,0,0,0,0,0,3,100
12.0062,3,0,358.156,589.811,66.66,0,0,1,1,24,0.222222,3,100
12.0125,4,0,412.229,569.817,66.66,0,0,1,1,24,0.222222,3,100
12.0188,5,0,386.15,590,8,0,0,0,0,0,0,3,100
12.025,6,1,830.325,569.828,66.66,0,0,1,1,24,0.222222,3,100
12.0312,7,1,858.349,589.833,66.66,0,0,1,1,24,0.222222,3,100
12.0375,8,1,912.412,570,11,0,0,0,0,0,0,3,100
12.0437,9,1,886.401,589.844,66.66,0,0,1,1,24,0.222222,3,100
12.05,10,2,1330.5,570,10,0,0,0,0,0,0,3,100
12.0563,11,2,1358.54,589.856,66.66,0,0,1,1,24,0.222222,3,100
12.0625,12,2,1412.69,570,11,0,0,0,0,0,0,3,100
12.0687,13,2,1386.55,590,8,0,0,0,0,0,0,3,100
12.075,14,3,1589.25,570,10,3.14159,0,0,0,0,0,3,100
12.0813,15,3,1641.27,589.878,66.66,3.14159,0,1,1,24,0.222222,3,100
12.0875,16,3,1647.03,569.883,66.66,3.14159,0,1,0,0,0,3,100
12.0938,17,3,1693.24,589.889,66.66,3.14159,0,1,0,0,0,3,100
12.5,2,0,335,570,10,0,0,0,0,0,0,3,100
12.5062,3,0,362.033,590.257,66.66,0,0,1,1,24,0.222222,3,100
12.5125,4,0,417.108,570.263,66.66,0,0,1,1,24,0.222222,3,100
12.5188,5,0,390.15,590,8,0,0,0,0,0,0,3,100
12.525,6,1,834.707,570.273,66.66,0,0,1,1,24,0.222222,3,100
12.5312,7,1,862.231,590.279,66.66,0,0,1,1,24,0.222222,3,100
12.5375,8,1,917.912,570,11,0,0,0,0,0,0,3,100
12.5437,9,1,889.786,590.29,66.66,0,0,1,1,24,0.222222,3,100
12.55,10,2,1335.5,570,10,0,0,0,0,0,0,3,100
12.5563,11,2,1362.43,590.3,66.66,0,0,1,1,24,0.222222,3,100
12.5625,12,2,1418.19,570,11,0,0,0,0,0,0,3,100
12.5687,13,2,1390.55,590,8,0,0,0,0,0,0,3,100
12.575,14,3,1584.25,570,10,3.14159,0,0,0,0,0,3,100
12.5813,15,3,1636.17,590.322,66.66,3.14159,0,1,1,24,0.222222,3,100
12.5875,16,3,1640.93,570.327,66.66,3.14159,0,1,0,0,0,3,100
12.5938,17,3,1688.63,590.332,66.66,3.14159,0,1,0,0,0,3,100
13,2,0,340,570,10,0,0,0,0,0,0,3,100
13.0062,3,0,366.124,590.652,66.66,0,0,1,1,24,0.222222,3,100
13.0125,4,0,422.202,570.656,66.66,0,0,1,1,24,0.222222,3,100
13.0188,5,0,394.15,590,8,0,0,0,0,0,0,3,100
13.025,6,1,839.309,570.665,66.66,0,0,1,1,24,0.222222,3,100
13.0312,7,1,866.338,590.669,66.66,0,0,1,1,24,0.222222,3,100
13.0375,8,1,923.412,570,11,0,0,0,0,0,0,3,100
13.0437,9,1,893.401,590.677,66.66,0,0,1,1,24,0.222222,3,100
13.05,10,2,1340.5,570,10,0,0,0,0,0,0,3,100
13.0563,11,2,1366.55,590.685,66.66,0,0,1,1,24,0.222222,3,100
13.0625,12,2,1423.69,570,11,0,0,0,0,0,0,3,100
13.0687,13,2,1394.55,590,8,0,0,0,0,0,0,3,100
13.075,14,3,1579.25,570,10,3.14159,0,0,0,0,0,3,100
13.0813,15,3,1631.31,590.702,66.66,3.14159,0,1,1,24,0.222222,3,100
13.0875,16,3,1635.07,570.706,66.66,3.14159,0,1,0,0,0,3,100
13.0938,17,3,1684.28,590.71,66.66,3.14159,0,1,0,0,0,3,100
13.5,2,0,345,570,10,0,0,0,0,0,0,3,100
13.5062,3,0,370.595,590.917,66.66,0,0,1,1,24,0.222222,3,100
13.5125,4,0,427.679,570.919,66.66,0,0,1,1,24,0.222222,3,100
13.5188,5,0,398.15,590,8,0,0,0,0,0,0,3,100
13.525,6,1,844.296,570.923,66.66,0,0,1,1,24,0.222222,3,100
13.5312,7,1,870.829,590.926,66.66,0,0,1,1,24,0.222222,3,100
13.5375,8,1,928.912,570,11,0,0,0,0,0,0,3,100
13.5437,9,1,897.403,590.93,66.66,0,0,1,1,24,0.222222,3,100
13.55,10,2,1345.5,570,10,0,0,0,0,0,0,3,100
13.5563,11,2,1371.06,590.934,66.66,0,0,1,1,24,0.222222,3,100
13.5625,12,2,1429.19,570,11,0,0,0,0,0,0,3,100
13.5687,13,2,1398.55,590,8,0,0,0,0,0,0,3,100
13.575,14,3,1574.25,570,10,3.14159,0,0,0,0,0,3,100
13.5813,15,3,1626.84,590.942,66.66,3.14159,0,1,1,24,0.222222,3,100
13.5875,16,3,1629.61,570.944,66.66,3.14159,0,1,0,0,0,3,100
13.5938,17,3,1680.33,590.945,66.66,3.14159,0,1,0,0,0,3,100
