sim_time,vehicle_id,rsu_id,attack_pct,real_speed_ms,poisoned_speed_ms,speed_shift_factor,spd_delta_ms,real_heading_rad,poisoned_heading_rad,hdg_delta_rad,alert_type,spd_adv_ms
7.0089,4,0,30,9.0000,12.0257,1.3362,3.0257,0.0000,-0.0736,-0.0736,2,16.6650
7.0143,5,0,30,11.0000,14.6971,1.3361,3.6971,0.0000,-0.0735,-0.0735,2,16.6650
7.0204,6,0,30,8.0000,10.6881,1.3360,2.6881,0.0000,-0.0735,-0.0735,2,16.6650
7.0890,16,3,30,9.0000,12.0145,1.3349,3.0145,3.1416,3.0689,-0.0727,2,16.6650
7.1064,4,0,30,9.0000,12.0120,1.3347,3.0120,0.0000,-0.0724,-0.0724,2,16.6650
7.1126,5,0,30,11.0000,14.6802,1.3346,3.6802,0.0000,-0.0724,-0.0724,2,16.6650
7.1189,6,0,30,8.0000,10.6757,1.3345,2.6757,0.0000,-0.0723,-0.0723,2,16.6650
7.1814,16,3,30,9.0000,12.0010,1.3334,3.0010,3.1416,3.0703,-0.0713,2,16.6650
7.2064,4,0,30,9.0000,11.9973,1.3330,2.9973,0.0000,-0.0709,-0.0709,2,16.6650
7.2126,5,0,30,11.0000,14.6622,1.3329,3.6622,0.0000,-0.0708,-0.0708,2,16.6650
7.2189,6,0,30,8.0000,10.6626,1.3328,2.6626,0.0000,-0.0707,-0.0707,2,16.6650
7.2814,16,3,30,9.0000,11.9858,1.3318,2.9858,3.1416,3.0721,-0.0695,2,16.6650
7.3064,4,0,30,9.0000,11.9819,1.3313,2.9819,0.0000,-0.0690,-0.0690,2,16.6650
7.3126,5,0,30,11.0000,14.6434,1.3312,3.6434,0.0000,-0.0689,-0.0689,2,16.6650
7.3189,6,0,30,8.0000,10.6488,1.3311,2.6488,0.0000,-0.0688,-0.0688,2,16.6650
7.3814,16,3,30,9.0000,11.9699,1.3300,2.9699,3.1416,3.0742,-0.0674,2,16.6650
7.4064,4,0,30,9.0000,11.9659,1.3295,2.9659,0.0000,-0.0668,-0.0668,2,16.6650
7.4126,5,0,30,11.0000,14.6237,1.3294,3.6237,0.0000,-0.0666,-0.0666,2,16.6650
7.4189,6,0,30,8.0000,10.6345,1.3293,2.6345,0.0000,-0.0665,-0.0665,2,16.6650
7.4814,16,3,30,9.0000,11.9534,1.3282,2.9534,3.1416,3.0767,-0.0649,2,16.6650
7.5064,4,0,30,9.0000,11.9492,1.3277,2.9492,0.0000,-0.0642,-0.0642,2,16.6650
7.5126,5,0,30,11.0000,14.6033,1.3276,3.6033,0.0000,-0.0641,-0.0641,2,16.6650
7.5189,6,0,30,8.0000,10.6196,1.3275,2.6196,0.0000,-0.0639,-0.0639,2,16.6650
7.5814,16,3,30,9.0000,11.9363,1.3263,2.9363,3.1416,3.0795,-0.0621,2,16.6650
7.6064,4,0,30,9.0000,11.9319,1.3258,2.9319,0.0000,-0.0614,-0.0614,2,16.6650
7.6126,5,0,30,11.0000,14.5821,1.3256,3.5821,0.0000,-0.0612,-0.0612,2,16.6650
7.6189,6,0,30,8.0000,10.6041,1.3255,2.6041,0.0000,-0.0610,-0.0610,2,16.6650
7.6814,16,3,30,9.0000,11.9185,1.3243,2.9185,3.1416,3.0826,-0.0590,2,16.6650
7.7064,4,0,30,9.0000,11.9139,1.3238,2.9139,0.0000,-0.0582,-0.0582,2,16.6650
7.7126,5,0,30,11.0000,14.5601,1.3236,3.5601,0.0000,-0.0580,-0.0580,2,16.6650
7.7189,6,0,30,8.0000,10.5881,1.3235,2.5881,0.0000,-0.0578,-0.0578,2,16.6650
7.7813,16,3,30,9.0000,11.9001,1.3222,2.9001,3.1416,3.0859,-0.0557,2,16.6650
7.8064,4,0,30,9.0000,11.8954,1.3217,2.8954,0.0000,-0.0548,-0.0548,2,16.6650
7.8126,5,0,30,11.0000,14.5374,1.3216,3.5374,0.0000,-0.0545,-0.0545,2,16.6650
7.8189,6,0,30,8.0000,10.5716,1.3215,2.5716,0.0000,-0.0543,-0.0543,2,16.6650
7.8813,16,3,30,9.0000,11.8811,1.3201,2.8811,3.1416,3.0896,-0.0520,2,16.6650
7.9064,4,0,30,9.0000,11.8763,1.3196,2.8763,0.0000,-0.0511,-0.0511,2,16.6650
7.9126,5,0,30,11.0000,14.5140,1.3195,3.5140,0.0000,-0.0508,-0.0508,2,16.6650
7.9189,6,0,30,8.0000,10.5546,1.3193,2.5546,0.0000,-0.0506,-0.0506,2,16.6650
7.9814,16,3,30,9.0000,11.8616,1.3180,2.8616,3.1416,3.0935,-0.0481,2,16.6650
8.0064,4,0,30,9.0000,11.8566,1.3174,2.8566,0.0000,-0.0471,-0.0471,2,16.6650
8.0126,5,0,30,11.0000,14.4899,1.3173,3.4899,0.0000,-0.0468,-0.0468,2,16.6650
8.0189,6,0,30,8.0000,10.5370,1.3171,2.5370,0.0000,-0.0466,-0.0466,2,16.6650
8.0814,16,3,30,9.0000,11.8415,1.3157,2.8415,3.1416,3.0976,-0.0440,2,16.6650
8.1064,4,0,30,9.0000,11.8364,1.3152,2.8364,0.0000,-0.0429,-0.0429,2,16.6650
8.1126,5,0,30,11.0000,14.4652,1.3150,3.4652,0.0000,-0.0426,-0.0426,2,16.6650
8.1189,6,0,30,8.0000,10.5190,1.3149,2.5190,0.0000,-0.0423,-0.0423,2,16.6650
8.1564,12,2,30,9.0000,11.8261,1.3140,2.8261,0.0000,-0.0407,-0.0407,2,16.6650
8.1814,16,3,30,9.0000,11.8209,1.3134,2.8209,3.1416,3.1020,-0.0396,2,16.6650
8.2064,4,0,30,9.0000,11.8157,1.3129,2.8157,0.0000,-0.0385,-0.0385,2,16.6650
8.2126,5,0,30,11.0000,14.4398,1.3127,3.4398,0.0000,-0.0382,-0.0382,2,16.6650
8.2189,6,0,30,8.0000,10.5005,1.3126,2.5005,0.0000,-0.0379,-0.0379,2,16.6650
8.2564,12,2,30,9.0000,11.8051,1.3117,2.8051,0.0000,-0.0362,-0.0362,2,16.6650
8.2814,16,3,30,9.0000,11.7998,1.3111,2.7998,3.1416,3.1065,-0.0350,2,16.6650
8.3064,4,0,30,9.0000,11.7944,1.3105,2.7944,0.0000,-0.0339,-0.0339,2,16.6650
8.3126,5,0,30,11.0000,14.4138,1.3103,3.4138,0.0000,-0.0336,-0.0336,2,16.6650
8.3189,6,0,30,8.0000,10.4816,1.3102,2.4816,0.0000,-0.0333,-0.0333,2,16.6650
8.3564,12,2,30,9.0000,11.7836,1.3093,2.7836,0.0000,-0.0315,-0.0315,2,16.6650
8.3814,16,3,30,9.0000,11.7782,1.3087,2.7782,3.1416,3.1113,-0.0303,2,16.6650
8.4063,4,0,30,9.0000,11.7727,1.3081,2.7727,0.0000,-0.0291,-0.0291,2,16.6650
8.4126,5,0,30,11.0000,14.3872,1.3079,3.3872,0.0000,-0.0288,-0.0288,2,16.6650
8.4189,6,0,30,8.0000,10.4622,1.3078,2.4622,0.0000,-0.0285,-0.0285,2,16.6650
8.4564,12,2,30,9.0000,11.7617,1.3069,2.7617,0.0000,-0.0267,-0.0267,2,16.6650
8.4814,16,3,30,9.0000,11.7561,1.3062,2.7561,3.1416,3.1161,-0.0255,2,16.6650
8.5064,4,0,30,9.0000,11.7505,1.3056,2.7505,0.0000,-0.0242,-0.0242,2,16.6650
8.5126,5,0,30,11.0000,14.3600,1.3055,3.3600,0.0000,-0.0239,-0.0239,2,16.6650
8.5189,6,0,30,8.0000,10.4424,1.3053,2.4424,0.0000,-0.0236,-0.0236,2,16.6650
8.5564,12,2,30,9.0000,11.7392,1.3044,2.7392,0.0000,-0.0217,-0.0217,2,16.6650
8.5814,16,3,30,9.0000,11.7335,1.3037,2.7335,3.1416,3.1211,-0.0205,2,16.6650
8.6063,4,0,30,9.0000,11.7278,1.3031,2.7278,0.0000,-0.0192,-0.0192,2,16.6650
8.6126,5,0,30,11.0000,14.3323,1.3029,3.3323,0.0000,-0.0189,-0.0189,2,16.6650
8.6189,6,0,30,8.0000,10.4222,1.3028,2.4222,0.0000,-0.0186,-0.0186,2,16.6650
8.6564,12,2,30,9.0000,11.7163,1.3018,2.7163,0.0000,-0.0166,-0.0166,2,16.6650
8.6814,16,3,30,9.0000,11.7105,1.3012,2.7105,3.1416,3.1262,-0.0154,2,16.6650
8.7064,4,0,30,9.0000,11.7047,1.3005,2.7047,0.0000,-0.0141,-0.0141,2,16.6650
8.7126,5,0,30,11.0000,14.3040,1.3004,3.3040,0.0000,-0.0137,-0.0137,2,16.6650
8.7189,6,0,30,8.0000,10.4016,1.3002,2.4016,0.0000,-0.0134,-0.0134,2,16.6650
8.7564,12,2,30,9.0000,11.6930,1.2992,2.6930,0.0000,-0.0115,-0.0115,2,16.6650
8.7814,16,3,30,9.0000,11.6871,1.2986,2.6871,3.1416,3.1314,-0.0102,2,16.6650
8.8063,4,0,30,9.0000,11.6812,1.2979,2.6812,0.0000,-0.0089,-0.0089,2,16.6650
8.8126,5,0,30,11.0000,14.2753,1.2978,3.2753,0.0000,-0.0086,-0.0086,2,16.6650
8.8189,6,0,30,8.0000,10.3807,1.2976,2.3807,0.0000,-0.0082,-0.0082,2,16.6650
8.8564,12,2,30,9.0000,11.6693,1.2966,2.6693,0.0000,-0.0063,-0.0063,2,16.6650
8.8814,16,3,30,9.0000,11.6634,1.2959,2.6634,3.1416,3.1366,-0.0050,2,16.6650
8.9064,4,0,30,9.0000,11.6573,1.2953,2.6573,0.0000,-0.0037,-0.0037,2,16.6650
8.9126,5,0,30,11.0000,14.2460,1.2951,3.2460,0.0000,-0.0033,-0.0033,2,16.6650
8.9189,6,0,30,8.0000,10.3594,1.2949,2.3594,0.0000,-0.0030,-0.0030,2,16.6650
8.9564,12,2,30,9.0000,11.6453,1.2939,2.6453,0.0000,-0.0010,-0.0010,2,16.6650
8.9814,16,3,30,9.0000,11.6392,1.2932,2.6392,3.1416,3.1419,0.0003,2,16.6650
9.0063,4,0,30,9.0000,11.6331,1.2926,2.6331,0.0000,0.0016,0.0016,2,16.6650
9.0126,5,0,30,11.0000,14.2164,1.2924,3.2164,0.0000,0.0019,0.0019,2,16.6650
9.0189,6,0,30,8.0000,10.3378,1.2922,2.3378,0.0000,0.0023,0.0023,2,16.6650
9.0564,12,2,30,9.0000,11.6208,1.2912,2.6208,0.0000,0.0042,0.0042,2,16.6650
9.0814,16,3,30,9.0000,11.6147,1.2905,2.6147,3.1416,3.1471,0.0055,2,16.6650
9.1064,4,0,30,9.0000,11.6085,1.2898,2.6085,0.0000,0.0068,0.0068,2,16.6650
9.1126,5,0,30,11.0000,14.1863,1.2897,3.1863,0.0000,0.0072,0.0072,2,16.6650
9.1189,6,0,30,8.0000,10.3159,1.2895,2.3159,0.0000,0.0075,0.0075,2,16.6650
9.1564,12,2,30,9.0000,11.5961,1.2885,2.5961,0.0000,0.0094,0.0094,2,16.6650
9.1814,16,3,30,9.0000,11.5898,1.2878,2.5898,3.1416,3.1523,0.0107,2,16.6650
9.2063,4,0,30,9.0000,11.5836,1.2871,2.5836,0.0000,0.0120,0.0120,2,16.6650
9.2126,5,0,30,11.0000,14.1558,1.2869,3.1558,0.0000,0.0124,0.0124,2,16.6650
9.2189,6,0,30,8.0000,10.2937,1.2867,2.2937,0.0000,0.0127,0.0127,2,16.6650
9.2564,12,2,30,9.0000,11.5710,1.2857,2.5710,0.0000,0.0146,0.0146,2,16.6650
9.2814,16,3,30,9.0000,11.5647,1.2850,2.5647,3.1416,3.1575,0.0159,2,16.6650
9.3064,4,0,30,9.0000,11.5583,1.2843,2.5583,0.0000,0.0172,0.0172,2,16.6650
9.3126,5,0,30,11.0000,14.1249,1.2841,3.1249,0.0000,0.0175,0.0175,2,16.6650
9.3189,6,0,30,8.0000,10.2713,1.2839,2.2713,0.0000,0.0178,0.0178,2,16.6650
9.3564,12,2,30,9.0000,11.5456,1.2828,2.5456,0.0000,0.0197,0.0197,2,16.6650
9.3813,16,3,30,9.0000,11.5392,1.2821,2.5392,3.1416,3.1626,0.0210,2,16.6650
9.4064,4,0,30,9.0000,11.5328,1.2814,2.5328,0.0000,0.0223,0.0223,2,16.6650
9.4126,5,0,30,11.0000,14.0937,1.2812,3.0937,0.0000,0.0226,0.0226,2,16.6650
9.4189,6,0,30,8.0000,10.2486,1.2811,2.2486,0.0000,0.0229,0.0229,2,16.6650
9.4564,12,2,30,9.0000,11.5200,1.2800,2.5200,0.0000,0.0247,0.0247,2,16.6650
9.4814,16,3,30,9.0000,11.5135,1.2793,2.5135,3.1416,3.1676,0.0260,2,16.6650
9.5064,4,0,30,9.0000,11.5071,1.2786,2.5071,0.0000,0.0272,0.0272,2,16.6650
9.5126,5,0,30,11.0000,14.0622,1.2784,3.0622,0.0000,0.0275,0.0275,2,16.6650
9.5189,6,0,30,8.0000,10.2256,1.2782,2.2256,0.0000,0.0278,0.0278,2,16.6650
9.5564,12,2,30,9.0000,11.4941,1.2771,2.4941,0.0000,0.0296,0.0296,2,16.6650
9.5813,16,3,30,9.0000,11.4876,1.2764,2.4876,3.1416,3.1724,0.0308,2,16.6650
9.6064,4,0,30,9.0000,11.4811,1.2757,2.4811,0.0000,0.0320,0.0320,2,16.6650
9.6126,5,0,30,11.0000,14.0305,1.2755,3.0305,0.0000,0.0323,0.0323,2,16.6650
9.6189,6,0,30,8.0000,10.2025,1.2753,2.2025,0.0000,0.0326,0.0326,2,16.6650
9.6564,12,2,30,9.0000,11.4680,1.2742,2.4680,0.0000,0.0344,0.0344,2,16.6650
9.6814,16,3,30,9.0000,11.4615,1.2735,2.4615,3.1416,3.1771,0.0355,2,16.6650
9.7064,4,0,30,9.0000,11.4549,1.2728,2.4549,0.0000,0.0367,0.0367,2,16.6650
9.7126,5,0,30,11.0000,13.9984,1.2726,2.9984,0.0000,0.0370,0.0370,2,16.6650
9.7189,6,0,30,8.0000,10.1792,1.2724,2.1792,0.0000,0.0373,0.0373,2,16.6650
9.7563,12,2,30,9.0000,11.4417,1.2713,2.4417,0.0000,0.0390,0.0390,2,16.6650
9.7814,16,3,30,9.0000,11.4351,1.2706,2.4351,3.1416,3.1817,0.0401,2,16.6650
9.8064,4,0,30,9.0000,11.4285,1.2698,2.4285,0.0000,0.0412,0.0412,2,16.6650
9.8126,5,0,30,11.0000,13.9662,1.2697,2.9662,0.0000,0.0415,0.0415,2,16.6650
9.8189,6,0,30,8.0000,10.1557,1.2695,2.1557,0.0000,0.0417,0.0417,2,16.6650
9.8564,12,2,30,9.0000,11.4153,1.2684,2.4153,0.0000,0.0433,0.0433,2,16.6650
9.8814,16,3,30,9.0000,11.4086,1.2676,2.4086,3.1416,3.1860,0.0444,2,16.6650
9.9064,4,0,30,9.0000,11.4020,1.2669,2.4020,0.0000,0.0455,0.0455,2,16.6650
9.9126,5,0,30,11.0000,13.9337,1.2667,2.9337,0.0000,0.0457,0.0457,2,16.6650
9.9189,6,0,30,8.0000,10.1321,1.2665,2.1321,0.0000,0.0460,0.0460,2,16.6650
9.9564,12,2,30,9.0000,11.3887,1.2654,2.3887,0.0000,0.0475,0.0475,2,16.6650
9.9814,16,3,30,9.0000,11.3820,1.2647,2.3820,3.1416,3.1901,0.0485,2,16.6650
10.0064,4,0,30,9.0000,11.3753,1.2639,2.3753,0.0000,0.0495,0.0495,2,16.6650
10.0126,5,0,30,11.0000,13.9011,1.2637,2.9011,0.0000,0.0498,0.0498,2,16.6650
10.0189,6,0,30,8.0000,10.1084,1.2636,2.1084,0.0000,0.0500,0.0500,2,16.6650
10.0564,12,2,30,9.0000,11.3619,1.2624,2.3619,0.0000,0.0515,0.0515,2,16.6650
10.0814,16,3,30,9.0000,11.3552,1.2617,2.3552,3.1416,3.1940,0.0524,2,16.6650
10.1064,4,0,30,9.0000,11.3485,1.2609,2.3485,0.0000,0.0533,0.0533,2,16.6650
10.1126,5,0,30,11.0000,13.8684,1.2608,2.8684,0.0000,0.0536,0.0536,2,16.6650
10.1189,6,0,30,8.0000,10.0846,1.2606,2.0846,0.0000,0.0538,0.0538,2,16.6650
10.1564,12,2,30,9.0000,11.3351,1.2595,2.3351,0.0000,0.0552,0.0552,2,16.6650
10.1814,16,3,30,9.0000,11.3284,1.2587,2.3284,3.1416,3.1976,0.0560,2,16.6650
10.2064,4,0,30,9.0000,11.3216,1.2580,2.3216,0.0000,0.0569,0.0569,2,16.6650
10.2126,5,0,30,11.0000,13.8355,1.2578,2.8355,0.0000,0.0571,0.0571,2,16.6650
10.2189,6,0,30,8.0000,10.0607,1.2576,2.0607,0.0000,0.0573,0.0573,2,16.6650
10.2564,12,2,30,9.0000,11.3082,1.2565,2.3082,0.0000,0.0586,0.0586,2,16.6650
10.2814,16,3,30,9.0000,11.3014,1.2557,2.3014,3.1416,3.2010,0.0594,2,16.6650
10.3064,4,0,30,9.0000,11.2947,1.2550,2.2947,0.0000,0.0602,0.0602,2,16.6650
10.3126,5,0,30,11.0000,13.8026,1.2548,2.8026,0.0000,0.0604,0.0604,2,16.6650
10.3189,6,0,30,8.0000,10.0367,1.2546,2.0367,0.0000,0.0606,0.0606,2,16.6650
10.3564,12,2,30,9.0000,11.2812,1.2535,2.2812,0.0000,0.0617,0.0617,2,16.6650
10.3814,16,3,30,9.0000,11.2745,1.2527,2.2745,3.1416,3.2040,0.0624,2,16.6650
10.4064,4,0,30,9.0000,11.2677,1.2520,2.2677,0.0000,0.0632,0.0632,2,16.6650
10.4126,5,0,30,11.0000,13.7696,1.2518,2.7696,0.0000,0.0633,0.0633,2,16.6650
10.4189,6,0,30,8.0000,10.0127,1.2516,2.0127,0.0000,0.0635,0.0635,2,16.6650
10.4564,12,2,30,9.0000,11.2542,1.2505,2.2542,0.0000,0.0645,0.0645,2,16.6650
10.4814,16,3,30,9.0000,11.2475,1.2497,2.2475,3.1416,3.2068,0.0652,2,16.6650
10.5063,4,0,30,9.0000,11.2407,1.2490,2.2407,0.0000,0.0658,0.0658,2,16.6650
10.5126,5,0,30,11.0000,13.7366,1.2488,2.7366,0.0000,0.0660,0.0660,2,16.6650
10.5189,6,0,30,8.0000,9.9887,1.2486,1.9887,0.0000,0.0661,0.0661,2,16.6650
10.5564,12,2,30,9.0000,11.2272,1.2475,2.2272,0.0000,0.0671,0.0671,2,16.6650
10.5814,16,3,30,9.0000,11.2205,1.2467,2.2205,3.1416,3.2092,0.0676,2,16.6650
10.6064,4,0,30,9.0000,11.2137,1.2460,2.2137,0.0000,0.0682,0.0682,2,16.6650
10.6126,5,0,30,11.0000,13.7036,1.2458,2.7036,0.0000,0.0683,0.0683,2,16.6650
10.6189,6,0,30,8.0000,9.9648,1.2456,1.9648,0.0000,0.0685,0.0685,2,16.6650
10.6564,12,2,30,9.0000,11.2002,1.2445,2.2002,0.0000,0.0692,0.0692,2,16.6650
10.6814,16,3,30,9.0000,11.1935,1.2437,2.1935,3.1416,3.2113,0.0697,2,16.6650
10.7064,4,0,30,9.0000,11.1868,1.2430,2.1868,0.0000,0.0702,0.0702,2,16.6650
10.7126,5,0,30,11.0000,13.6707,1.2428,2.6707,0.0000,0.0703,0.0703,2,16.6650
10.7189,6,0,30,8.0000,9.9408,1.2426,1.9408,0.0000,0.0704,0.0704,2,16.6650
10.7564,12,2,30,9.0000,11.1733,1.2415,2.1733,0.0000,0.0711,0.0711,2,16.6650
10.7814,16,3,30,9.0000,11.1666,1.2407,2.1666,3.1416,3.2131,0.0715,2,16.6650
10.8064,4,0,30,9.0000,11.1599,1.2400,2.1599,0.0000,0.0719,0.0719,2,16.6650
10.8126,5,0,30,11.0000,13.6378,1.2398,2.6378,0.0000,0.0720,0.0720,2,16.6650
10.8188,6,0,30,8.0000,9.9169,1.2396,1.9169,0.0000,0.0721,0.0721,2,16.6650
10.8564,12,2,30,9.0000,11.1464,1.2385,2.1464,0.0000,0.0726,0.0726,2,16.6650
10.8814,16,3,30,9.0000,11.1397,1.2377,2.1397,3.1416,3.2145,0.0729,2,16.6650
10.9064,4,0,30,9.0000,11.1331,1.2370,2.1331,0.0000,0.0732,0.0732,2,16.6650
10.9126,5,0,30,11.0000,13.6050,1.2368,2.6050,0.0000,0.0733,0.0733,2,16.6650
10.9189,6,0,30,8.0000,9.8931,1.2366,1.8931,0.0000,0.0733,0.0733,2,16.6650
10.9564,12,2,30,9.0000,11.1197,1.2355,2.1197,0.0000,0.0737,0.0737,2,16.6650
10.9814,16,3,30,9.0000,11.1130,1.2348,2.1130,3.1416,3.2155,0.0740,2,16.6650
11.0064,4,0,30,9.0000,11.1063,1.2340,2.1063,0.0000,0.0742,0.0742,2,16.6650
11.0126,5,0,30,11.0000,13.5724,1.2339,2.5724,0.0000,0.0742,0.0742,2,16.6650
11.0189,6,0,30,8.0000,9.8693,1.2337,1.8693,0.0000,0.0743,0.0743,2,16.6650
11.0564,12,2,30,9.0000,11.0930,1.2326,2.0930,0.0000,0.0745,0.0745,2,16.6650
11.0813,16,3,30,9.0000,11.0864,1.2318,2.0864,3.1416,3.2162,0.0746,2,16.6650
11.1064,4,0,30,9.0000,11.0798,1.2311,2.0798,0.0000,0.0748,0.0748,2,16.6650
11.1126,5,0,30,11.0000,13.5399,1.2309,2.5399,0.0000,0.0748,0.0748,2,16.6650
11.1189,6,0,30,8.0000,9.8457,1.2307,1.8457,0.0000,0.0748,0.0748,2,16.6650
11.1564,12,2,30,9.0000,11.0665,1.2296,2.0665,0.0000,0.0749,0.0749,2,16.6650
11.1814,16,3,30,9.0000,11.0599,1.2289,2.0599,3.1416,3.2166,0.0750,2,16.6650
11.2064,4,0,30,9.0000,11.0533,1.2281,2.0533,0.0000,0.0750,0.0750,2,16.6650
11.2126,5,0,30,11.0000,13.5076,1.2280,2.5076,0.0000,0.0750,0.0750,2,16.6650
11.2189,6,0,30,8.0000,9.8222,1.2278,1.8222,0.0000,0.0750,0.0750,2,16.6650
11.2563,12,2,30,9.0000,11.0402,1.2267,2.0402,0.0000,0.0750,0.0750,2,16.6650
11.2814,16,3,30,9.0000,11.0336,1.2260,2.0336,3.1416,3.2165,0.0749,2,16.6650
11.3064,4,0,30,9.0000,11.0271,1.2252,2.0271,0.0000,0.0749,0.0749,2,16.6650
11.3126,5,0,30,11.0000,13.4755,1.2250,2.4755,0.0000,0.0748,0.0748,2,16.6650
11.3189,6,0,30,8.0000,9.7989,1.2249,1.7989,0.0000,0.0748,0.0748,2,16.6650
11.3564,12,2,30,9.0000,11.0140,1.2238,2.0140,0.0000,0.0747,0.0747,2,16.6650
11.3814,16,3,30,9.0000,11.0075,1.2231,2.0075,3.1416,3.2161,0.0745,2,16.6650
11.4064,4,0,30,9.0000,11.0010,1.2223,2.0010,0.0000,0.0744,0.0744,2,16.6650
11.4126,5,0,30,11.0000,13.4437,1.2222,2.4437,0.0000,0.0743,0.0743,2,16.6650
11.4189,6,0,30,8.0000,9.7758,1.2220,1.7758,0.0000,0.0743,0.0743,2,16.6650
11.4564,12,2,30,9.0000,10.9881,1.2209,1.9881,0.0000,0.0740,0.0740,2,16.6650
11.4814,16,3,30,9.0000,10.9816,1.2202,1.9816,3.1416,3.2153,0.0737,2,16.6650
11.5064,4,0,30,9.0000,10.9752,1.2195,1.9752,0.0000,0.0735,0.0735,2,16.6650
11.5126,5,0,30,11.0000,13.4121,1.2193,2.4121,0.0000,0.0734,0.0734,2,16.6650
11.5189,6,0,30,8.0000,9.7529,1.2191,1.7529,0.0000,0.0734,0.0734,2,16.6650
11.5564,12,2,30,9.0000,10.9624,1.2180,1.9624,0.0000,0.0729,0.0729,2,16.6650
11.5814,16,3,30,9.0000,10.9560,1.2173,1.9560,3.1416,3.2142,0.0726,2,16.6650
11.6064,4,0,30,9.0000,10.9496,1.2166,1.9496,0.0000,0.0723,0.0723,2,16.6650
11.6126,5,0,30,11.0000,13.3809,1.2164,2.3809,0.0000,0.0722,0.0722,2,16.6650
11.6189,6,0,30,8.0000,9.7301,1.2163,1.7301,0.0000,0.0721,0.0721,2,16.6650
11.6564,12,2,30,9.0000,10.9369,1.2152,1.9369,0.0000,0.0715,0.0715,2,16.6650
11.6813,16,3,30,9.0000,10.9306,1.2145,1.9306,3.1416,3.2127,0.0711,2,16.6650
11.7064,4,0,30,9.0000,10.9243,1.2138,1.9243,0.0000,0.0707,0.0707,2,16.6650
11.7126,5,0,30,11.0000,13.3500,1.2136,2.3500,0.0000,0.0706,0.0706,2,16.6650
11.7189,6,0,30,8.0000,9.7077,1.2135,1.7077,0.0000,0.0705,0.0705,2,16.6650
11.7564,12,2,30,9.0000,10.9117,1.2124,1.9117,0.0000,0.0698,0.0698,2,16.6650
11.7814,16,3,30,9.0000,10.9055,1.2117,1.9055,3.1416,3.2109,0.0693,2,16.6650
11.8064,4,0,30,9.0000,10.8993,1.2110,1.8993,0.0000,0.0688,0.0688,2,16.6650
11.8126,5,0,30,11.0000,13.3194,1.2109,2.3194,0.0000,0.0686,0.0686,2,16.6650
11.8189,6,0,30,8.0000,9.6855,1.2107,1.6855,0.0000,0.0685,0.0685,2,16.6650
11.8564,12,2,30,9.0000,10.8869,1.2097,1.8869,0.0000,0.0677,0.0677,2,16.6650
11.8814,16,3,30,9.0000,10.8807,1.2090,1.8807,3.1416,3.2087,0.0671,2,16.6650
11.9064,4,0,30,9.0000,10.8746,1.2083,1.8746,0.0000,0.0665,0.0665,2,16.6650
11.9126,5,0,30,11.0000,13.2893,1.2081,2.2893,0.0000,0.0664,0.0664,2,16.6650
11.9188,6,0,30,8.0000,9.6636,1.2079,1.6636,0.0000,0.0662,0.0662,2,16.6650
11.9564,12,2,30,9.0000,10.8623,1.2069,1.8623,0.0000,0.0653,0.0653,2,16.6650
11.9814,16,3,30,9.0000,10.8563,1.2063,1.8563,3.1416,3.2062,0.0646,2,16.6650
12.0064,4,0,30,9.0000,10.8502,1.2056,1.8502,0.0000,0.0639,0.0639,2,16.6650
12.0126,5,0,30,11.0000,13.2595,1.2054,2.2595,0.0000,0.0637,0.0637,2,16.6650
12.0189,6,0,30,8.0000,9.6419,1.2052,1.6419,0.0000,0.0636,0.0636,2,16.6650
12.0564,12,2,30,9.0000,10.8381,1.2042,1.8381,0.0000,0.0625,0.0625,2,16.6650
12.0814,16,3,30,9.0000,10.8322,1.2036,1.8322,3.1416,3.2034,0.0618,2,16.6650
