sim_time,rsu_id,real_vehicle_id,ghost_id,ghost_pos_x,ghost_pos_y,displacement_m,count_after,density_limit,exceeds_limit
7.0317,1,7,G1_V7_0,930.2500,570.0000,150.0000,1,4,0
7.0317,1,7,G1_V7_1,780.2500,720.0000,150.0000,2,4,0
7.0317,1,7,G1_V7_2,630.2500,570.0000,150.0000,3,4,0
7.0317,1,7,G1_V7_3,780.2500,420.0000,150.0000,4,4,0
7.0360,1,8,G1_V8_0,963.2813,590.0000,150.0000,1,4,0
7.0360,1,8,G1_V8_1,813.2813,740.0000,150.0000,2,4,0
7.0360,1,8,G1_V8_2,663.2813,590.0000,150.0000,3,4,0
7.0360,1,8,G1_V8_3,813.2813,440.0000,150.0000,4,4,0
7.0421,1,9,G1_V9_0,1007.4125,570.0000,150.0000,1,4,0
7.0421,1,9,G1_V9_1,857.4125,720.0000,150.0000,2,4,0
7.0421,1,9,G1_V9_2,707.4125,570.0000,150.0000,3,4,0
7.0421,1,9,G1_V9_3,857.4125,420.0000,150.0000,4,4,0
7.0485,1,10,G1_V10_0,996.3500,590.0000,150.0000,1,4,0
7.0485,1,10,G1_V10_1,846.3500,740.0000,150.0000,2,4,0
7.0485,1,10,G1_V10_2,696.3500,590.0000,150.0000,3,4,0
7.0485,1,10,G1_V10_3,846.3500,440.0000,150.0000,4,4,0
7.1251,1,7,G1_V7_0,931.2500,570.0000,150.0000,1,4,0
7.1251,1,7,G1_V7_1,781.2500,720.0000,150.0000,2,4,0
7.1251,1,7,G1_V7_2,631.2500,570.0000,150.0000,3,4,0
7.1251,1,7,G1_V7_3,781.2500,420.0000,150.0000,4,4,0
7.1313,1,8,G1_V8_0,964.1813,590.0000,150.0000,1,4,0
7.1313,1,8,G1_V8_1,814.1813,740.0000,150.0000,2,4,0
7.1313,1,8,G1_V8_2,664.1813,590.0000,150.0000,3,4,0
7.1313,1,8,G1_V8_3,814.1813,440.0000,150.0000,4,4,0
7.1376,1,9,G1_V9_0,1008.5125,570.0000,150.0000,1,4,0
7.1376,1,9,G1_V9_1,858.5125,720.0000,150.0000,2,4,0
7.1376,1,9,G1_V9_2,708.5125,570.0000,150.0000,3,4,0
7.1376,1,9,G1_V9_3,858.5125,420.0000,150.0000,4,4,0
7.1438,1,10,G1_V10_0,997.1500,590.0000,150.0000,1,4,0
7.1438,1,10,G1_V10_1,847.1500,740.0000,150.0000,2,4,0
7.1438,1,10,G1_V10_2,697.1500,590.0000,150.0000,3,4,0
7.1438,1,10,G1_V10_3,847.1500,440.0000,150.0000,4,4,0
7.2251,1,7,G1_V7_0,932.2500,570.0000,150.0000,1,4,0
7.2251,1,7,G1_V7_1,782.2500,720.0000,150.0000,2,4,0
7.2251,1,7,G1_V7_2,632.2500,570.0000,150.0000,3,4,0
7.2251,1,7,G1_V7_3,782.2500,420.0000,150.0000,4,4,0
7.2315,1,8,G1_V8_0,965.0813,590.0000,150.0000,1,4,0
7.2315,1,8,G1_V8_1,815.0813,740.0000,150.0000,2,4,0
7.2315,1,8,G1_V8_2,665.0813,590.0000,150.0000,3,4,0
7.2315,1,8,G1_V8_3,815.0813,440.0000,150.0000,4,4,0
7.2376,1,9,G1_V9_0,1009.6125,570.0000,150.0000,1,4,0
7.2376,1,9,G1_V9_1,859.6125,720.0000,150.0000,2,4,0
7.2376,1,9,G1_V9_2,709.6125,570.0000,150.0000,3,4,0
7.2376,1,9,G1_V9_3,859.6125,420.0000,150.0000,4,4,0
7.2438,1,10,G1_V10_0,997.9500,590.0000,150.0000,1,4,0
7.2438,1,10,G1_V10_1,847.9500,740.0000,150.0000,2,4,0
7.2438,1,10,G1_V10_2,697.9500,590.0000,150.0000,3,4,0
7.2438,1,10,G1_V10_3,847.9500,440.0000,150.0000,4,4,0
7.3251,1,7,G1_V7_0,933.2500,570.0000,150.0000,1,4,0
7.3251,1,7,G1_V7_1,783.2500,720.0000,150.0000,2,4,0
7.3251,1,7,G1_V7_2,633.2500,570.0000,150.0000,3,4,0
7.3251,1,7,G1_V7_3,783.2500,420.0000,150.0000,4,4,0
7.3313,1,8,G1_V8_0,965.9813,590.0000,150.0000,1,4,0
7.3313,1,8,G1_V8_1,815.9813,740.0000,150.0000,2,4,0
7.3313,1,8,G1_V8_2,665.9813,590.0000,150.0000,3,4,0
7.3313,1,8,G1_V8_3,815.9813,440.0000,150.0000,4,4,0
7.3376,1,9,G1_V9_0,1010.7125,570.0000,150.0000,1,4,0
7.3376,1,9,G1_V9_1,860.7125,720.0000,150.0000,2,4,0
7.3376,1,9,G1_V9_2,710.7125,570.0000,150.0000,3,4,0
7.3376,1,9,G1_V9_3,860.7125,420.0000,150.0000,4,4,0
7.3438,1,10,G1_V10_0,998.7500,590.0000,150.0000,1,4,0
7.3438,1,10,G1_V10_1,848.7500,740.0000,150.0000,2,4,0
7.3438,1,10,G1_V10_2,698.7500,590.0000,150.0000,3,4,0
7.3438,1,10,G1_V10_3,848.7500,440.0000,150.0000,4,4,0
7.4251,1,7,G1_V7_0,934.2500,570.0000,150.0000,1,4,0
7.4251,1,7,G1_V7_1,784.2500,720.0000,150.0000,2,4,0
7.4251,1,7,G1_V7_2,634.2500,570.0000,150.0000,3,4,0
7.4251,1,7,G1_V7_3,784.2500,420.0000,150.0000,4,4,0
7.4313,1,8,G1_V8_0,966.8813,590.0000,150.0000,1,4,0
7.4313,1,8,G1_V8_1,816.8813,740.0000,150.0000,2,4,0
7.4313,1,8,G1_V8_2,666.8813,590.0000,150.0000,3,4,0
7.4313,1,8,G1_V8_3,816.8813,440.0000,150.0000,4,4,0
7.4376,1,9,G1_V9_0,1011.8125,570.0000,150.0000,1,4,0
7.4376,1,9,G1_V9_1,861.8125,720.0000,150.0000,2,4,0
7.4376,1,9,G1_V9_2,711.8125,570.0000,150.0000,3,4,0
7.4376,1,9,G1_V9_3,861.8125,420.0000,150.0000,4,4,0
7.4439,1,10,G1_V10_0,999.5500,590.0000,150.0000,1,4,0
7.4439,1,10,G1_V10_1,849.5500,740.0000,150.0000,2,4,0
7.4439,1,10,G1_V10_2,699.5500,590.0000,150.0000,3,4,0
7.4439,1,10,G1_V10_3,849.5500,440.0000,150.0000,4,4,0
7.5251,1,7,G1_V7_0,935.2500,570.0000,150.0000,1,4,0
7.5251,1,7,G1_V7_1,785.2500,720.0000,150.0000,2,4,0
7.5251,1,7,G1_V7_2,635.2500,570.0000,150.0000,3,4,0
7.5251,1,7,G1_V7_3,785.2500,420.0000,150.0000,4,4,0
7.5313,1,8,G1_V8_0,967.7813,590.0000,150.0000,1,4,0
7.5313,1,8,G1_V8_1,817.7813,740.0000,150.0000,2,4,0
7.5313,1,8,G1_V8_2,667.7813,590.0000,150.0000,3,4,0
7.5313,1,8,G1_V8_3,817.7813,440.0000,150.0000,4,4,0
7.5376,1,9,G1_V9_0,1012.9125,570.0000,150.0000,1,4,0
7.5376,1,9,G1_V9_1,862.9125,720.0000,150.0000,2,4,0
7.5376,1,9,G1_V9_2,712.9125,570.0000,150.0000,3,4,0
7.5376,1,9,G1_V9_3,862.9125,420.0000,150.0000,4,4,0
7.5438,1,10,G1_V10_0,1000.3500,590.0000,150.0000,1,4,0
7.5438,1,10,G1_V10_1,850.3500,740.0000,150.0000,2,4,0
7.5438,1,10,G1_V10_2,700.3500,590.0000,150.0000,3,4,0
7.5438,1,10,G1_V10_3,850.3500,440.0000,150.0000,4,4,0
7.6251,1,7,G1_V7_0,936.2500,570.0000,150.0000,1,4,0
7.6251,1,7,G1_V7_1,786.2500,720.0000,150.0000,2,4,0
7.6251,1,7,G1_V7_2,636.2500,570.0000,150.0000,3,4,0
7.6251,1,7,G1_V7_3,786.2500,420.0000,150.0000,4,4,0
7.6313,1,8,G1_V8_0,968.6813,590.0000,150.0000,1,4,0
7.6313,1,8,G1_V8_1,818.6813,740.0000,150.0000,2,4,0
7.6313,1,8,G1_V8_2,668.6813,590.0000,150.0000,3,4,0
7.6313,1,8,G1_V8_3,818.6813,440.0000,150.0000,4,4,0
7.6376,1,9,G1_V9_0,1014.0125,570.0000,150.0000,1,4,0
7.6376,1,9,G1_V9_1,864.0125,720.0000,150.0000,2,4,0
7.6376,1,9,G1_V9_2,714.0125,570.0000,150.0000,3,4,0
7.6376,1,9,G1_V9_3,864.0125,420.0000,150.0000,4,4,0
7.6438,1,10,G1_V10_0,1001.1500,590.0000,150.0000,1,4,0
7.6438,1,10,G1_V10_1,851.1500,740.0000,150.0000,2,4,0
7.6438,1,10,G1_V10_2,701.1500,590.0000,150.0000,3,4,0
7.6438,1,10,G1_V10_3,851.1500,440.0000,150.0000,4,4,0
7.7251,1,7,G1_V7_0,937.2500,570.0000,150.0000,1,4,0
7.7251,1,7,G1_V7_1,787.2500,720.0000,150.0000,2,4,0
7.7251,1,7,G1_V7_2,637.2500,570.0000,150.0000,3,4,0
7.7251,1,7,G1_V7_3,787.2500,420.0000,150.0000,4,4,0
7.7313,1,8,G1_V8_0,969.5813,590.0000,150.0000,1,4,0
7.7313,1,8,G1_V8_1,819.5813,740.0000,150.0000,2,4,0
7.7313,1,8,G1_V8_2,669.5813,590.0000,150.0000,3,4,0
7.7313,1,8,G1_V8_3,819.5813,440.0000,150.0000,4,4,0
7.7376,1,9,G1_V9_0,1015.1125,570.0000,150.0000,1,4,0
7.7376,1,9,G1_V9_1,865.1125,720.0000,150.0000,2,4,0
7.7376,1,9,G1_V9_2,715.1125,570.0000,150.0000,3,4,0
7.7376,1,9,G1_V9_3,865.1125,420.0000,150.0000,4,4,0
7.7438,1,10,G1_V10_0,1001.9500,590.0000,150.0000,1,4,0
7.7438,1,10,G1_V10_1,851.9500,740.0000,150.0000,2,4,0
7.7438,1,10,G1_V10_2,701.9500,590.0000,150.0000,3,4,0
7.7438,1,10,G1_V10_3,851.9500,440.0000,150.0000,4,4,0
7.8251,1,7,G1_V7_0,938.2500,570.0000,150.0000,1,4,0
7.8251,1,7,G1_V7_1,788.2500,720.0000,150.0000,2,4,0
7.8251,1,7,G1_V7_2,638.2500,570.0000,150.0000,3,4,0
7.8251,1,7,G1_V7_3,788.2500,420.0000,150.0000,4,4,0
7.8313,1,8,G1_V8_0,970.4813,590.0000,150.0000,1,4,0
7.8313,1,8,G1_V8_1,820.4813,740.0000,150.0000,2,4,0
7.8313,1,8,G1_V8_2,670.4813,590.0000,150.0000,3,4,0
7.8313,1,8,G1_V8_3,820.4813,440.0000,150.0000,4,4,0
7.8376,1,9,G1_V9_0,1016.2125,570.0000,150.0000,1,4,0
7.8376,1,9,G1_V9_1,866.2125,720.0000,150.0000,2,4,0
7.8376,1,9,G1_V9_2,716.2125,570.0000,150.0000,3,4,0
7.8376,1,9,G1_V9_3,866.2125,420.0000,150.0000,4,4,0
7.8438,1,10,G1_V10_0,1002.7500,590.0000,150.0000,1,4,0
7.8438,1,10,G1_V10_1,852.7500,740.0000,150.0000,2,4,0
7.8438,1,10,G1_V10_2,702.7500,590.0000,150.0000,3,4,0
7.8438,1,10,G1_V10_3,852.7500,440.0000,150.0000,4,4,0
7.9251,1,7,G1_V7_0,939.2500,570.0000,150.0000,1,4,0
7.9251,1,7,G1_V7_1,789.2500,720.0000,150.0000,2,4,0
7.9251,1,7,G1_V7_2,639.2500,570.0000,150.0000,3,4,0
7.9251,1,7,G1_V7_3,789.2500,420.0000,150.0000,4,4,0
7.9313,1,8,G1_V8_0,971.3813,590.0000,150.0000,1,4,0
7.9313,1,8,G1_V8_1,821.3813,740.0000,150.0000,2,4,0
7.9313,1,8,G1_V8_2,671.3813,590.0000,150.0000,3,4,0
7.9313,1,8,G1_V8_3,821.3813,440.0000,150.0000,4,4,0
7.9376,1,9,G1_V9_0,1017.3125,570.0000,150.0000,1,4,0
7.9376,1,9,G1_V9_1,867.3125,720.0000,150.0000,2,4,0
7.9376,1,9,G1_V9_2,717.3125,570.0000,150.0000,3,4,0
7.9376,1,9,G1_V9_3,867.3125,420.0000,150.0000,4,4,0
7.9438,1,10,G1_V10_0,1003.5500,590.0000,150.0000,1,4,0
7.9438,1,10,G1_V10_1,853.5500,740.0000,150.0000,2,4,0
7.9438,1,10,G1_V10_2,703.5500,590.0000,150.0000,3,4,0
7.9438,1,10,G1_V10_3,853.5500,440.0000,150.0000,4,4,0
8.0251,1,7,G1_V7_0,940.2500,570.0000,150.0000,1,4,0
8.0251,1,7,G1_V7_1,790.2500,720.0000,150.0000,2,4,0
8.0251,1,7,G1_V7_2,640.2500,570.0000,150.0000,3,4,0
8.0251,1,7,G1_V7_3,790.2500,420.0000,150.0000,4,4,0
8.0313,1,8,G1_V8_0,972.2813,590.0000,150.0000,1,4,0
8.0313,1,8,G1_V8_1,822.2813,740.0000,150.0000,2,4,0
8.0313,1,8,G1_V8_2,672.2813,590.0000,150.0000,3,4,0
8.0313,1,8,G1_V8_3,822.2813,440.0000,150.0000,4,4,0
8.0376,1,9,G1_V9_0,1018.4125,570.0000,150.0000,1,4,0
8.0376,1,9,G1_V9_1,868.4125,720.0000,150.0000,2,4,0
8.0376,1,9,G1_V9_2,718.4125,570.0000,150.0000,3,4,0
8.0376,1,9,G1_V9_3,868.4125,420.0000,150.0000,4,4,0
8.0438,1,10,G1_V10_0,1004.3500,590.0000,150.0000,1,4,0
8.0438,1,10,G1_V10_1,854.3500,740.0000,150.0000,2,4,0
8.0438,1,10,G1_V10_2,704.3500,590.0000,150.0000,3,4,0
8.0438,1,10,G1_V10_3,854.3500,440.0000,150.0000,4,4,0
8.1251,1,7,G1_V7_0,941.2500,570.0000,150.0000,1,4,0
8.1251,1,7,G1_V7_1,791.2500,720.0000,150.0000,2,4,0
8.1251,1,7,G1_V7_2,641.2500,570.0000,150.0000,3,4,0
8.1251,1,7,G1_V7_3,791.2500,420.0000,150.0000,4,4,0
8.1314,1,8,G1_V8_0,973.1813,590.0000,150.0000,1,4,0
8.1314,1,8,G1_V8_1,823.1813,740.0000,150.0000,2,4,0
8.1314,1,8,G1_V8_2,673.1813,590.0000,150.0000,3,4,0
8.1314,1,8,G1_V8_3,823.1813,440.0000,150.0000,4,4,0
8.1376,1,9,G1_V9_0,1019.5125,570.0000,150.0000,1,4,0
8.1376,1,9,G1_V9_1,869.5125,720.0000,150.0000,2,4,0
8.1376,1,9,G1_V9_2,719.5125,570.0000,150.0000,3,4,0
8.1376,1,9,G1_V9_3,869.5125,420.0000,150.0000,4,4,0
8.1438,1,10,G1_V10_0,1005.1500,590.0000,150.0000,1,4,0
8.1438,1,10,G1_V10_1,855.1500,740.0000,150.0000,2,4,0
8.1438,1,10,G1_V10_2,705.1500,590.0000,150.0000,3,4,0
8.1438,1,10,G1_V10_3,855.1500,440.0000,150.0000,4,4,0
8.2251,1,7,G1_V7_0,942.2500,570.0000,150.0000,1,4,0
8.2251,1,7,G1_V7_1,792.2500,720.0000,150.0000,2,4,0
8.2251,1,7,G1_V7_2,642.2500,570.0000,150.0000,3,4,0
8.2251,1,7,G1_V7_3,792.2500,420.0000,150.0000,4,4,0
8.2313,1,8,G1_V8_0,974.0813,590.0000,150.0000,1,4,0
8.2313,1,8,G1_V8_1,824.0813,740.0000,150.0000,2,4,0
8.2313,1,8,G1_V8_2,674.0813,590.0000,150.0000,3,4,0
8.2313,1,8,G1_V8_3,824.0813,440.0000,150.0000,4,4,0
8.2376,1,9,G1_V9_0,1020.6125,570.0000,150.0000,1,4,0
8.2376,1,9,G1_V9_1,870.6125,720.0000,150.0000,2,4,0
8.2376,1,9,G1_V9_2,720.6125,570.0000,150.0000,3,4,0
8.2376,1,9,G1_V9_3,870.6125,420.0000,150.0000,4,4,0
8.2438,1,10,G1_V10_0,1005.9500,590.0000,150.0000,1,4,0
8.2438,1,10,G1_V10_1,855.9500,740.0000,150.0000,2,4,0
8.2438,1,10,G1_V10_2,705.9500,590.0000,150.0000,3,4,0
8.2438,1,10,G1_V10_3,855.9500,440.0000,150.0000,4,4,0
8.3251,1,7,G1_V7_0,943.2500,570.0000,150.0000,1,4,0
8.3251,1,7,G1_V7_1,793.2500,720.0000,150.0000,2,4,0
8.3251,1,7,G1_V7_2,643.2500,570.0000,150.0000,3,4,0
8.3251,1,7,G1_V7_3,793.2500,420.0000,150.0000,4,4,0
8.3313,1,8,G1_V8_0,974.9813,590.0000,150.0000,1,4,0
8.3313,1,8,G1_V8_1,824.9813,740.0000,150.0000,2,4,0
8.3313,1,8,G1_V8_2,674.9813,590.0000,150.0000,3,4,0
8.3313,1,8,G1_V8_3,824.9813,440.0000,150.0000,4,4,0
8.3376,1,9,G1_V9_0,1021.7125,570.0000,150.0000,1,4,0
8.3376,1,9,G1_V9_1,871.7125,720.0000,150.0000,2,4,0
8.3376,1,9,G1_V9_2,721.7125,570.0000,150.0000,3,4,0
8.3376,1,9,G1_V9_3,871.7125,420.0000,150.0000,4,4,0
8.3439,1,10,G1_V10_0,1006.7500,590.0000,150.0000,1,4,0
8.3439,1,10,G1_V10_1,856.7500,740.0000,150.0000,2,4,0
8.3439,1,10,G1_V10_2,706.7500,590.0000,150.0000,3,4,0
8.3439,1,10,G1_V10_3,856.7500,440.0000,150.0000,4,4,0
8.4251,1,7,G1_V7_0,944.2500,570.0000,150.0000,1,4,0
8.4251,1,7,G1_V7_1,794.2500,720.0000,150.0000,2,4,0
8.4251,1,7,G1_V7_2,644.2500,570.0000,150.0000,3,4,0
8.4251,1,7,G1_V7_3,794.2500,420.0000,150.0000,4,4,0
8.4313,1,8,G1_V8_0,975.8813,590.0000,150.0000,1,4,0
8.4313,1,8,G1_V8_1,825.8813,740.0000,150.0000,2,4,0
8.4313,1,8,G1_V8_2,675.8813,590.0000,150.0000,3,4,0
8.4313,1,8,G1_V8_3,825.8813,440.0000,150.0000,4,4,0
8.4376,1,9,G1_V9_0,1022.8125,570.0000,150.0000,1,4,0
8.4376,1,9,G1_V9_1,872.8125,720.0000,150.0000,2,4,0
8.4376,1,9,G1_V9_2,722.8125,570.0000,150.0000,3,4,0
8.4376,1,9,G1_V9_3,872.8125,420.0000,150.0000,4,4,0
8.4438,1,10,G1_V10_0,1007.5500,590.0000,150.0000,1,4,0
8.4438,1,10,G1_V10_1,857.5500,740.0000,150.0000,2,4,0
8.4438,1,10,G1_V10_2,707.5500,590.0000,150.0000,3,4,0
8.4438,1,10,G1_V10_3,857.5500,440.0000,150.0000,4,4,0
8.5251,1,7,G1_V7_0,945.2500,570.0000,150.0000,1,4,0
8.5251,1,7,G1_V7_1,795.2500,720.0000,150.0000,2,4,0
8.5251,1,7,G1_V7_2,645.2500,570.0000,150.0000,3,4,0
8.5251,1,7,G1_V7_3,795.2500,420.0000,150.0000,4,4,0
8.5313,1,8,G1_V8_0,976.7813,590.0000,150.0000,1,4,0
8.5313,1,8,G1_V8_1,826.7813,740.0000,150.0000,2,4,0
8.5313,1,8,G1_V8_2,676.7813,590.0000,150.0000,3,4,0
8.5313,1,8,G1_V8_3,826.7813,440.0000,150.0000,4,4,0
8.5376,1,9,G1_V9_0,1023.9125,570.0000,150.0000,1,4,0
8.5376,1,9,G1_V9_1,873.9125,720.0000,150.0000,2,4,0
8.5376,1,9,G1_V9_2,723.9125,570.0000,150.0000,3,4,0
8.5376,1,9,G1_V9_3,873.9125,420.0000,150.0000,4,4,0
8.5438,1,10,G1_V10_0,1008.3500,590.0000,150.0000,1,4,0
8.5438,1,10,G1_V10_1,858.3500,740.0000,150.0000,2,4,0
8.5438,1,10,G1_V10_2,708.3500,590.0000,150.0000,3,4,0
8.5438,1,10,G1_V10_3,858.3500,440.0000,150.0000,4,4,0
8.6251,1,7,G1_V7_0,946.2500,570.0000,150.0000,1,4,0
8.6251,1,7,G1_V7_1,796.2500,720.0000,150.0000,2,4,0
8.6251,1,7,G1_V7_2,646.2500,570.0000,150.0000,3,4,0
8.6251,1,7,G1_V7_3,796.2500,420.0000,150.0000,4,4,0
8.6314,1,8,G1_V8_0,977.6813,590.0000,150.0000,1,4,0
8.6314,1,8,G1_V8_1,827.6813,740.0000,150.0000,2,4,0
8.6314,1,8,G1_V8_2,677.6813,590.0000,150.0000,3,4,0
8.6314,1,8,G1_V8_3,827.6813,440.0000,150.0000,4,4,0
8.6376,1,9,G1_V9_0,1025.0125,570.0000,150.0000,1,4,0
8.6376,1,9,G1_V9_1,875.0125,720.0000,150.0000,2,4,0
8.6376,1,9,G1_V9_2,725.0125,570.0000,150.0000,3,4,0
8.6376,1,9,G1_V9_3,875.0125,420.0000,150.0000,4,4,0
8.6438,1,10,G1_V10_0,1009.1500,590.0000,150.0000,1,4,0
8.6438,1,10,G1_V10_1,859.1500,740.0000,150.0000,2,4,0
8.6438,1,10,G1_V10_2,709.1500,590.0000,150.0000,3,4,0
8.6438,1,10,G1_V10_3,859.1500,440.0000,150.0000,4,4,0
8.7251,1,7,G1_V7_0,947.2500,570.0000,150.0000,1,4,0
8.7251,1,7,G1_V7_1,797.2500,720.0000,150.0000,2,4,0
8.7251,1,7,G1_V7_2,647.2500,570.0000,150.0000,3,4,0
8.7251,1,7,G1_V7_3,797.2500,420.0000,150.0000,4,4,0
8.7313,1,8,G1_V8_0,978.5813,590.0000,150.0000,1,4,0
8.7313,1,8,G1_V8_1,828.5813,740.0000,150.0000,2,4,0
8.7313,1,8,G1_V8_2,678.5813,590.0000,150.0000,3,4,0
8.7313,1,8,G1_V8_3,828.5813,440.0000,150.0000,4,4,0
8.7376,1,9,G1_V9_0,1026.1125,570.0000,150.0000,1,4,0
8.7376,1,9,G1_V9_1,876.1125,720.0000,150.0000,2,4,0
8.7376,1,9,G1_V9_2,726.1125,570.0000,150.0000,3,4,0
8.7376,1,9,G1_V9_3,876.1125,420.0000,150.0000,4,4,0
8.7438,1,10,G1_V10_0,1009.9500,590.0000,150.0000,1,4,0
8.7438,1,10,G1_V10_1,859.9500,740.0000,150.0000,2,4,0
8.7438,1,10,G1_V10_2,709.9500,590.0000,150.0000,3,4,0
8.7438,1,10,G1_V10_3,859.9500,440.0000,150.0000,4,4,0
8.8251,1,7,G1_V7_0,948.2500,570.0000,150.0000,1,4,0
8.8251,1,7,G1_V7_1,798.2500,720.0000,150.0000,2,4,0
8.8251,1,7,G1_V7_2,648.2500,570.0000,150.0000,3,4,0
8.8251,1,7,G1_V7_3,798.2500,420.0000,150.0000,4,4,0
8.8314,1,8,G1_V8_0,979.4813,590.0000,150.0000,1,4,0
8.8314,1,8,G1_V8_1,829.4813,740.0000,150.0000,2,4,0
8.8314,1,8,G1_V8_2,679.4813,590.0000,150.0000,3,4,0
8.8314,1,8,G1_V8_3,829.4813,440.0000,150.0000,4,4,0
8.8376,1,9,G1_V9_0,1027.2125,570.0000,150.0000,1,4,0
8.8376,1,9,G1_V9_1,877.2125,720.0000,150.0000,2,4,0
8.8376,1,9,G1_V9_2,727.2125,570.0000,150.0000,3,4,0
8.8376,1,9,G1_V9_3,877.2125,420.0000,150.0000,4,4,0
8.8438,1,10,G1_V10_0,1010.7500,590.0000,150.0000,1,4,0
8.8438,1,10,G1_V10_1,860.7500,740.0000,150.0000,2,4,0
8.8438,1,10,G1_V10_2,710.7500,590.0000,150.0000,3,4,0
8.8438,1,10,G1_V10_3,860.7500,440.0000,150.0000,4,4,0
8.9251,1,7,G1_V7_0,949.2500,570.0000,150.0000,1,4,0
8.9251,1,7,G1_V7_1,799.2500,720.0000,150.0000,2,4,0
8.9251,1,7,G1_V7_2,649.2500,570.0000,150.0000,3,4,0
8.9251,1,7,G1_V7_3,799.2500,420.0000,150.0000,4,4,0
8.9313,1,8,G1_V8_0,980.3813,590.0000,150.0000,1,4,0
8.9313,1,8,G1_V8_1,830.3813,740.0000,150.0000,2,4,0
8.9313,1,8,G1_V8_2,680.3813,590.0000,150.0000,3,4,0
8.9313,1,8,G1_V8_3,830.3813,440.0000,150.0000,4,4,0
8.9376,1,9,G1_V9_0,1028.3125,570.0000,150.0000,1,4,0
8.9376,1,9,G1_V9_1,878.3125,720.0000,150.0000,2,4,0
8.9376,1,9,G1_V9_2,728.3125,570.0000,150.0000,3,4,0
8.9376,1,9,G1_V9_3,878.3125,420.0000,150.0000,4,4,0
8.9438,1,10,G1_V10_0,1011.5500,590.0000,150.0000,1,4,0
8.9438,1,10,G1_V10_1,861.5500,740.0000,150.0000,2,4,0
8.9438,1,10,G1_V10_2,711.5500,590.0000,150.0000,3,4,0
8.9438,1,10,G1_V10_3,861.5500,440.0000,150.0000,4,4,0
9.0251,1,7,G1_V7_0,950.2500,570.0000,150.0000,1,4,0
9.0251,1,7,G1_V7_1,800.2500,720.0000,150.0000,2,4,0
9.0251,1,7,G1_V7_2,650.2500,570.0000,150.0000,3,4,0
9.0251,1,7,G1_V7_3,800.2500,420.0000,150.0000,4,4,0
9.0314,1,8,G1_V8_0,981.2813,590.0000,150.0000,1,4,0
9.0314,1,8,G1_V8_1,831.2813,740.0000,150.0000,2,4,0
9.0314,1,8,G1_V8_2,681.2813,590.0000,150.0000,3,4,0
9.0314,1,8,G1_V8_3,831.2813,440.0000,150.0000,4,4,0
9.0376,1,9,G1_V9_0,1029.4125,570.0000,150.0000,1,4,0
9.0376,1,9,G1_V9_1,879.4125,720.0000,150.0000,2,4,0
9.0376,1,9,G1_V9_2,729.4125,570.0000,150.0000,3,4,0
9.0376,1,9,G1_V9_3,879.4125,420.0000,150.0000,4,4,0
9.0438,1,10,G1_V10_0,1012.3500,590.0000,150.0000,1,4,0
9.0438,1,10,G1_V10_1,862.3500,740.0000,150.0000,2,4,0
9.0438,1,10,G1_V10_2,712.3500,590.0000,150.0000,3,4,0
9.0438,1,10,G1_V10_3,862.3500,440.0000,150.0000,4,4,0
9.1251,1,7,G1_V7_0,951.2500,570.0000,150.0000,1,4,0
9.1251,1,7,G1_V7_1,801.2500,720.0000,150.0000,2,4,0
9.1251,1,7,G1_V7_2,651.2500,570.0000,150.0000,3,4,0
9.1251,1,7,G1_V7_3,801.2500,420.0000,150.0000,4,4,0
9.1313,1,8,G1_V8_0,982.1813,590.0000,150.0000,1,4,0
9.1313,1,8,G1_V8_1,832.1813,740.0000,150.0000,2,4,0
9.1313,1,8,G1_V8_2,682.1813,590.0000,150.0000,3,4,0
9.1313,1,8,G1_V8_3,832.1813,440.0000,150.0000,4,4,0
9.1376,1,9,G1_V9_0,1030.5125,570.0000,150.0000,1,4,0
9.1376,1,9,G1_V9_1,880.5125,720.0000,150.0000,2,4,0
9.1376,1,9,G1_V9_2,730.5125,570.0000,150.0000,3,4,0
9.1376,1,9,G1_V9_3,880.5125,420.0000,150.0000,4,4,0
9.1438,1,10,G1_V10_0,1013.1500,590.0000,150.0000,1,4,0
9.1438,1,10,G1_V10_1,863.1500,740.0000,150.0000,2,4,0
9.1438,1,10,G1_V10_2,713.1500,590.0000,150.0000,3,4,0
9.1438,1,10,G1_V10_3,863.1500,440.0000,150.0000,4,4,0
9.2251,1,7,G1_V7_0,952.2500,570.0000,150.0000,1,4,0
9.2251,1,7,G1_V7_1,802.2500,720.0000,150.0000,2,4,0
9.2251,1,7,G1_V7_2,652.2500,570.0000,150.0000,3,4,0
9.2251,1,7,G1_V7_3,802.2500,420.0000,150.0000,4,4,0
9.2313,1,8,G1_V8_0,983.0813,590.0000,150.0000,1,4,0
9.2313,1,8,G1_V8_1,833.0813,740.0000,150.0000,2,4,0
9.2313,1,8,G1_V8_2,683.0813,590.0000,150.0000,3,4,0
9.2313,1,8,G1_V8_3,833.0813,440.0000,150.0000,4,4,0
9.2376,1,9,G1_V9_0,1031.6125,570.0000,150.0000,1,4,0
9.2376,1,9,G1_V9_1,881.6125,720.0000,150.0000,2,4,0
9.2376,1,9,G1_V9_2,731.6125,570.0000,150.0000,3,4,0
9.2376,1,9,G1_V9_3,881.6125,420.0000,150.0000,4,4,0
9.2439,1,10,G1_V10_0,1013.9500,590.0000,150.0000,1,4,0
9.2439,1,10,G1_V10_1,863.9500,740.0000,150.0000,2,4,0
9.2439,1,10,G1_V10_2,713.9500,590.0000,150.0000,3,4,0
9.2439,1,10,G1_V10_3,863.9500,440.0000,150.0000,4,4,0
9.3251,1,7,G1_V7_0,953.2500,570.0000,150.0000,1,4,0
9.3251,1,7,G1_V7_1,803.2500,720.0000,150.0000,2,4,0
9.3251,1,7,G1_V7_2,653.2500,570.0000,150.0000,3,4,0
9.3251,1,7,G1_V7_3,803.2500,420.0000,150.0000,4,4,0
9.3313,1,8,G1_V8_0,983.9813,590.0000,150.0000,1,4,0
9.3313,1,8,G1_V8_1,833.9813,740.0000,150.0000,2,4,0
9.3313,1,8,G1_V8_2,683.9813,590.0000,150.0000,3,4,0
9.3313,1,8,G1_V8_3,833.9813,440.0000,150.0000,4,4,0
9.3376,1,9,G1_V9_0,1032.7125,570.0000,150.0000,1,4,0
9.3376,1,9,G1_V9_1,882.7125,720.0000,150.0000,2,4,0
9.3376,1,9,G1_V9_2,732.7125,570.0000,150.0000,3,4,0
9.3376,1,9,G1_V9_3,882.7125,420.0000,150.0000,4,4,0
9.3438,1,10,G1_V10_0,1014.7500,590.0000,150.0000,1,4,0
9.3438,1,10,G1_V10_1,864.7500,740.0000,150.0000,2,4,0
9.3438,1,10,G1_V10_2,714.7500,590.0000,150.0000,3,4,0
9.3438,1,10,G1_V10_3,864.7500,440.0000,150.0000,4,4,0
9.4251,1,7,G1_V7_0,954.2500,570.0000,150.0000,1,4,0
9.4251,1,7,G1_V7_1,804.2500,720.0000,150.0000,2,4,0
9.4251,1,7,G1_V7_2,654.2500,570.0000,150.0000,3,4,0
9.4251,1,7,G1_V7_3,804.2500,420.0000,150.0000,4,4,0
9.4313,1,8,G1_V8_0,984.8813,590.0000,150.0000,1,4,0
9.4313,1,8,G1_V8_1,834.8813,740.0000,150.0000,2,4,0
9.4313,1,8,G1_V8_2,684.8813,590.0000,150.0000,3,4,0
9.4313,1,8,G1_V8_3,834.8813,440.0000,150.0000,4,4,0
9.4376,1,9,G1_V9_0,1033.8125,570.0000,150.0000,1,4,0
9.4376,1,9,G1_V9_1,883.8125,720.0000,150.0000,2,4,0
9.4376,1,9,G1_V9_2,733.8125,570.0000,150.0000,3,4,0
9.4376,1,9,G1_V9_3,883.8125,420.0000,150.0000,4,4,0
9.4438,1,10,G1_V10_0,1015.5500,590.0000,150.0000,1,4,0
9.4438,1,10,G1_V10_1,865.5500,740.0000,150.0000,2,4,0
9.4438,1,10,G1_V10_2,715.5500,590.0000,150.0000,3,4,0
9.4438,1,10,G1_V10_3,865.5500,440.0000,150.0000,4,4,0
9.5251,1,7,G1_V7_0,955.2500,570.0000,150.0000,1,4,0
9.5251,1,7,G1_V7_1,805.2500,720.0000,150.0000,2,4,0
9.5251,1,7,G1_V7_2,655.2500,570.0000,150.0000,3,4,0
9.5251,1,7,G1_V7_3,805.2500,420.0000,150.0000,4,4,0
9.5313,1,8,G1_V8_0,985.7813,590.0000,150.0000,1,4,0
9.5313,1,8,G1_V8_1,835.7813,740.0000,150.0000,2,4,0
9.5313,1,8,G1_V8_2,685.7813,590.0000,150.0000,3,4,0
9.5313,1,8,G1_V8_3,835.7813,440.0000,150.0000,4,4,0
9.5376,1,9,G1_V9_0,1034.9125,570.0000,150.0000,1,4,0
9.5376,1,9,G1_V9_1,884.9125,720.0000,150.0000,2,4,0
9.5376,1,9,G1_V9_2,734.9125,570.0000,150.0000,3,4,0
9.5376,1,9,G1_V9_3,884.9125,420.0000,150.0000,4,4,0
9.5438,1,10,G1_V10_0,1016.3500,590.0000,150.0000,1,4,0
9.5438,1,10,G1_V10_1,866.3500,740.0000,150.0000,2,4,0
9.5438,1,10,G1_V10_2,716.3500,590.0000,150.0000,3,4,0
9.5438,1,10,G1_V10_3,866.3500,440.0000,150.0000,4,4,0
9.6251,1,7,G1_V7_0,956.2500,570.0000,150.0000,1,4,0
9.6251,1,7,G1_V7_1,806.2500,720.0000,150.0000,2,4,0
9.6251,1,7,G1_V7_2,656.2500,570.0000,150.0000,3,4,0
9.6251,1,7,G1_V7_3,806.2500,420.0000,150.0000,4,4,0
9.6313,1,8,G1_V8_0,986.6813,590.0000,150.0000,1,4,0
9.6313,1,8,G1_V8_1,836.6813,740.0000,150.0000,2,4,0
9.6313,1,8,G1_V8_2,686.6813,590.0000,150.0000,3,4,0
9.6313,1,8,G1_V8_3,836.6813,440.0000,150.0000,4,4,0
9.6376,1,9,G1_V9_0,1036.0125,570.0000,150.0000,1,4,0
9.6376,1,9,G1_V9_1,886.0125,720.0000,150.0000,2,4,0
9.6376,1,9,G1_V9_2,736.0125,570.0000,150.0000,3,4,0
9.6376,1,9,G1_V9_3,886.0125,420.0000,150.0000,4,4,0
9.6439,1,10,G1_V10_0,1017.1500,590.0000,150.0000,1,4,0
9.6439,1,10,G1_V10_1,867.1500,740.0000,150.0000,2,4,0
9.6439,1,10,G1_V10_2,717.1500,590.0000,150.0000,3,4,0
9.6439,1,10,G1_V10_3,867.1500,440.0000,150.0000,4,4,0
9.7251,1,7,G1_V7_0,957.2500,570.0000,150.0000,1,4,0
9.7251,1,7,G1_V7_1,807.2500,720.0000,150.0000,2,4,0
9.7251,1,7,G1_V7_2,657.2500,570.0000,150.0000,3,4,0
9.7251,1,7,G1_V7_3,807.2500,420.0000,150.0000,4,4,0
9.7313,1,8,G1_V8_0,987.5813,590.0000,150.0000,1,4,0
9.7313,1,8,G1_V8_1,837.5813,740.0000,150.0000,2,4,0
9.7313,1,8,G1_V8_2,687.5813,590.0000,150.0000,3,4,0
9.7313,1,8,G1_V8_3,837.5813,440.0000,150.0000,4,4,0
9.7376,1,9,G1_V9_0,1037.1125,570.0000,150.0000,1,4,0
9.7376,1,9,G1_V9_1,887.1125,720.0000,150.0000,2,4,0
9.7376,1,9,G1_V9_2,737.1125,570.0000,150.0000,3,4,0
9.7376,1,9,G1_V9_3,887.1125,420.0000,150.0000,4,4,0
9.7438,1,10,G1_V10_0,1017.9500,590.0000,150.0000,1,4,0
9.7438,1,10,G1_V10_1,867.9500,740.0000,150.0000,2,4,0
9.7438,1,10,G1_V10_2,717.9500,590.0000,150.0000,3,4,0
9.7438,1,10,G1_V10_3,867.9500,440.0000,150.0000,4,4,0
9.8251,1,7,G1_V7_0,958.2500,570.0000,150.0000,1,4,0
9.8251,1,7,G1_V7_1,808.2500,720.0000,150.0000,2,4,0
9.8251,1,7,G1_V7_2,658.2500,570.0000,150.0000,3,4,0
9.8251,1,7,G1_V7_3,808.2500,420.0000,150.0000,4,4,0
9.8313,1,8,G1_V8_0,988.4813,590.0000,150.0000,1,4,0
9.8313,1,8,G1_V8_1,838.4813,740.0000,150.0000,2,4,0
9.8313,1,8,G1_V8_2,688.4813,590.0000,150.0000,3,4,0
9.8313,1,8,G1_V8_3,838.4813,440.0000,150.0000,4,4,0
9.8376,1,9,G1_V9_0,1038.2125,570.0000,150.0000,1,4,0
9.8376,1,9,G1_V9_1,888.2125,720.0000,150.0000,2,4,0
9.8376,1,9,G1_V9_2,738.2125,570.0000,150.0000,3,4,0
9.8376,1,9,G1_V9_3,888.2125,420.0000,150.0000,4,4,0
9.8439,1,10,G1_V10_0,1018.7500,590.0000,150.0000,1,4,0
9.8439,1,10,G1_V10_1,868.7500,740.0000,150.0000,2,4,0
9.8439,1,10,G1_V10_2,718.7500,590.0000,150.0000,3,4,0
9.8439,1,10,G1_V10_3,868.7500,440.0000,150.0000,4,4,0
9.9251,1,7,G1_V7_0,959.2500,570.0000,150.0000,1,4,0
9.9251,1,7,G1_V7_1,809.2500,720.0000,150.0000,2,4,0
9.9251,1,7,G1_V7_2,659.2500,570.0000,150.0000,3,4,0
9.9251,1,7,G1_V7_3,809.2500,420.0000,150.0000,4,4,0
9.9313,1,8,G1_V8_0,989.3813,590.0000,150.0000,1,4,0
9.9313,1,8,G1_V8_1,839.3813,740.0000,150.0000,2,4,0
9.9313,1,8,G1_V8_2,689.3813,590.0000,150.0000,3,4,0
9.9313,1,8,G1_V8_3,839.3813,440.0000,150.0000,4,4,0
9.9376,1,9,G1_V9_0,1039.3125,570.0000,150.0000,1,4,0
9.9376,1,9,G1_V9_1,889.3125,720.0000,150.0000,2,4,0
9.9376,1,9,G1_V9_2,739.3125,570.0000,150.0000,3,4,0
9.9376,1,9,G1_V9_3,889.3125,420.0000,150.0000,4,4,0
9.9438,1,10,G1_V10_0,1019.5500,590.0000,150.0000,1,4,0
9.9438,1,10,G1_V10_1,869.5500,740.0000,150.0000,2,4,0
9.9438,1,10,G1_V10_2,719.5500,590.0000,150.0000,3,4,0
9.9438,1,10,G1_V10_3,869.5500,440.0000,150.0000,4,4,0
10.0251,1,7,G1_V7_0,960.2500,570.0000,150.0000,1,4,0
10.0251,1,7,G1_V7_1,810.2500,720.0000,150.0000,2,4,0
10.0251,1,7,G1_V7_2,660.2500,570.0000,150.0000,3,4,0
10.0251,1,7,G1_V7_3,810.2500,420.0000,150.0000,4,4,0
10.0313,1,8,G1_V8_0,990.2813,590.0000,150.0000,1,4,0
10.0313,1,8,G1_V8_1,840.2813,740.0000,150.0000,2,4,0
10.0313,1,8,G1_V8_2,690.2813,590.0000,150.0000,3,4,0
10.0313,1,8,G1_V8_3,840.2813,440.0000,150.0000,4,4,0
10.0376,1,9,G1_V9_0,1040.4125,570.0000,150.0000,1,4,0
10.0376,1,9,G1_V9_1,890.4125,720.0000,150.0000,2,4,0
10.0376,1,9,G1_V9_2,740.4125,570.0000,150.0000,3,4,0
10.0376,1,9,G1_V9_3,890.4125,420.0000,150.0000,4,4,0
10.0439,1,10,G1_V10_0,1020.3500,590.0000,150.0000,1,4,0
10.0439,1,10,G1_V10_1,870.3500,740.0000,150.0000,2,4,0
10.0439,1,10,G1_V10_2,720.3500,590.0000,150.0000,3,4,0
10.0439,1,10,G1_V10_3,870.3500,440.0000,150.0000,4,4,0
10.1251,1,7,G1_V7_0,961.2500,570.0000,150.0000,1,4,0
10.1251,1,7,G1_V7_1,811.2500,720.0000,150.0000,2,4,0
10.1251,1,7,G1_V7_2,661.2500,570.0000,150.0000,3,4,0
10.1251,1,7,G1_V7_3,811.2500,420.0000,150.0000,4,4,0
10.1313,1,8,G1_V8_0,991.1813,590.0000,150.0000,1,4,0
10.1313,1,8,G1_V8_1,841.1813,740.0000,150.0000,2,4,0
10.1313,1,8,G1_V8_2,691.1813,590.0000,150.0000,3,4,0
10.1313,1,8,G1_V8_3,841.1813,440.0000,150.0000,4,4,0
10.1376,1,9,G1_V9_0,1041.5125,570.0000,150.0000,1,4,0
10.1376,1,9,G1_V9_1,891.5125,720.0000,150.0000,2,4,0
10.1376,1,9,G1_V9_2,741.5125,570.0000,150.0000,3,4,0
10.1376,1,9,G1_V9_3,891.5125,420.0000,150.0000,4,4,0
10.1438,1,10,G1_V10_0,1021.1500,590.0000,150.0000,1,4,0
10.1438,1,10,G1_V10_1,871.1500,740.0000,150.0000,2,4,0
10.1438,1,10,G1_V10_2,721.1500,590.0000,150.0000,3,4,0
10.1438,1,10,G1_V10_3,871.1500,440.0000,150.0000,4,4,0
10.2251,1,7,G1_V7_0,962.2500,570.0000,150.0000,1,4,0
10.2251,1,7,G1_V7_1,812.2500,720.0000,150.0000,2,4,0
10.2251,1,7,G1_V7_2,662.2500,570.0000,150.0000,3,4,0
10.2251,1,7,G1_V7_3,812.2500,420.0000,150.0000,4,4,0
10.2317,1,8,G1_V8_0,992.0813,590.0000,150.0000,1,4,0
10.2317,1,8,G1_V8_1,842.0813,740.0000,150.0000,2,4,0
10.2317,1,8,G1_V8_2,692.0813,590.0000,150.0000,3,4,0
10.2317,1,8,G1_V8_3,842.0813,440.0000,150.0000,4,4,0
10.2376,1,9,G1_V9_0,1042.6125,570.0000,150.0000,1,4,0
10.2376,1,9,G1_V9_1,892.6125,720.0000,150.0000,2,4,0
10.2376,1,9,G1_V9_2,742.6125,570.0000,150.0000,3,4,0
10.2376,1,9,G1_V9_3,892.6125,420.0000,150.0000,4,4,0
10.2438,1,10,G1_V10_0,1021.9500,590.0000,150.0000,1,4,0
10.2438,1,10,G1_V10_1,871.9500,740.0000,150.0000,2,4,0
10.2438,1,10,G1_V10_2,721.9500,590.0000,150.0000,3,4,0
10.2438,1,10,G1_V10_3,871.9500,440.0000,150.0000,4,4,0
10.3251,1,7,G1_V7_0,963.2500,570.0000,150.0000,1,4,0
10.3251,1,7,G1_V7_1,813.2500,720.0000,150.0000,2,4,0
10.3251,1,7,G1_V7_2,663.2500,570.0000,150.0000,3,4,0
10.3251,1,7,G1_V7_3,813.2500,420.0000,150.0000,4,4,0
10.3313,1,8,G1_V8_0,992.9813,590.0000,150.0000,1,4,0
10.3313,1,8,G1_V8_1,842.9813,740.0000,150.0000,2,4,0
10.3313,1,8,G1_V8_2,692.9813,590.0000,150.0000,3,4,0
10.3313,1,8,G1_V8_3,842.9813,440.0000,150.0000,4,4,0
10.3376,1,9,G1_V9_0,1043.7125,570.0000,150.0000,1,4,0
10.3376,1,9,G1_V9_1,893.7125,720.0000,150.0000,2,4,0
10.3376,1,9,G1_V9_2,743.7125,570.0000,150.0000,3,4,0
10.3376,1,9,G1_V9_3,893.7125,420.0000,150.0000,4,4,0
10.3438,1,10,G1_V10_0,1022.7500,590.0000,150.0000,1,4,0
10.3438,1,10,G1_V10_1,872.7500,740.0000,150.0000,2,4,0
10.3438,1,10,G1_V10_2,722.7500,590.0000,150.0000,3,4,0
10.3438,1,10,G1_V10_3,872.7500,440.0000,150.0000,4,4,0
10.4251,1,7,G1_V7_0,964.2500,570.0000,150.0000,1,4,0
10.4251,1,7,G1_V7_1,814.2500,720.0000,150.0000,2,4,0
10.4251,1,7,G1_V7_2,664.2500,570.0000,150.0000,3,4,0
10.4251,1,7,G1_V7_3,814.2500,420.0000,150.0000,4,4,0
10.4313,1,8,G1_V8_0,993.8813,590.0000,150.0000,1,4,0
10.4313,1,8,G1_V8_1,843.8813,740.0000,150.0000,2,4,0
10.4313,1,8,G1_V8_2,693.8813,590.0000,150.0000,3,4,0
10.4313,1,8,G1_V8_3,843.8813,440.0000,150.0000,4,4,0
10.4376,1,9,G1_V9_0,1044.8125,570.0000,150.0000,1,4,0
10.4376,1,9,G1_V9_1,894.8125,720.0000,150.0000,2,4,0
10.4376,1,9,G1_V9_2,744.8125,570.0000,150.0000,3,4,0
10.4376,1,9,G1_V9_3,894.8125,420.0000,150.0000,4,4,0
10.4438,1,10,G1_V10_0,1023.5500,590.0000,150.0000,1,4,0
10.4438,1,10,G1_V10_1,873.5500,740.0000,150.0000,2,4,0
10.4438,1,10,G1_V10_2,723.5500,590.0000,150.0000,3,4,0
10.4438,1,10,G1_V10_3,873.5500,440.0000,150.0000,4,4,0
10.5251,1,7,G1_V7_0,965.2500,570.0000,150.0000,1,4,0
10.5251,1,7,G1_V7_1,815.2500,720.0000,150.0000,2,4,0
10.5251,1,7,G1_V7_2,665.2500,570.0000,150.0000,3,4,0
10.5251,1,7,G1_V7_3,815.2500,420.0000,150.0000,4,4,0
10.5313,1,8,G1_V8_0,994.7813,590.0000,150.0000,1,4,0
10.5313,1,8,G1_V8_1,844.7813,740.0000,150.0000,2,4,0
10.5313,1,8,G1_V8_2,694.7813,590.0000,150.0000,3,4,0
10.5313,1,8,G1_V8_3,844.7813,440.0000,150.0000,4,4,0
10.5376,1,9,G1_V9_0,1045.9125,570.0000,150.0000,1,4,0
10.5376,1,9,G1_V9_1,895.9125,720.0000,150.0000,2,4,0
10.5376,1,9,G1_V9_2,745.9125,570.0000,150.0000,3,4,0
10.5376,1,9,G1_V9_3,895.9125,420.0000,150.0000,4,4,0
10.5438,1,10,G1_V10_0,1024.3500,590.0000,150.0000,1,4,0
10.5438,1,10,G1_V10_1,874.3500,740.0000,150.0000,2,4,0
10.5438,1,10,G1_V10_2,724.3500,590.0000,150.0000,3,4,0
10.5438,1,10,G1_V10_3,874.3500,440.0000,150.0000,4,4,0
10.6251,1,7,G1_V7_0,966.2500,570.0000,150.0000,1,4,0
10.6251,1,7,G1_V7_1,816.2500,720.0000,150.0000,2,4,0
10.6251,1,7,G1_V7_2,666.2500,570.0000,150.0000,3,4,0
10.6251,1,7,G1_V7_3,816.2500,420.0000,150.0000,4,4,0
10.6313,1,8,G1_V8_0,995.6813,590.0000,150.0000,1,4,0
10.6313,1,8,G1_V8_1,845.6813,740.0000,150.0000,2,4,0
10.6313,1,8,G1_V8_2,695.6813,590.0000,150.0000,3,4,0
10.6313,1,8,G1_V8_3,845.6813,440.0000,150.0000,4,4,0
10.6376,1,9,G1_V9_0,1047.0125,570.0000,150.0000,1,4,0
10.6376,1,9,G1_V9_1,897.0125,720.0000,150.0000,2,4,0
10.6376,1,9,G1_V9_2,747.0125,570.0000,150.0000,3,4,0
10.6376,1,9,G1_V9_3,897.0125,420.0000,150.0000,4,4,0
10.6438,1,10,G1_V10_0,1025.1500,590.0000,150.0000,1,4,0
10.6438,1,10,G1_V10_1,875.1500,740.0000,150.0000,2,4,0
10.6438,1,10,G1_V10_2,725.1500,590.0000,150.0000,3,4,0
10.6438,1,10,G1_V10_3,875.1500,440.0000,150.0000,4,4,0
10.7251,1,7,G1_V7_0,967.2500,570.0000,150.0000,1,4,0
10.7251,1,7,G1_V7_1,817.2500,720.0000,150.0000,2,4,0
10.7251,1,7,G1_V7_2,667.2500,570.0000,150.0000,3,4,0
10.7251,1,7,G1_V7_3,817.2500,420.0000,150.0000,4,4,0
10.7313,1,8,G1_V8_0,996.5813,590.0000,150.0000,1,4,0
10.7313,1,8,G1_V8_1,846.5813,740.0000,150.0000,2,4,0
10.7313,1,8,G1_V8_2,696.5813,590.0000,150.0000,3,4,0
10.7313,1,8,G1_V8_3,846.5813,440.0000,150.0000,4,4,0
10.7376,1,9,G1_V9_0,1048.1125,570.0000,150.0000,1,4,0
10.7376,1,9,G1_V9_1,898.1125,720.0000,150.0000,2,4,0
10.7376,1,9,G1_V9_2,748.1125,570.0000,150.0000,3,4,0
10.7376,1,9,G1_V9_3,898.1125,420.0000,150.0000,4,4,0
10.7438,1,10,G1_V10_0,1025.9500,590.0000,150.0000,1,4,0
10.7438,1,10,G1_V10_1,875.9500,740.0000,150.0000,2,4,0
10.7438,1,10,G1_V10_2,725.9500,590.0000,150.0000,3,4,0
10.7438,1,10,G1_V10_3,875.9500,440.0000,150.0000,4,4,0
10.8251,1,7,G1_V7_0,968.2500,570.0000,150.0000,1,4,0
10.8251,1,7,G1_V7_1,818.2500,720.0000,150.0000,2,4,0
10.8251,1,7,G1_V7_2,668.2500,570.0000,150.0000,3,4,0
10.8251,1,7,G1_V7_3,818.2500,420.0000,150.0000,4,4,0
10.8313,1,8,G1_V8_0,997.4813,590.0000,150.0000,1,4,0
10.8313,1,8,G1_V8_1,847.4813,740.0000,150.0000,2,4,0
10.8313,1,8,G1_V8_2,697.4813,590.0000,150.0000,3,4,0
10.8313,1,8,G1_V8_3,847.4813,440.0000,150.0000,4,4,0
10.8376,1,9,G1_V9_0,1049.2125,570.0000,150.0000,1,4,0
10.8376,1,9,G1_V9_1,899.2125,720.0000,150.0000,2,4,0
10.8376,1,9,G1_V9_2,749.2125,570.0000,150.0000,3,4,0
10.8376,1,9,G1_V9_3,899.2125,420.0000,150.0000,4,4,0
10.8438,1,10,G1_V10_0,1026.7500,590.0000,150.0000,1,4,0
10.8438,1,10,G1_V10_1,876.7500,740.0000,150.0000,2,4,0
10.8438,1,10,G1_V10_2,726.7500,590.0000,150.0000,3,4,0
10.8438,1,10,G1_V10_3,876.7500,440.0000,150.0000,4,4,0
10.9251,1,7,G1_V7_0,969.2500,570.0000,150.0000,1,4,0
10.9251,1,7,G1_V7_1,819.2500,720.0000,150.0000,2,4,0
10.9251,1,7,G1_V7_2,669.2500,570.0000,150.0000,3,4,0
10.9251,1,7,G1_V7_3,819.2500,420.0000,150.0000,4,4,0
10.9314,1,8,G1_V8_0,998.3813,590.0000,150.0000,1,4,0
10.9314,1,8,G1_V8_1,848.3813,740.0000,150.0000,2,4,0
10.9314,1,8,G1_V8_2,698.3813,590.0000,150.0000,3,4,0
10.9314,1,8,G1_V8_3,848.3813,440.0000,150.0000,4,4,0
10.9376,1,9,G1_V9_0,1050.3125,570.0000,150.0000,1,4,0
10.9376,1,9,G1_V9_1,900.3125,720.0000,150.0000,2,4,0
10.9376,1,9,G1_V9_2,750.3125,570.0000,150.0000,3,4,0
10.9376,1,9,G1_V9_3,900.3125,420.0000,150.0000,4,4,0
10.9438,1,10,G1_V10_0,1027.5500,590.0000,150.0000,1,4,0
10.9438,1,10,G1_V10_1,877.5500,740.0000,150.0000,2,4,0
10.9438,1,10,G1_V10_2,727.5500,590.0000,150.0000,3,4,0
10.9438,1,10,G1_V10_3,877.5500,440.0000,150.0000,4,4,0
11.0251,1,7,G1_V7_0,970.2500,570.0000,150.0000,1,4,0
11.0251,1,7,G1_V7_1,820.2500,720.0000,150.0000,2,4,0
11.0251,1,7,G1_V7_2,670.2500,570.0000,150.0000,3,4,0
11.0251,1,7,G1_V7_3,820.2500,420.0000,150.0000,4,4,0
11.0313,1,8,G1_V8_0,999.2813,590.0000,150.0000,1,4,0
11.0313,1,8,G1_V8_1,849.2813,740.0000,150.0000,2,4,0
11.0313,1,8,G1_V8_2,699.2813,590.0000,150.0000,3,4,0
11.0313,1,8,G1_V8_3,849.2813,440.0000,150.0000,4,4,0
11.0376,1,9,G1_V9_0,1051.4125,570.0000,150.0000,1,4,0
11.0376,1,9,G1_V9_1,901.4125,720.0000,150.0000,2,4,0
11.0376,1,9,G1_V9_2,751.4125,570.0000,150.0000,3,4,0
11.0376,1,9,G1_V9_3,901.4125,420.0000,150.0000,4,4,0
11.0439,1,10,G1_V10_0,1028.3500,590.0000,150.0000,1,4,0
11.0439,1,10,G1_V10_1,878.3500,740.0000,150.0000,2,4,0
11.0439,1,10,G1_V10_2,728.3500,590.0000,150.0000,3,4,0
11.0439,1,10,G1_V10_3,878.3500,440.0000,150.0000,4,4,0
11.1251,1,7,G1_V7_0,971.2500,570.0000,150.0000,1,4,0
11.1251,1,7,G1_V7_1,821.2500,720.0000,150.0000,2,4,0
11.1251,1,7,G1_V7_2,671.2500,570.0000,150.0000,3,4,0
11.1251,1,7,G1_V7_3,821.2500,420.0000,150.0000,4,4,0
11.1313,1,8,G1_V8_0,1000.1813,590.0000,150.0000,1,4,0
11.1313,1,8,G1_V8_1,850.1813,740.0000,150.0000,2,4,0
11.1313,1,8,G1_V8_2,700.1813,590.0000,150.0000,3,4,0
11.1313,1,8,G1_V8_3,850.1813,440.0000,150.0000,4,4,0
11.1376,1,9,G1_V9_0,1052.5125,570.0000,150.0000,1,4,0
11.1376,1,9,G1_V9_1,902.5125,720.0000,150.0000,2,4,0
11.1376,1,9,G1_V9_2,752.5125,570.0000,150.0000,3,4,0
11.1376,1,9,G1_V9_3,902.5125,420.0000,150.0000,4,4,0
11.1438,1,10,G1_V10_0,1029.1500,590.0000,150.0000,1,4,0
11.1438,1,10,G1_V10_1,879.1500,740.0000,150.0000,2,4,0
11.1438,1,10,G1_V10_2,729.1500,590.0000,150.0000,3,4,0
11.1438,1,10,G1_V10_3,879.1500,440.0000,150.0000,4,4,0
11.2251,1,7,G1_V7_0,972.2500,570.0000,150.0000,1,4,0
11.2251,1,7,G1_V7_1,822.2500,720.0000,150.0000,2,4,0
11.2251,1,7,G1_V7_2,672.2500,570.0000,150.0000,3,4,0
11.2251,1,7,G1_V7_3,822.2500,420.0000,150.0000,4,4,0
11.2313,1,8,G1_V8_0,1001.0813,590.0000,150.0000,1,4,0
11.2313,1,8,G1_V8_1,851.0813,740.0000,150.0000,2,4,0
11.2313,1,8,G1_V8_2,701.0813,590.0000,150.0000,3,4,0
11.2313,1,8,G1_V8_3,851.0813,440.0000,150.0000,4,4,0
11.2376,1,9,G1_V9_0,1053.6125,570.0000,150.0000,1,4,0
11.2376,1,9,G1_V9_1,903.6125,720.0000,150.0000,2,4,0
11.2376,1,9,G1_V9_2,753.6125,570.0000,150.0000,3,4,0
11.2376,1,9,G1_V9_3,903.6125,420.0000,150.0000,4,4,0
11.2438,1,10,G1_V10_0,1029.9500,590.0000,150.0000,1,4,0
11.2438,1,10,G1_V10_1,879.9500,740.0000,150.0000,2,4,0
11.2438,1,10,G1_V10_2,729.9500,590.0000,150.0000,3,4,0
11.2438,1,10,G1_V10_3,879.9500,440.0000,150.0000,4,4,0
11.3251,1,7,G1_V7_0,973.2500,570.0000,150.0000,1,4,0
11.3251,1,7,G1_V7_1,823.2500,720.0000,150.0000,2,4,0
11.3251,1,7,G1_V7_2,673.2500,570.0000,150.0000,3,4,0
11.3251,1,7,G1_V7_3,823.2500,420.0000,150.0000,4,4,0
11.3313,1,8,G1_V8_0,1001.9813,590.0000,150.0000,1,4,0
11.3313,1,8,G1_V8_1,851.9813,740.0000,150.0000,2,4,0
11.3313,1,8,G1_V8_2,701.9813,590.0000,150.0000,3,4,0
11.3313,1,8,G1_V8_3,851.9813,440.0000,150.0000,4,4,0
11.3376,1,9,G1_V9_0,1054.7125,570.0000,150.0000,1,4,0
11.3376,1,9,G1_V9_1,904.7125,720.0000,150.0000,2,4,0
11.3376,1,9,G1_V9_2,754.7125,570.0000,150.0000,3,4,0
11.3376,1,9,G1_V9_3,904.7125,420.0000,150.0000,4,4,0
11.3438,1,10,G1_V10_0,1030.7500,590.0000,150.0000,1,4,0
11.3438,1,10,G1_V10_1,880.7500,740.0000,150.0000,2,4,0
11.3438,1,10,G1_V10_2,730.7500,590.0000,150.0000,3,4,0
11.3438,1,10,G1_V10_3,880.7500,440.0000,150.0000,4,4,0
11.4251,1,7,G1_V7_0,974.2500,570.0000,150.0000,1,4,0
11.4251,1,7,G1_V7_1,824.2500,720.0000,150.0000,2,4,0
11.4251,1,7,G1_V7_2,674.2500,570.0000,150.0000,3,4,0
11.4251,1,7,G1_V7_3,824.2500,420.0000,150.0000,4,4,0
11.4313,1,8,G1_V8_0,1002.8813,590.0000,150.0000,1,4,0
11.4313,1,8,G1_V8_1,852.8813,740.0000,150.0000,2,4,0
11.4313,1,8,G1_V8_2,702.8813,590.0000,150.0000,3,4,0
11.4313,1,8,G1_V8_3,852.8813,440.0000,150.0000,4,4,0
11.4376,1,9,G1_V9_0,1055.8125,570.0000,150.0000,1,4,0
11.4376,1,9,G1_V9_1,905.8125,720.0000,150.0000,2,4,0
11.4376,1,9,G1_V9_2,755.8125,570.0000,150.0000,3,4,0
11.4376,1,9,G1_V9_3,905.8125,420.0000,150.0000,4,4,0
11.4438,1,10,G1_V10_0,1031.5500,590.0000,150.0000,1,4,0
11.4438,1,10,G1_V10_1,881.5500,740.0000,150.0000,2,4,0
11.4438,1,10,G1_V10_2,731.5500,590.0000,150.0000,3,4,0
11.4438,1,10,G1_V10_3,881.5500,440.0000,150.0000,4,4,0
11.5251,1,7,G1_V7_0,975.2500,570.0000,150.0000,1,4,0
11.5251,1,7,G1_V7_1,825.2500,720.0000,150.0000,2,4,0
11.5251,1,7,G1_V7_2,675.2500,570.0000,150.0000,3,4,0
11.5251,1,7,G1_V7_3,825.2500,420.0000,150.0000,4,4,0
11.5313,1,8,G1_V8_0,1003.7813,590.0000,150.0000,1,4,0
11.5313,1,8,G1_V8_1,853.7813,740.0000,150.0000,2,4,0
11.5313,1,8,G1_V8_2,703.7813,590.0000,150.0000,3,4,0
11.5313,1,8,G1_V8_3,853.7813,440.0000,150.0000,4,4,0
11.5376,1,9,G1_V9_0,1056.9125,570.0000,150.0000,1,4,0
11.5376,1,9,G1_V9_1,906.9125,720.0000,150.0000,2,4,0
11.5376,1,9,G1_V9_2,756.9125,570.0000,150.0000,3,4,0
11.5376,1,9,G1_V9_3,906.9125,420.0000,150.0000,4,4,0
11.5438,1,10,G1_V10_0,1032.3500,590.0000,150.0000,1,4,0
11.5438,1,10,G1_V10_1,882.3500,740.0000,150.0000,2,4,0
11.5438,1,10,G1_V10_2,732.3500,590.0000,150.0000,3,4,0
11.5438,1,10,G1_V10_3,882.3500,440.0000,150.0000,4,4,0
11.6251,1,7,G1_V7_0,976.2500,570.0000,150.0000,1,4,0
11.6251,1,7,G1_V7_1,826.2500,720.0000,150.0000,2,4,0
11.6251,1,7,G1_V7_2,676.2500,570.0000,150.0000,3,4,0
11.6251,1,7,G1_V7_3,826.2500,420.0000,150.0000,4,4,0
11.6313,1,8,G1_V8_0,1004.6813,590.0000,150.0000,1,4,0
11.6313,1,8,G1_V8_1,854.6813,740.0000,150.0000,2,4,0
11.6313,1,8,G1_V8_2,704.6813,590.0000,150.0000,3,4,0
11.6313,1,8,G1_V8_3,854.6813,440.0000,150.0000,4,4,0
11.6376,1,9,G1_V9_0,1058.0125,570.0000,150.0000,1,4,0
11.6376,1,9,G1_V9_1,908.0125,720.0000,150.0000,2,4,0
11.6376,1,9,G1_V9_2,758.0125,570.0000,150.0000,3,4,0
11.6376,1,9,G1_V9_3,908.0125,420.0000,150.0000,4,4,0
11.6438,1,10,G1_V10_0,1033.1500,590.0000,150.0000,1,4,0
11.6438,1,10,G1_V10_1,883.1500,740.0000,150.0000,2,4,0
11.6438,1,10,G1_V10_2,733.1500,590.0000,150.0000,3,4,0
11.6438,1,10,G1_V10_3,883.1500,440.0000,150.0000,4,4,0
11.7251,1,7,G1_V7_0,977.2500,570.0000,150.0000,1,4,0
11.7251,1,7,G1_V7_1,827.2500,720.0000,150.0000,2,4,0
11.7251,1,7,G1_V7_2,677.2500,570.0000,150.0000,3,4,0
11.7251,1,7,G1_V7_3,827.2500,420.0000,150.0000,4,4,0
11.7313,1,8,G1_V8_0,1005.5813,590.0000,150.0000,1,4,0
11.7313,1,8,G1_V8_1,855.5813,740.0000,150.0000,2,4,0
11.7313,1,8,G1_V8_2,705.5813,590.0000,150.0000,3,4,0
11.7313,1,8,G1_V8_3,855.5813,440.0000,150.0000,4,4,0
11.7376,1,9,G1_V9_0,1059.1125,570.0000,150.0000,1,4,0
11.7376,1,9,G1_V9_1,909.1125,720.0000,150.0000,2,4,0
11.7376,1,9,G1_V9_2,759.1125,570.0000,150.0000,3,4,0
11.7376,1,9,G1_V9_3,909.1125,420.0000,150.0000,4,4,0
11.7438,1,10,G1_V10_0,1033.9500,590.0000,150.0000,1,4,0
11.7438,1,10,G1_V10_1,883.9500,740.0000,150.0000,2,4,0
11.7438,1,10,G1_V10_2,733.9500,590.0000,150.0000,3,4,0
11.7438,1,10,G1_V10_3,883.9500,440.0000,150.0000,4,4,0
11.8251,1,7,G1_V7_0,978.2500,570.0000,150.0000,1,4,0
11.8251,1,7,G1_V7_1,828.2500,720.0000,150.0000,2,4,0
11.8251,1,7,G1_V7_2,678.2500,570.0000,150.0000,3,4,0
11.8251,1,7,G1_V7_3,828.2500,420.0000,150.0000,4,4,0
11.8314,1,8,G1_V8_0,1006.4813,590.0000,150.0000,1,4,0
11.8314,1,8,G1_V8_1,856.4813,740.0000,150.0000,2,4,0
11.8314,1,8,G1_V8_2,706.4813,590.0000,150.0000,3,4,0
11.8314,1,8,G1_V8_3,856.4813,440.0000,150.0000,4,4,0
11.8376,1,9,G1_V9_0,1060.2125,570.0000,150.0000,1,4,0
11.8376,1,9,G1_V9_1,910.2125,720.0000,150.0000,2,4,0
11.8376,1,9,G1_V9_2,760.2125,570.0000,150.0000,3,4,0
11.8376,1,9,G1_V9_3,910.2125,420.0000,150.0000,4,4,0
11.8438,1,10,G1_V10_0,1034.7500,590.0000,150.0000,1,4,0
11.8438,1,10,G1_V10_1,884.7500,740.0000,150.0000,2,4,0
11.8438,1,10,G1_V10_2,734.7500,590.0000,150.0000,3,4,0
11.8438,1,10,G1_V10_3,884.7500,440.0000,150.0000,4,4,0
11.9251,1,7,G1_V7_0,979.2500,570.0000,150.0000,1,4,0
11.9251,1,7,G1_V7_1,829.2500,720.0000,150.0000,2,4,0
11.9251,1,7,G1_V7_2,679.2500,570.0000,150.0000,3,4,0
11.9251,1,7,G1_V7_3,829.2500,420.0000,150.0000,4,4,0
11.9313,1,8,G1_V8_0,1007.3813,590.0000,150.0000,1,4,0
11.9313,1,8,G1_V8_1,857.3813,740.0000,150.0000,2,4,0
11.9313,1,8,G1_V8_2,707.3813,590.0000,150.0000,3,4,0
11.9313,1,8,G1_V8_3,857.3813,440.0000,150.0000,4,4,0
11.9376,1,9,G1_V9_0,1061.3125,570.0000,150.0000,1,4,0
11.9376,1,9,G1_V9_1,911.3125,720.0000,150.0000,2,4,0
11.9376,1,9,G1_V9_2,761.3125,570.0000,150.0000,3,4,0
11.9376,1,9,G1_V9_3,911.3125,420.0000,150.0000,4,4,0
11.9439,1,10,G1_V10_0,1035.5500,590.0000,150.0000,1,4,0
11.9439,1,10,G1_V10_1,885.5500,740.0000,150.0000,2,4,0
11.9439,1,10,G1_V10_2,735.5500,590.0000,150.0000,3,4,0
11.9439,1,10,G1_V10_3,885.5500,440.0000,150.0000,4,4,0
12.0251,1,7,G1_V7_0,980.2500,570.0000,150.0000,1,4,0
12.0251,1,7,G1_V7_1,830.2500,720.0000,150.0000,2,4,0
12.0251,1,7,G1_V7_2,680.2500,570.0000,150.0000,3,4,0
12.0251,1,7,G1_V7_3,830.2500,420.0000,150.0000,4,4,0
12.0313,1,8,G1_V8_0,1008.2813,590.0000,150.0000,1,4,0
12.0313,1,8,G1_V8_1,858.2813,740.0000,150.0000,2,4,0
12.0313,1,8,G1_V8_2,708.2813,590.0000,150.0000,3,4,0
12.0313,1,8,G1_V8_3,858.2813,440.0000,150.0000,4,4,0
12.0376,1,9,G1_V9_0,1062.4125,570.0000,150.0000,1,4,0
12.0376,1,9,G1_V9_1,912.4125,720.0000,150.0000,2,4,0
12.0376,1,9,G1_V9_2,762.4125,570.0000,150.0000,3,4,0
12.0376,1,9,G1_V9_3,912.4125,420.0000,150.0000,4,4,0
12.0438,1,10,G1_V10_0,1036.3500,590.0000,150.0000,1,4,0
12.0438,1,10,G1_V10_1,886.3500,740.0000,150.0000,2,4,0
12.0438,1,10,G1_V10_2,736.3500,590.0000,150.0000,3,4,0
12.0438,1,10,G1_V10_3,886.3500,440.0000,150.0000,4,4,0
