sim_time,attacker_id,victim_id,step_num,attack_pct,real_pos_x,real_pos_y,real_speed_ms,real_heading_rad,fake_pos_x,fake_pos_y,fake_speed_ms,fake_accel_ms2,spd_delta_ms,pos_drift_m,range_to_victim_m
7.0250,6,9,1,20,846.2000,590.0000,8.0000,0.0000,851.3458,595.9758,40.0000,0.6423,32.0000,7.8860,68.9159
7.0312,7,9,1,20,846.2500,590.0000,8.0000,0.0000,851.4264,595.9955,40.0000,0.6413,32.0000,7.9210,32.9688
7.0375,8,9,1,20,846.3000,590.0000,8.0000,0.0000,851.5069,596.0152,40.0000,0.6403,32.0000,7.9558,22.8799
7.0750,14,12,1,20,1357.8250,570.0000,11.0000,0.0000,1353.2294,564.5403,40.0000,0.7477,29.0000,7.1364,281.4250
7.0750,14,13,1,20,1346.6000,590.0000,8.0000,0.0000,1339.1295,582.7231,40.0000,0.8365,32.0000,10.4289,293.3326
7.5250,6,9,2,20,850.2000,590.0000,8.0000,0.0000,857.2068,597.1675,40.0000,0.5769,32.0000,10.0234,67.9596
7.5312,7,9,2,20,850.2500,590.0000,8.0000,0.0000,857.2718,597.1771,40.0000,0.5764,32.0000,10.0407,32.4688
7.5375,8,9,2,20,850.3000,590.0000,8.0000,0.0000,857.3365,597.1866,40.0000,0.5758,32.0000,10.0578,23.6448
7.5750,14,12,2,20,1363.3250,570.0000,11.0000,0.0000,1356.6088,563.1081,40.0000,0.8177,29.0000,9.6232,270.9250
7.5750,14,13,2,20,1350.6000,590.0000,8.0000,0.0000,1344.1623,583.7869,40.0000,0.8274,32.0000,8.9468,284.3542
8.0250,6,9,3,20,854.2000,590.0000,8.0000,0.0000,861.6727,597.4902,40.0000,0.5617,32.0000,10.5804,67.0045
8.0312,7,9,3,20,854.2500,590.0000,8.0000,0.0000,861.7190,597.4885,40.0000,0.5618,32.0000,10.5765,31.9688
8.0375,8,9,3,20,854.3000,590.0000,8.0000,0.0000,861.7650,597.4866,40.0000,0.5620,32.0000,10.5724,24.4778
8.0750,14,12,3,20,1368.8250,570.0000,11.0000,0.0000,1361.3255,562.5115,40.0000,0.8396,29.0000,10.5981,260.4250
8.0750,14,13,3,20,1354.6000,590.0000,8.0000,0.0000,1350.4769,585.6041,40.0000,0.7663,32.0000,6.0269,275.3772
8.5250,6,9,4,20,858.2000,590.0000,8.0000,0.0000,864.6507,596.9047,40.0000,0.6028,32.0000,9.4491,66.0508
8.5312,7,9,4,20,858.2500,590.0000,8.0000,0.0000,864.6791,596.8918,40.0000,0.6037,32.0000,9.4250,31.4688
8.5375,8,9,4,20,858.3000,590.0000,8.0000,0.0000,864.7073,596.8788,40.0000,0.6045,32.0000,9.4006,25.3722
8.5750,14,11,1,20,1327.1750,590.0000,9.0000,0.0000,1320.8256,584.2902,40.0000,0.8348,31.0000,8.5391,297.7475
8.5750,14,12,4,20,1374.3250,570.0000,11.0000,0.0000,1367.5353,562.8230,40.0000,0.8046,29.0000,9.8797,249.9250
9.0250,6,9,5,20,862.2000,590.0000,8.0000,0.0000,866.3444,595.4819,40.0000,0.6836,32.0000,6.8722,65.0984
9.0312,7,9,5,20,862.2500,590.0000,8.0000,0.0000,866.3592,595.4594,40.0000,0.6848,32.0000,6.8331,30.9688
9.0375,8,9,5,20,862.3000,590.0000,8.0000,0.0000,866.3738,595.4369,40.0000,0.6859,32.0000,6.7938,26.3218
9.0750,14,11,2,20,1331.6750,590.0000,9.0000,0.0000,1324.2214,582.9689,40.0000,0.8302,31.0000,10.2466,288.2696
9.0750,14,12,5,20,1379.8250,570.0000,11.0000,0.0000,1375.0971,564.0047,40.0000,0.7269,29.0000,7.6353,239.4250
9.5250,6,9,6,20,866.2000,590.0000,8.0000,0.0000,867.2129,593.3944,40.0000,0.7711,32.0000,3.5423,64.1475
9.5312,7,9,6,20,866.2500,590.0000,8.0000,0.0000,867.2211,593.3651,40.0000,0.7721,32.0000,3.5024,30.4688
9.5375,8,9,6,20,866.3000,590.0000,8.0000,0.0000,867.2292,593.3358,40.0000,0.7731,32.0000,3.4628,27.3208
9.5750,14,11,3,20,1336.1750,590.0000,9.0000,0.0000,1329.1012,582.5001,40.0000,0.7724,31.0000,10.3096,278.7933
9.5750,14,12,6,20,1385.3250,570.0000,11.0000,0.0000,1383.6002,565.9133,40.0000,0.6383,29.0000,4.4358,228.9250
10.0250,6,9,7,20,870.2000,590.0000,8.0000,0.0000,867.8797,590.8954,40.0000,0.8296,32.0000,2.4871,63.1981
10.0312,7,9,7,20,870.2500,590.0000,8.0000,0.0000,867.8896,590.8628,40.0000,0.8300,32.0000,2.5131,29.9688
10.0375,8,9,7,20,870.3000,590.0000,8.0000,0.0000,867.8996,590.8302,40.0000,0.8304,32.0000,2.5399,28.3639
10.0750,14,10,1,20,1310.7500,570.0000,10.0000,0.0000,1303.4167,564.0543,40.0000,0.8091,30.0000,9.4408,298.5000
10.0750,14,11,4,20,1340.6750,590.0000,9.0000,0.0000,1335.3895,582.9408,40.0000,0.6851,31.0000,8.8187,269.3186
10.5250,6,9,8,20,874.2000,590.0000,8.0000,0.0000,869.0085,588.2877,40.0000,0.8352,32.0000,5.4666,62.2503
10.5312,7,9,8,20,874.2500,590.0000,8.0000,0.0000,869.0281,588.2558,40.0000,0.8349,32.0000,5.5055,29.4688
10.5375,8,9,8,20,874.3000,590.0000,8.0000,0.0000,869.0479,588.2239,40.0000,0.8346,32.0000,5.5443,29.4466
10.5750,14,10,2,20,1315.7500,570.0000,10.0000,0.0000,1308.4627,562.8472,40.0000,0.7338,30.0000,10.2111,288.5000
10.5750,14,11,5,20,1345.1750,590.0000,9.0000,0.0000,1342.7301,584.2374,40.0000,0.6039,31.0000,6.2598,259.8458
11.0250,6,9,9,20,878.2000,590.0000,8.0000,0.0000,871.1709,585.8877,40.0000,0.7857,32.0000,8.1436,61.3042
11.0312,7,9,9,20,878.2500,590.0000,8.0000,0.0000,871.2063,585.8603,40.0000,0.7848,32.0000,8.1701,28.9688
11.0375,8,9,9,20,878.3000,590.0000,8.0000,0.0000,871.2420,585.8330,40.0000,0.7839,32.0000,8.1963,30.5645
11.0750,14,10,3,20,1320.7500,570.0000,10.0000,0.0000,1314.9596,562.5074,40.0000,0.6447,30.0000,9.4693,278.5000
11.0750,14,11,6,20,1349.6750,590.0000,9.0000,0.0000,1350.5575,586.2327,40.0000,0.5619,31.0000,3.8693,250.3751
11.5250,6,9,10,20,882.2000,590.0000,8.0000,0.0000,874.7329,583.9864,40.0000,0.7012,32.0000,9.5875,60.3598
11.5312,7,9,10,20,882.2500,590.0000,8.0000,0.0000,874.7870,583.9668,40.0000,0.7001,32.0000,9.5967,28.4688
11.5375,8,9,10,20,882.3000,590.0000,8.0000,0.0000,874.8413,583.9474,40.0000,0.6989,32.0000,9.6055,31.7140
11.5750,14,10,4,20,1325.7500,570.0000,10.0000,0.0000,1322.6095,563.0762,40.0000,0.5781,30.0000,7.6028,268.5000
11.5750,14,11,7,20,1354.1750,590.0000,9.0000,0.0000,1358.2093,588.6849,40.0000,0.5762,31.0000,4.2432,240.9066
12.0250,6,9,11,20,886.2000,590.0000,8.0000,0.0000,879.7817,582.8142,40.0000,0.6162,32.0000,9.6349,59.4172
12.0312,7,9,11,20,886.2500,590.0000,8.0000,0.0000,879.8536,582.8048,40.0000,0.6153,32.0000,9.6273,27.9688
12.0375,8,9,11,20,886.3000,590.0000,8.0000,0.0000,879.9257,582.7956,40.0000,0.6144,32.0000,9.6195,32.8917
12.0750,14,10,5,20,1330.7500,570.0000,10.0000,0.0000,1330.8846,564.4845,40.0000,0.5613,30.0000,5.5172,258.5000
12.0750,14,11,8,20,1358.6750,590.0000,9.0000,0.0000,1365.0577,591.2965,40.0000,0.6410,31.0000,6.5131,231.4408
12.5250,6,9,12,20,890.2000,590.0000,8.0000,0.0000,886.1083,582.5133,40.0000,0.5654,32.0000,8.5319,58.4765
12.5312,7,9,12,20,890.2500,590.0000,8.0000,0.0000,886.1937,582.5153,40.0000,0.5651,32.0000,8.5132,27.4688
12.5375,8,9,12,20,890.3000,590.0000,8.0000,0.0000,886.2793,582.5175,40.0000,0.5648,32.0000,8.4944,34.0947
12.5750,14,10,6,20,1335.7500,570.0000,10.0000,0.0000,1339.1329,566.5616,40.0000,0.6010,30.0000,4.8236,248.5000
12.5750,14,11,9,20,1363.1750,590.0000,9.0000,0.0000,1370.6354,593.7509,40.0000,0.7298,31.0000,8.3502,221.9778
13.0250,6,9,13,20,894.2000,590.0000,8.0000,0.0000,893.2496,583.1202,40.0000,0.5695,32.0000,6.9451,57.5378
13.0312,7,9,13,20,894.2500,590.0000,8.0000,0.0000,893.3415,583.1333,40.0000,0.5699,32.0000,6.9265,26.9688
13.0375,8,9,13,20,894.3000,590.0000,8.0000,0.0000,893.4334,583.1466,40.0000,0.5703,32.0000,6.9080,35.3205
13.0750,14,10,7,20,1340.7500,570.0000,10.0000,0.0000,1346.7077,569.0556,40.0000,0.6811,30.0000,6.0321,238.5000
13.0750,14,11,10,20,1367.6750,590.0000,9.0000,0.0000,1374.7276,595.7505,40.0000,0.8065,31.0000,9.0999,212.5182
13.5250,6,9,14,20,898.2000,590.0000,8.0000,0.0000,900.5802,584.5613,40.0000,0.6268,32.0000,5.9367,56.6013
13.5312,7,9,14,20,898.2500,590.0000,8.0000,0.0000,900.6702,584.5840,40.0000,0.6278,32.0000,5.9322,26.4688
13.5375,8,9,14,20,898.3000,590.0000,8.0000,0.0000,900.7601,584.6067,40.0000,0.6287,32.0000,5.9278,36.5667
13.5750,14,10,8,20,1345.7500,570.0000,10.0000,0.0000,1353.0962,571.6641,40.0000,0.7689,30.0000,7.5323,228.5000
13.5750,14,11,11,20,1372.1750,590.0000,9.0000,0.0000,1377.4156,597.0528,40.0000,0.8398,31.0000,8.7867,203.0623
14.0250,6,9,15,20,902.2000,590.0000,8.0000,0.0000,907.4368,586.6619,40.0000,0.7139,32.0000,6.2103,55.6669
14.0312,7,9,15,20,902.2500,590.0000,8.0000,0.0000,907.5170,586.6913,40.0000,0.7151,32.0000,6.2200,25.9688
14.0375,8,9,15,20,902.3000,590.0000,8.0000,0.0000,907.5969,586.7208,40.0000,0.7162,32.0000,6.2298,37.8314
14.0750,14,10,9,20,1350.7500,570.0000,10.0000,0.0000,1358.0221,574.0708,40.0000,0.8286,30.0000,8.3340,218.5000
14.0750,14,11,12,20,1376.6750,590.0000,9.0000,0.0000,1379.0602,597.5000,40.0000,0.8160,31.0000,7.8701,193.6108
14.5250,6,9,16,20,906.2000,590.0000,8.0000,0.0000,913.2508,589.1673,40.0000,0.7954,32.0000,7.0998,54.7348
14.5312,7,9,16,20,906.2500,590.0000,8.0000,0.0000,913.3151,589.1999,40.0000,0.7962,32.0000,7.1102,25.4688
14.5375,8,9,16,20,906.3000,590.0000,8.0000,0.0000,913.3791,589.2325,40.0000,0.7971,32.0000,7.1206,39.1127
14.5750,14,10,10,20,1355.7500,570.0000,10.0000,0.0000,1361.5001,575.9840,40.0000,0.8359,30.0000,8.2989,208.5000
14.5750,14,11,13,20,1381.1750,590.0000,9.0000,0.0000,1380.2299,597.0377,40.0000,0.7449,31.0000,7.1009,184.1642
15.0250,6,9,17,20,910.2000,590.0000,8.0000,0.0000,917.6609,591.7736,40.0000,0.8380,32.0000,7.6688,53.8052
15.0312,7,9,17,20,910.2500,590.0000,8.0000,0.0000,917.7065,591.8055,40.0000,0.8381,32.0000,7.6720,24.9688
15.0375,8,9,17,20,910.3000,590.0000,8.0000,0.0000,917.7518,591.8373,40.0000,0.8383,32.0000,7.6750,40.4090
15.0750,14,10,11,20,1360.7500,570.0000,10.0000,0.0000,1363.8332,577.1715,40.0000,0.7877,30.0000,7.8062,198.5000
15.0750,14,11,14,20,1385.6750,590.0000,9.0000,0.0000,1381.5877,595.7221,40.0000,0.6555,31.0000,7.0319,174.7234
15.5250,6,9,18,20,914.2000,590.0000,8.0000,0.0000,920.5855,594.1649,40.0000,0.8242,32.0000,7.6237,52.8782
15.5312,7,9,18,20,914.2500,590.0000,8.0000,0.0000,920.6133,594.1921,40.0000,0.8237,32.0000,7.6200,24.4688
15.5375,8,9,18,20,914.3000,590.0000,8.0000,0.0000,920.6408,594.2193,40.0000,0.8232,32.0000,7.6163,41.7190
15.5750,14,10,12,20,1365.7500,570.0000,10.0000,0.0000,1365.5524,577.4895,40.0000,0.7038,30.0000,7.4921,188.5000
15.5750,14,11,15,20,1390.1750,590.0000,9.0000,0.0000,1383.7594,593.7126,40.0000,0.5843,31.0000,7.4124,165.2895
16.0250,6,9,19,20,918.2000,590.0000,8.0000,0.0000,922.2387,596.0511,40.0000,0.7599,32.0000,7.2751,51.9538
16.0312,7,9,19,20,918.2500,590.0000,8.0000,0.0000,922.2531,596.0704,40.0000,0.7588,32.0000,7.2715,23.9688
16.0375,8,9,19,20,918.3000,590.0000,8.0000,0.0000,922.2674,596.0896,40.0000,0.7578,32.0000,7.2680,43.0414
16.0750,14,10,13,20,1370.7500,570.0000,10.0000,0.0000,1367.3110,576.8993,40.0000,0.6183,30.0000,7.7089,178.5000
16.0750,14,11,16,20,1394.6750,590.0000,9.0000,0.0000,1387.2084,591.2530,40.0000,0.5602,31.0000,7.5710,155.8635
16.5250,6,9,20,20,922.2000,590.0000,8.0000,0.0000,923.0878,597.2036,40.0000,0.6711,32.0000,7.2581,51.0324
16.5312,7,9,20,20,922.2500,590.0000,8.0000,0.0000,923.0959,597.2127,40.0000,0.6700,32.0000,7.2621,23.4688
16.5375,8,9,20,20,922.3000,590.0000,8.0000,0.0000,923.1039,597.2216,40.0000,0.6688,32.0000,7.2662,44.3751
16.5750,14,10,14,20,1375.7500,570.0000,10.0000,0.0000,1369.7542,575.4726,40.0000,0.5662,30.0000,8.1178,168.5000
16.5750,14,11,17,20,1399.1750,590.0000,9.0000,0.0000,1392.1441,588.6414,40.0000,0.5931,31.0000,7.1610,146.4471
17.0250,6,9,21,20,926.2000,590.0000,8.0000,0.0000,923.7601,597.4827,40.0000,0.5941,32.0000,7.8704,50.1139
17.0312,7,9,21,20,926.2500,590.0000,8.0000,0.0000,923.7702,597.4804,40.0000,0.5933,32.0000,7.8807,22.9688
17.0375,8,9,21,20,926.3000,590.0000,8.0000,0.0000,923.7805,597.4780,40.0000,0.5926,32.0000,7.8910,45.7191
17.0750,14,10,15,20,1380.7500,570.0000,10.0000,0.0000,1373.3913,573.3823,40.0000,0.5686,30.0000,8.0987,158.5000
17.0750,14,11,18,20,1403.6750,590.0000,9.0000,0.0000,1398.4797,586.1946,40.0000,0.6697,31.0000,6.4399,137.0423
17.5250,6,9,22,20,930.2000,590.0000,8.0000,0.0000,924.9182,596.8544,40.0000,0.5603,32.0000,8.6534,49.1986
17.5312,7,9,22,20,930.2500,590.0000,8.0000,0.0000,924.9383,596.8411,40.0000,0.5602,32.0000,8.6611,22.4688
17.5375,8,9,22,20,930.3000,590.0000,8.0000,0.0000,924.9586,596.8275,40.0000,0.5602,32.0000,8.6687,47.0726
17.5750,14,10,16,20,1385.7500,570.0000,10.0000,0.0000,1378.4936,570.8818,40.0000,0.6246,30.0000,7.3098,148.5000
17.5750,14,11,19,20,1408.1750,590.0000,9.0000,0.0000,1405.8497,584.2092,40.0000,0.7586,31.0000,6.2402,127.6515
18.0250,6,9,23,20,934.2000,590.0000,8.0000,0.0000,927.1280,595.3951,40.0000,0.5835,32.0000,8.8950,48.2867
18.0312,7,9,23,20,934.2500,590.0000,8.0000,0.0000,927.1640,595.3722,40.0000,0.5841,32.0000,8.8922,21.9688
18.0375,8,9,23,20,934.3000,590.0000,8.0000,0.0000,927.2003,595.3493,40.0000,0.5847,32.0000,8.8893,48.4346
18.0750,14,10,17,20,1390.7500,570.0000,10.0000,0.0000,1385.0406,568.2745,40.0000,0.7114,30.0000,5.9644,138.5000
18.0750,14,11,20,20,1412.6750,590.0000,9.0000,0.0000,1413.6826,582.9260,40.0000,0.8236,31.0000,7.1454,118.2782
18.5250,6,9,24,20,938.2000,590.0000,8.0000,0.0000,930.7458,593.2815,40.0000,0.6542,32.0000,8.1445,47.3783
18.5312,7,9,24,20,938.2500,590.0000,8.0000,0.0000,930.8006,593.2520,40.0000,0.6553,32.0000,8.1283,21.4688
18.5375,8,9,24,20,938.3000,590.0000,8.0000,0.0000,930.8556,593.2224,40.0000,0.6563,32.0000,8.1119,49.8046
18.5750,14,10,18,20,1395.7500,570.0000,10.0000,0.0000,1392.7244,565.8764,40.0000,0.7935,30.0000,5.1145,128.5000
18.5750,14,11,21,20,1417.1750,590.0000,9.0000,0.0000,1421.3150,582.5005,40.0000,0.8382,31.0000,8.5663,108.9268
19.0250,6,9,25,20,942.2000,590.0000,8.0000,0.0000,935.8478,590.7700,40.0000,0.7436,32.0000,6.3987,46.4737
19.0312,7,9,25,20,942.2500,590.0000,8.0000,0.0000,935.9203,590.7374,40.0000,0.7447,32.0000,6.3725,20.9688
19.0375,8,9,25,20,942.3000,590.0000,8.0000,0.0000,935.9931,590.7047,40.0000,0.7457,32.0000,6.3462,51.1819
19.0750,14,10,19,20,1400.7500,570.0000,10.0000,0.0000,1401.0106,563.9782,40.0000,0.8375,30.0000,6.0274,118.5000
19.0750,14,11,22,20,1421.6750,590.0000,9.0000,0.0000,1428.1230,582.9844,40.0000,0.7965,31.0000,9.5287,99.6036
19.5250,6,9,26,20,946.2000,590.0000,8.0000,0.0000,942.2146,588.1652,40.0000,0.8152,32.0000,4.3875,45.5730
19.5312,7,9,26,20,946.2500,590.0000,8.0000,0.0000,942.3004,588.1334,40.0000,0.8159,32.0000,4.3685,20.4688
19.5375,8,9,26,20,946.3000,590.0000,8.0000,0.0000,942.3863,588.1016,40.0000,0.8165,32.0000,4.3498,52.5659
19.5750,14,10,20,20,1405.7500,570.0000,10.0000,0.0000,1409.2450,562.8103,40.0000,0.8254,30.0000,7.9942,108.5000
19.5750,14,11,23,20,1426.1750,590.0000,9.0000,0.0000,1433.6473,584.3189,40.0000,0.7154,31.0000,9.3867,90.3172
20.0250,6,9,27,20,950.2000,590.0000,8.0000,0.0000,949.3749,585.7829,40.0000,0.8399,32.0000,4.2971,44.6766
20.0312,7,9,27,20,950.2500,590.0000,8.0000,0.0000,949.4668,585.7558,40.0000,0.8398,32.0000,4.3159,19.9688
20.0375,8,9,27,20,950.3000,590.0000,8.0000,0.0000,949.5588,585.7287,40.0000,0.8397,32.0000,4.3351,53.9561
20.0750,14,10,21,20,1410.7500,570.0000,10.0000,0.0000,1416.7834,562.5141,40.0000,0.7622,30.0000,9.6146,98.5000
20.0750,14,11,24,20,1430.6750,590.0000,9.0000,0.0000,1437.6837,586.3423,40.0000,0.6280,31.0000,7.9057,81.0804
20.5250,6,9,28,20,954.2000,590.0000,8.0000,0.0000,956.6994,583.9119,40.0000,0.8075,32.0000,6.5812,43.7847
20.5312,7,9,28,20,954.2500,590.0000,8.0000,0.0000,956.7892,583.8927,40.0000,0.8067,32.0000,6.6141,19.4688
20.5375,8,9,28,20,954.3000,590.0000,8.0000,0.0000,956.8788,583.8738,40.0000,0.8060,32.0000,6.6469,55.3521
20.5750,14,10,22,20,1415.7500,570.0000,10.0000,0.0000,1423.1206,563.1256,40.0000,0.6736,30.0000,10.0788,88.5000
20.5750,14,11,25,20,1435.1750,590.0000,9.0000,0.0000,1440.3247,588.8092,40.0000,0.5700,31.0000,5.2856,71.9121
21.0250,6,9,29,20,958.2000,590.0000,8.0000,0.0000,963.5264,582.7791,40.0000,0.7312,32.0000,8.9729,42.8976
21.0312,7,9,29,20,958.2500,590.0000,8.0000,0.0000,963.6060,582.7703,40.0000,0.7301,32.0000,8.9975,18.9688
21.0375,8,9,29,20,958.3000,590.0000,8.0000,0.0000,963.6854,582.7616,40.0000,0.7290,32.0000,9.0220,56.7533
21.0750,14,10,23,20,1420.7500,570.0000,10.0000,0.0000,1427.9902,564.5707,40.0000,0.5958,30.0000,9.0498,78.5000
21.0750,14,11,26,20,1439.6750,590.0000,9.0000,0.0000,1441.9403,591.4205,40.0000,0.5650,31.0000,2.6739,62.8425
21.5250,6,9,30,20,962.2000,590.0000,8.0000,0.0000,969.2928,582.5219,40.0000,0.6423,32.0000,10.3068,42.0155
21.5312,7,9,30,20,962.2500,590.0000,8.0000,0.0000,969.3564,582.5244,40.0000,0.6412,32.0000,10.3143,18.4688
21.5375,8,9,30,20,962.3000,590.0000,8.0000,0.0000,969.4198,582.5271,40.0000,0.6402,32.0000,10.3216,58.1595
21.5750,14,10,24,20,1425.7500,570.0000,10.0000,0.0000,1431.4183,566.6741,40.0000,0.5605,30.0000,6.5720,68.5000
21.5750,14,11,27,20,1444.1750,590.0000,9.0000,0.0000,1443.1049,593.8596,40.0000,0.6151,31.0000,4.0052,53.9213
22.0250,6,9,31,20,966.2000,590.0000,8.0000,0.0000,973.6470,583.1714,40.0000,0.5769,32.0000,10.1038,41.1388
22.0312,7,9,31,20,966.2500,590.0000,8.0000,0.0000,973.6919,583.1850,40.0000,0.5763,32.0000,10.0908,17.9688
22.0375,8,9,31,20,966.3000,590.0000,8.0000,0.0000,973.7365,583.1988,40.0000,0.5758,32.0000,10.0776,59.5702
22.0750,14,10,25,20,1430.7500,570.0000,10.0000,0.0000,1433.7178,569.1808,40.0000,0.5821,30.0000,3.0788,58.5000
22.0750,14,11,28,20,1448.6750,590.0000,9.0000,0.0000,1444.4826,595.8307,40.0000,0.6998,31.0000,7.1814,45.2364
22.5250,6,9,32,20,970.2000,590.0000,8.0000,0.0000,976.5185,584.6489,40.0000,0.5617,32.0000,8.2799,40.2679
22.5312,7,9,32,20,970.2500,590.0000,8.0000,0.0000,976.5456,584.6720,40.0000,0.5618,32.0000,8.2476,17.4688
22.5375,8,9,32,20,970.3000,590.0000,8.0000,0.0000,976.5726,584.6951,40.0000,0.5620,32.0000,8.2151,60.9852
22.5750,14,10,26,20,1435.7500,570.0000,10.0000,0.0000,1435.4264,571.7868,40.0000,0.6518,30.0000,1.8159,48.5000
22.5750,14,11,29,20,1453.1750,590.0000,9.0000,0.0000,1446.6950,597.0947,40.0000,0.7845,31.0000,9.6086,36.9548
23.0250,6,9,33,20,974.2000,590.0000,8.0000,0.0000,978.1319,586.7753,40.0000,0.6029,32.0000,5.0851,39.4031
23.0312,7,9,33,20,974.2500,590.0000,8.0000,0.0000,978.1459,586.8050,40.0000,0.6037,32.0000,5.0385,16.9688
23.0375,8,9,33,20,974.3000,590.0000,8.0000,0.0000,978.1598,586.8347,40.0000,0.6045,32.0000,4.9917,62.4042
23.0750,14,10,27,20,1440.7500,570.0000,10.0000,0.0000,1437.1994,574.1762,40.0000,0.7412,30.0000,5.4815,38.5000
23.0750,14,11,30,20,1457.6750,590.0000,9.0000,0.0000,1450.1976,597.4985,40.0000,0.8348,31.0000,10.5896,29.4191
23.5250,6,9,34,20,978.2000,590.0000,8.0000,0.0000,978.9624,589.2927,40.0000,0.6837,32.0000,1.0400,38.5448
23.5312,7,9,34,20,978.2500,590.0000,8.0000,0.0000,978.9705,589.3254,40.0000,0.6848,32.0000,0.9870,16.4688
23.5375,8,9,34,20,978.3000,590.0000,8.0000,0.0000,978.9785,589.3581,40.0000,0.6860,32.0000,0.9340,63.8269
23.5750,14,10,28,20,1445.7500,570.0000,10.0000,0.0000,1439.6793,576.0591,40.0000,0.8137,30.0000,8.5771,28.5000
23.5750,14,11,31,20,1462.1750,590.0000,9.0000,0.0000,1455.1890,596.9931,40.0000,0.8301,31.0000,9.8847,23.3625
24.0250,6,9,35,20,982.2000,590.0000,8.0000,0.0000,979.6412,591.8959,40.0000,0.7712,32.0000,3.1846,37.6935
24.0312,7,9,35,20,982.2500,590.0000,8.0000,0.0000,979.6516,591.9276,40.0000,0.7722,32.0000,3.2353,15.9688
24.0375,8,9,35,20,982.3000,590.0000,8.0000,0.0000,979.6620,591.9593,40.0000,0.7731,32.0000,3.2860,65.2531
24.0750,14,10,29,20,1450.7500,570.0000,10.0000,0.0000,1443.3680,577.2074,40.0000,0.8399,30.0000,10.3170,18.5000
24.0750,14,11,32,20,1466.6750,590.0000,9.0000,0.0000,1461.5714,595.6397,40.0000,0.7724,31.0000,7.6062,20.1651
24.5250,6,9,36,20,986.2000,590.0000,8.0000,0.0000,980.8294,594.2691,40.0000,0.8296,32.0000,6.8607,36.8497
24.5312,7,9,36,20,986.2500,590.0000,8.0000,0.0000,980.8501,594.2961,40.0000,0.8301,32.0000,6.9004,15.4688
24.5375,8,9,36,20,986.3000,590.0000,8.0000,0.0000,980.8709,594.3229,40.0000,0.8305,32.0000,6.9400,66.6825
24.5750,14,10,30,20,1455.7500,570.0000,10.0000,0.0000,1448.5265,577.4818,40.0000,0.8091,30.0000,10.3998,8.5000
24.5750,14,11,33,20,1471.1750,590.0000,9.0000,0.0000,1468.9699,593.6025,40.0000,0.6851,31.0000,4.2238,21.1650
25.0250,6,9,37,20,990.2000,590.0000,8.0000,0.0000,983.0870,596.1248,40.0000,0.8352,32.0000,9.3866,36.0139
25.0312,7,9,37,20,990.2500,590.0000,8.0000,0.0000,983.1237,596.1436,40.0000,0.8349,32.0000,9.4090,14.9688
25.0375,8,9,37,20,990.3000,590.0000,8.0000,0.0000,983.1607,596.1624,40.0000,0.8346,32.0000,9.4311,68.1149
25.0750,14,10,31,20,1460.7500,570.0000,10.0000,0.0000,1455.1232,576.8489,40.0000,0.7337,30.0000,8.8639,1.5000
25.0750,14,11,34,20,1475.6750,590.0000,9.0000,0.0000,1476.8075,591.1285,40.0000,0.6039,31.0000,1.5987,25.8801
25.5250,6,9,38,20,994.2000,590.0000,8.0000,0.0000,986.7608,597.2377,40.0000,0.7856,32.0000,10.3792,35.1867
25.5312,7,9,38,20,994.2500,590.0000,8.0000,0.0000,986.8162,597.2463,40.0000,0.7847,32.0000,10.3812,14.4688
25.5375,8,9,38,20,994.3000,590.0000,8.0000,0.0000,986.8719,597.2546,40.0000,0.7838,32.0000,10.3830,69.5502
25.5750,14,10,32,20,1465.7500,570.0000,10.0000,0.0000,1462.8402,575.3856,40.0000,0.6446,30.0000,6.1214,11.5000
25.5750,14,11,35,20,1480.1750,590.0000,9.0000,0.0000,1484.4196,588.5176,40.0000,0.5619,31.0000,4.4960,32.7430
26.0250,6,9,39,20,998.2000,590.0000,8.0000,0.0000,991.9157,597.4731,40.0000,0.7011,32.0000,9.7642,34.3686
26.0312,7,9,39,20,998.2500,590.0000,8.0000,0.0000,991.9889,597.4702,40.0000,0.7000,32.0000,9.7471,13.9688
26.0375,8,9,39,20,998.3000,590.0000,8.0000,0.0000,992.0622,597.4672,40.0000,0.6989,32.0000,9.7298,70.9881
26.0750,14,10,33,20,1470.7500,570.0000,10.0000,0.0000,1471.1366,573.2692,40.0000,0.5781,30.0000,3.2920,21.5000
26.0750,14,11,36,20,1484.6750,590.0000,9.0000,0.0000,1491.1865,586.0865,40.0000,0.5762,31.0000,7.5971,40.6808
26.5250,6,9,40,20,1002.2000,590.0000,8.0000,0.0000,998.3220,596.8023,40.0000,0.6162,32.0000,7.8301,33.5604
26.5312,7,9,40,20,1002.2500,590.0000,8.0000,0.0000,998.4081,596.7884,40.0000,0.6153,32.0000,7.8002,13.4688
26.5375,8,9,40,20,1002.3000,590.0000,8.0000,0.0000,998.4944,596.7744,40.0000,0.6144,32.0000,7.7701,72.4286
26.5750,14,10,34,20,1475.7500,570.0000,10.0000,0.0000,1479.3560,570.7565,40.0000,0.5613,30.0000,3.6845,31.5000
26.5750,14,11,37,20,1489.1750,590.0000,9.0000,0.0000,1496.6570,584.1299,40.0000,0.6410,31.0000,9.5099,49.1758
27.0250,6,9,41,20,1006.2000,590.0000,8.0000,0.0000,1005.5003,595.3067,40.0000,0.5654,32.0000,5.3526,32.7628
27.0312,7,9,41,20,1006.2500,590.0000,8.0000,0.0000,1005.5923,595.2835,40.0000,0.5651,32.0000,5.3242,12.9688
27.0375,8,9,41,20,1006.3000,590.0000,8.0000,0.0000,1005.6844,595.2601,40.0000,0.5648,32.0000,5.2960,73.8714
27.0750,14,10,35,20,1480.7500,570.0000,10.0000,0.0000,1486.8575,568.1520,40.0000,0.6011,30.0000,6.3809,41.5000
27.0750,14,11,38,20,1493.6750,590.0000,9.0000,0.0000,1500.6378,582.8851,40.0000,0.7299,31.0000,9.9551,57.9835
27.5250,6,9,42,20,1010.2000,590.0000,8.0000,0.0000,1012.8180,593.1676,40.0000,0.5695,32.0000,4.1095,31.9766
27.5312,7,9,42,20,1010.2500,590.0000,8.0000,0.0000,1012.9075,593.1379,40.0000,0.5699,32.0000,4.1120,12.4688
27.5375,8,9,42,20,1010.3000,590.0000,8.0000,0.0000,1012.9969,593.1080,40.0000,0.5704,32.0000,4.1150,75.3165
27.5750,14,10,36,20,1485.7500,570.0000,10.0000,0.0000,1493.1429,565.7716,40.0000,0.6812,30.0000,8.5167,51.5000
27.5750,14,11,39,20,1498.1750,590.0000,9.0000,0.0000,1503.2323,582.5030,40.0000,0.8066,31.0000,9.0433,66.9806
28.0250,6,9,43,20,1014.2000,590.0000,8.0000,0.0000,1019.6144,590.6445,40.0000,0.6268,32.0000,5.4526,31.2026
28.0312,7,9,43,20,1014.2500,590.0000,8.0000,0.0000,1019.6935,590.6118,40.0000,0.6278,32.0000,5.4778,11.9688
28.0375,8,9,43,20,1014.3000,590.0000,8.0000,0.0000,1019.7724,590.5791,40.0000,0.6288,32.0000,5.5030,76.7637
28.0750,14,10,37,20,1490.7500,570.0000,10.0000,0.0000,1497.9563,563.9039,40.0000,0.7690,30.0000,9.4389,61.5000
28.0750,14,11,40,20,1502.6750,590.0000,9.0000,0.0000,1504.8198,583.0299,40.0000,0.8398,31.0000,7.2926,76.1001
28.5250,6,9,44,20,1018.2000,590.0000,8.0000,0.0000,1025.3328,588.0432,40.0000,0.7140,32.0000,7.3963,30.4418
28.5312,7,9,44,20,1018.2500,590.0000,8.0000,0.0000,1025.3957,588.0115,40.0000,0.7151,32.0000,7.4172,11.4688
28.5375,8,9,44,20,1018.3000,590.0000,8.0000,0.0000,1025.4584,587.9799,40.0000,0.7163,32.0000,7.4380,78.2129
28.5750,14,10,38,20,1495.7500,570.0000,10.0000,0.0000,1501.3349,562.7754,40.0000,0.8286,30.0000,9.1316,71.5000
28.5750,14,11,41,20,1507.1750,590.0000,9.0000,0.0000,1505.9803,584.4020,40.0000,0.8160,31.0000,5.7240,85.3027
