sim_time,vehicle_id,rsu_id,attack_pct,is_poisoned,real_pos_x,real_pos_y,recv_pos_x,recv_pos_y,drift_x,drift_y,disp_err_m,speed_ms,heading_rad,accel_ms2
7.0,2,0,40,0,282.7954,579.5402,285.38,580.2893,2.5846,0.7491,0.0,8.3794,0.1184,-0.4357
7.0848,2,0,40,0,285.5512,581.7727,286.2286,583.4195,0.6774,1.6469,0.0,8.6016,0.1969,-0.05
7.1756,2,0,40,0,285.829,580.4855,285.2099,578.5533,-0.6191,-1.9322,0.0,8.4348,0.0937,-0.38
7.2342,2,0,40,0,294.2106,581.9963,296.0611,581.5067,1.8505,-0.4896,0.0,7.4514,0.0844,-0.0447
7.3383,2,0,40,0,295.3548,580.1097,295.3557,578.7852,0.0008,-1.3245,0.0,7.6667,0.1617,0.3128
7.4464,2,0,40,0,299.6752,579.6584,299.0662,579.7766,-0.609,0.1182,0.0,8.1909,0.1542,0.3692
7.5191,2,0,40,0,306.3932,577.8896,307.0932,577.5881,0.7,-0.3015,0.0,8.2922,0.1501,0.2076
7.6094,2,0,40,0,307.675,580.5053,308.374,578.9692,0.699,-1.5361,0.0,8.0519,0.0773,-0.128
7.7103,2,0,40,0,313.3409,580.584,311.6293,580.2137,-1.7115,-0.3703,0.0,8.4327,0.1297,0.1916
7.7656,2,0,40,0,318.4442,577.7088,318.7637,576.9816,0.3195,-0.7272,0.0,9.3946,0.0644,-0.3925
7.8863,2,0,40,0,322.5951,580.557,322.7292,580.7984,0.1341,0.2414,0.0,8.6544,0.1697,0.3619
7.9443,2,0,40,0,325.9161,579.8337,327.0977,581.6003,1.1816,1.7666,0.0,8.1119,0.0426,-0.2289
8.0928,2,0,40,0,329.6431,584.7392,332.0057,584.16,2.3626,-0.5791,0.0,8.3354,0.1339,-0.4414
8.2055,2,0,40,0,333.6725,580.6931,335.277,582.5458,1.6046,1.8527,0.0,8.2376,0.0789,-0.1727
8.3292,3,0,40,0,383.8474,570.9275,383.5329,570.014,-0.3144,-0.9135,0.0,11.5594,0.0122,0.1166
8.4065,3,0,40,0,384.2975,572.4961,383.4743,572.3643,-0.8232,-0.1318,0.0,11.1063,0.1643,0.4077
8.5473,3,0,40,0,391.0856,570.6833,392.5275,571.8319,1.4419,1.1486,0.0,10.4625,0.0152,0.4731
8.6366,3,0,40,0,392.926,566.7214,393.0051,566.0337,0.0792,-0.6876,0.0,10.7986,0.0523,-0.0252
8.7784,3,0,40,0,396.7254,570.2767,395.642,570.1442,-1.0833,-0.1325,0.0,10.3623,0.1912,-0.4593
8.8422,3,0,40,0,407.6835,569.0529,403.7861,569.2409,-3.8975,0.188,0.0,11.0147,0.1922,-0.4197
8.9704,3,0,40,0,408.3048,572.0091,410.3906,573.3721,2.0858,1.363,0.0,10.4967,0.1092,-0.2764
9.0309,3,0,40,0,417.3263,569.2858,416.0505,569.112,-1.2759,-0.1738,0.0,10.4481,0.0784,0.2433
9.0979,3,0,40,0,425.2404,568.3016,425.2884,568.7996,0.048,0.498,0.0,11.3809,0.0638,-0.033
9.2177,3,0,40,0,425.5355,570.6386,425.6191,568.9937,0.0836,-1.6448,0.0,10.6942,0.086,-0.262
9.3209,3,0,40,0,439.8163,571.0032,439.3014,571.2447,-0.5149,0.2415,0.0,10.6398,0.1685,-0.3638
9.4262,3,0,40,0,441.961,568.0081,441.0522,567.9973,-0.9088,-0.0108,0.0,10.4234,0.1611,0.0136
9.5054,3,0,40,0,448.5479,567.0175,449.2625,566.9508,0.7146,-0.0667,0.0,10.4176,0.1554,-0.0371
9.646,3,0,40,0,449.0597,569.8981,450.2804,570.1284,1.2207,0.2303,0.0,10.7244,0.0438,0.4325
9.756,4,0,40,0,489.4371,590.0735,486.946,589.701,-2.4911,-0.3725,0.0,9.4252,0.1527,0.2493
9.8324,4,0,40,0,496.9068,590.5654,495.6891,590.2357,-1.2177,-0.3296,0.0,8.1889,0.0243,-0.1262
9.9382,4,0,40,0,495.1834,589.6455,496.5223,589.2462,1.3389,-0.3993,0.0,8.324,0.0944,-0.3851
10.0147,4,0,40,0,496.9446,590.8855,494.5824,590.6082,-2.3622,-0.2773,0.0,7.8226,0.1755,0.0387
10.0879,4,1,40,0,509.7007,588.6047,507.6691,589.384,-2.0316,0.7793,0.0,8.0469,0.1524,0.1655
10.1901,4,1,40,0,511.0809,587.0762,511.4964,587.4732,0.4155,0.3969,0.0,8.4863,0.071,0.1786
10.2773,4,1,40,0,515.2742,588.7357,515.0616,588.8429,-0.2126,0.1072,0.0,7.9294,0.0191,0.0039
10.4142,4,1,40,0,521.9914,590.2106,521.6918,591.1226,-0.2996,0.912,0.0,7.8789,0.1396,0.4833
10.4876,4,1,40,0,521.835,589.9418,519.8808,589.2599,-1.9542,-0.6819,0.0,7.6664,0.1414,-0.185
10.5414,4,1,40,0,529.5959,591.9702,525.5617,591.5443,-4.0342,-0.4259,0.0,8.064,0.1983,0.4223
10.6391,4,1,40,0,531.8627,590.8424,527.9856,589.5652,-3.8771,-1.2772,0.0,8.3394,0.0431,0.4944
10.6982,4,1,40,0,535.9947,590.7934,534.7849,589.8024,-1.2098,-0.991,0.0,7.9961,0.0767,-0.3703
10.7804,4,1,40,0,541.9194,590.6974,539.5962,590.7445,-2.3233,0.0472,0.0,8.0833,0.064,0.3875
10.8749,4,1,40,0,544.8008,591.0013,545.2938,590.9375,0.4931,-0.0637,0.0,9.0693,0.1424,-0.2711
11.0234,5,1,40,0,597.1712,578.2671,597.2731,578.32,0.1019,0.0529,0.0,7.6798,0.0804,0.371
11.1151,5,1,40,0,598.0192,578.5966,599.0574,577.6662,1.0382,-0.9304,0.0,8.1417,0.1432,0.4263
11.1916,5,1,40,0,605.4524,582.0569,603.4394,582.8838,-2.0129,0.8269,0.0,7.9224,0.0504,0.0197
11.3148,5,1,40,0,604.5626,576.7596,603.4842,575.4801,-1.0784,-1.2795,0.0,8.2876,0.008,0.0083
11.4075,5,1,40,0,612.0332,577.9009,613.7866,577.2271,1.7534,-0.6739,0.0,8.7234,0.1826,0.4122
11.517,5,1,40,0,616.5317,580.3371,617.1406,580.6624,0.6089,0.3253,0.0,7.394,0.0056,0.333
11.603,5,1,40,0,619.6456,581.3578,621.4552,581.2836,1.8096,-0.0742,0.0,7.8858,0.1728,-0.4064
11.696,5,1,40,0,628.7909,579.2045,629.6041,578.2289,0.8131,-0.9757,0.0,8.1163,0.1801,-0.4307
11.8222,5,1,40,0,624.9744,578.98,623.6918,578.5518,-1.2826,-0.4283,0.0,7.8446,0.1791,0.4534
11.9525,5,1,40,0,632.769,580.9109,632.0397,581.3651,-0.7294,0.4543,0.0,7.6095,0.1642,-0.194
12.0308,5,1,40,0,634.8596,577.2164,633.5228,576.3016,-1.3368,-0.9148,0.0,7.5866,0.1636,0.2693
12.1636,5,1,40,0,640.2193,582.3756,641.0652,582.3122,0.8459,-0.0635,0.0,7.6929,0.0921,-0.2171
12.3093,5,1,40,0,646.2935,580.0947,646.0184,581.1276,-0.2751,1.0328,0.0,8.0076,0.0937,-0.1018
12.4082,5,1,40,0,648.0647,579.0825,648.334,579.8953,0.2693,0.8128,0.0,8.0703,0.1108,0.1994
12.5239,6,1,40,0,702.8729,592.9757,705.136,592.6981,2.2631,-0.2776,0.0,8.083,0.1909,-0.2261
12.6566,6,1,40,0,711.3474,589.0674,709.5671,590.216,-1.7803,1.1486,0.0,8.4758,0.0205,-0.1227
12.7426,6,1,40,0,710.9206,589.3453,710.0674,589.86,-0.8533,0.5147,0.0,8.2717,0.0466,-0.4752
12.8052,6,1,40,0,716.656,590.2112,714.646,589.4757,-2.01,-0.7355,0.0,7.6362,0.0323,0.034
12.865,6,1,40,0,718.1535,588.7811,719.2203,587.7773,1.0669,-1.0038,0.0,8.5071,0.1147,-0.4341
13.0149,6,1,40,0,726.4402,591.9033,724.1024,593.1265,-2.3377,1.2232,0.0,7.46,0.1535,0.1989
13.1466,6,1,40,0,726.5097,591.4202,723.2818,590.2748,-3.2279,-1.1454,0.0,7.7515,0.0555,-0.3339
13.2102,6,1,40,0,730.0763,592.1188,729.8876,593.2096,-0.1887,1.0908,0.0,8.7027,0.1407,-0.1895
13.3408,6,1,40,0,733.4589,592.3907,733.6799,592.8497,0.2209,0.459,0.0,8.1253,0.1286,0.4726
13.4231,6,1,40,0,746.7464,588.4647,746.6744,588.1377,-0.0721,-0.327,0.0,8.3442,0.1407,-0.1114
13.5311,6,1,40,0,739.7702,591.6528,742.3995,592.2659,2.6292,0.613,0.0,8.4545,0.0756,0.2724
13.6313,6,1,40,0,752.1941,592.1446,753.2294,592.4011,1.0354,0.2564,0.0,8.1643,0.0599,0.3877
13.7058,6,1,40,0,751.3754,588.6865,751.4283,587.9954,0.0529,-0.6911,0.0,7.5269,0.1374,0.3476
13.842,6,1,40,0,752.9734,587.4828,754.2338,587.2747,1.2603,-0.2082,0.0,8.1051,0.031,-0.456
13.9157,7,1,40,0,805.1355,570.4316,804.7237,569.6155,-0.4118,-0.8161,0.0,8.9316,0.0686,0.074
14.002,7,1,40,0,813.2556,570.3473,812.3211,571.2957,-0.9345,0.9484,0.0,9.1034,0.062,-0.3839
14.1491,7,1,40,0,819.1427,570.0472,819.9297,569.4728,0.787,-0.5744,0.0,10.7816,0.0269,0.0702
14.2353,7,1,40,0,821.429,569.031,821.9102,569.1713,0.4812,0.1403,0.0,10.2974,0.1312,-0.3182
14.321,7,1,40,0,828.5368,568.7962,827.5452,569.6918,-0.9916,0.8957,0.0,10.4108,0.0143,-0.0453
14.3832,7,1,40,0,835.9672,572.0672,835.9937,572.1129,0.0265,0.0456,0.0,10.2422,0.1579,0.0016
14.4903,7,1,40,0,834.227,569.8733,835.1307,569.3038,0.9037,-0.5695,0.0,10.3156,0.192,-0.1275
14.5869,7,1,40,0,839.1603,568.7262,838.6871,569.4844,-0.4732,0.7582,0.0,9.7621,0.1111,-0.1639
14.6837,7,1,40,0,847.836,571.5558,848.0856,574.0478,0.2496,2.492,0.0,10.0084,0.1081,-0.3117
14.7474,7,1,40,0,855.1768,569.2827,854.7585,569.0824,-0.4183,-0.2003,0.0,9.4151,0.1024,0.0136
14.8134,7,1,40,0,859.7217,571.5221,860.7934,572.33,1.0717,0.8079,0.0,9.7846,0.0549,0.419
14.9614,7,1,40,0,862.6563,566.1628,859.7638,565.3415,-2.8925,-0.8213,0.0,10.6268,0.0203,-0.4533
15.0242,7,1,40,0,869.1296,571.3559,868.2322,570.9629,-0.8974,-0.393,0.0,10.3479,0.1072,-0.3645
15.0754,7,1,40,0,874.4589,568.1884,875.5407,571.1461,1.0818,2.9577,0.0,9.942,0.1516,0.1137
15.1708,8,1,40,0,913.2586,579.3245,910.4792,579.3906,-2.7793,0.0661,0.0,10.8239,0.1921,0.1606
15.2725,8,1,40,0,915.153,580.4598,913.5994,581.8718,-1.5536,1.412,0.0,9.8959,0.1167,0.2665
15.3693,8,1,40,0,925.9886,581.2111,925.4749,581.941,-0.5137,0.7299,0.0,9.096,0.0455,0.3346
15.4232,8,1,40,0,927.2144,580.5297,928.3231,581.6143,1.1088,1.0846,0.0,11.0122,0.1983,0.2794
15.552,8,1,40,0,933.5907,579.9653,933.6419,579.7791,0.0512,-0.1862,0.0,9.9337,0.0956,-0.3036
15.604,8,1,40,0,941.1063,579.067,942.2407,580.5982,1.1344,1.5312,0.0,10.0588,0.0437,-0.3792
15.7416,8,1,40,0,945.8914,580.5888,944.186,582.1003,-1.7054,1.5114,0.0,9.7014,0.1285,0.0131
15.7969,8,1,40,0,951.6121,580.0168,951.4758,581.6691,-0.1363,1.6523,0.0,10.1419,0.154,-0.3514
15.8843,8,1,40,0,955.2624,580.2091,955.6483,579.5067,0.3859,-0.7024,0.0,9.857,0.0482,0.1782
16.0236,8,1,40,0,960.6106,579.987,958.1394,578.4894,-2.4712,-1.4976,0.0,10.2272,0.1167,-0.0957
16.161,8,1,40,0,967.7439,579.6437,969.0413,578.568,1.2974,-1.0757,0.0,10.4713,0.0689,0.4129
16.2936,8,1,40,0,970.1691,580.4132,970.6943,580.1594,0.5252,-0.2538,0.0,10.2733,0.031,-0.4849
16.3835,8,1,40,0,976.9998,580.615,975.6784,581.6887,-1.3214,1.0737,0.0,10.1813,0.1743,0.1783
16.5004,8,1,40,0,979.9219,580.7825,978.5802,581.1371,-1.3417,0.3546,0.0,9.9802,0.0761,-0.1872
16.5705,9,2,40,0,1018.3017,589.7181,1017.4069,592.6634,-0.8948,2.9453,0.0,8.0122,0.1011,-0.1194
16.6915,9,2,40,0,1026.9302,589.1649,1026.9828,588.6206,0.0526,-0.5443,0.0,9.2366,0.1962,0.2655
16.8206,9,2,40,0,1027.9128,590.6082,1028.3482,592.621,0.4354,2.0128,0.0,8.9989,0.1153,0.1096
16.8968,9,2,40,0,1028.8837,591.0994,1030.4806,590.4721,1.5969,-0.6273,0.0,8.684,0.0698,-0.2265
16.955,9,2,40,0,1037.8628,588.3488,1036.6562,589.4428,-1.2066,1.0939,0.0,8.6528,0.0335,-0.4481
17.0691,9,2,40,0,1042.7801,589.7648,1041.5045,590.0422,-1.2756,0.2774,0.0,8.8634,0.0663,0.0137
17.1407,9,2,40,0,1046.2117,589.1282,1043.4979,590.0073,-2.7137,0.8791,0.0,9.1788,0.0135,-0.235
17.2325,9,2,40,0,1045.96,588.6388,1048.0143,590.6511,2.0543,2.0123,0.0,8.2761,0.0984,-0.3293
17.3464,9,2,40,0,1051.3975,588.4918,1052.1663,589.4894,0.7689,0.9976,0.0,8.7819,0.1438,-0.3411
17.4025,9,2,40,0,1059.4597,587.1238,1056.3613,588.9089,-3.0984,1.7851,0.0,9.2631,0.0736,-0.4594
17.5231,9,2,40,0,1065.1256,588.8208,1067.0081,588.9847,1.8825,0.1639,0.0,9.0369,0.1883,0.1992
17.6169,9,2,40,0,1065.6242,589.4153,1065.8004,588.7728,0.1762,-0.6426,0.0,8.6977,0.1262,-0.0015
17.7066,9,2,40,0,1076.3373,591.1538,1075.2555,591.813,-1.0818,0.6593,0.0,9.7488,0.0223,-0.0776
17.7794,9,2,40,0,1074.968,589.1349,1074.9917,589.1794,0.0237,0.0445,0.0,8.8054,0.0485,0.3993
17.8341,10,2,40,1,1125.9074,589.3418,1154.7532,626.4844,28.8458,37.1426,6.3394,11.5622,0.0437,0.4186
17.9517,10,2,40,1,1126.8888,588.979,1149.2697,595.0288,22.3809,6.0499,7.4434,10.0523,0.1365,0.1805
18.057,10,2,40,1,1132.8987,589.3613,1127.178,610.9019,-5.7207,21.5406,16.0163,12.9002,0.0546,0.4234
18.1811,10,2,40,1,1140.3135,589.1439,1149.8,582.7788,9.4865,-6.3651,9.9605,10.6546,0.032,0.1135
18.3065,10,2,40,1,1151.3987,590.7287,1151.6254,597.273,0.2266,6.5444,17.7984,12.7104,0.1612,-0.403
18.3731,10,2,40,1,1148.1775,590.2932,1156.8155,592.7881,8.638,2.4949,31.5027,11.8187,0.1608,0.4475
18.4557,10,2,40,1,1155.4882,588.7536,1176.9092,606.8684,21.421,18.1149,7.0653,10.3095,0.1264,0.2891
18.5851,10,2,40,1,1163.5637,590.6666,1182.5855,589.7064,19.0218,-0.9602,20.6852,10.7289,0.1769,-0.4045
18.6719,10,2,40,1,1170.9926,590.3526,1190.6924,591.0548,19.6997,0.7021,19.5128,11.6163,0.146,-0.4722
18.7856,10,2,40,1,1168.947,588.828,1186.7647,606.1206,17.8177,17.2926,18.8339,10.6533,0.0265,0.0865
18.8837,10,2,40,1,1176.0852,589.1393,1207.8697,588.4962,31.7845,-0.6431,0.0,11.8975,0.0261,-0.0083
18.9531,10,2,40,1,1187.582,588.9699,1207.6493,595.2498,20.0674,6.28,9.2504,11.985,0.063,-0.3542
19.0685,10,2,40,1,1182.5185,590.4981,1210.3263,591.627,27.8079,1.1289,0.0,11.061,0.1546,-0.4114
19.137,10,2,40,1,1187.8927,591.7819,1205.3973,604.1172,17.5047,12.3353,10.0586,11.4742,0.0155,0.1409
19.2004,11,2,40,1,1226.8308,578.7377,1253.2856,584.7128,26.4548,5.9751,11.7289,9.8812,0.0522,-0.4529
19.2606,11,2,40,1,1235.4977,579.8278,1258.8794,589.9389,23.3817,10.1111,7.5465,8.5051,0.0995,-0.3656
19.3115,11,2,40,1,1236.4461,581.7331,1256.9862,590.2074,20.5401,8.4744,16.7233,8.7136,0.1932,-0.2618
19.4129,11,2,40,1,1243.4335,582.5131,1252.9086,584.8176,9.4751,2.3045,9.1297,8.7819,0.1741,-0.2535
19.5109,11,2,40,1,1243.9604,583.8038,1249.2766,586.5388,5.3162,2.735,6.7624,8.4256,0.0847,-0.4291
19.6364,11,2,40,1,1248.1504,578.5902,1246.2704,594.8215,-1.88,16.2314,13.64,8.332,0.1768,-0.3804
19.702,11,2,40,1,1253.9555,577.9771,1256.3791,576.3293,2.4236,-1.6478,25.3329,8.2263,0.0558,-0.2638
19.8179,11,2,40,1,1259.988,578.9951,1279.4739,593.0922,19.4859,14.0971,4.6059,8.4924,0.0494,-0.2859
19.9031,11,2,40,1,1265.8213,579.3229,1276.9645,595.0672,11.1432,15.7443,10.5269,8.6735,0.1391,-0.0003
20.0091,11,2,40,1,1262.1573,580.8591,1287.3174,587.1554,25.1601,6.2963,17.9647,8.3433,0.1939,-0.2561
20.0777,11,2,40,1,1269.3867,579.0885,1288.9321,596.8174,19.5454,17.7289,28.51,9.6622,0.1062,-0.2276
20.1847,11,2,40,1,1276.7943,580.6248,1294.9511,587.2175,18.1568,6.5928,12.123,9.7833,0.1064,-0.0349
20.2559,11,2,40,1,1279.3564,580.7696,1295.6074,597.6081,16.251,16.8385,15.5192,8.9209,0.0875,0.3532
20.3416,11,2,40,1,1280.9156,580.9866,1295.4463,582.145,14.5307,1.1585,23.5513,9.438,0.1844,0.1209
20.3928,12,2,40,1,1334.4916,590.2679,1341.4703,612.0172,6.9787,21.7493,20.4187,9.3081,0.1525,0.4056
20.4879,12,2,40,1,1331.8707,588.0493,1343.8663,580.1123,11.9956,-7.937,10.8762,11.1039,0.0493,0.1905
20.6006,12,2,40,1,1343.3086,590.927,1363.3527,598.2817,20.044,7.3547,25.5442,9.1706,0.0751,-0.2495
20.7468,12,2,40,1,1348.7799,590.8035,1372.4009,586.4449,23.621,-4.3585,7.3462,10.8128,0.0655,-0.2025
20.8106,12,2,40,1,1355.2374,587.1426,1363.1016,601.9422,7.8643,14.7996,13.1443,9.6354,0.0045,-0.1913
20.9013,12,2,40,1,1358.7149,591.6812,1371.2143,615.3344,12.4994,23.6531,7.9715,9.7533,0.1352,0.0853
21.0012,12,2,40,1,1364.4871,592.3909,1378.1613,598.3632,13.6742,5.9724,18.3238,9.0964,0.1361,0.3917
21.1134,12,2,40,1,1364.4815,590.6995,1376.4758,610.0503,11.9943,19.3509,9.36,10.1332,0.1205,0.2734
21.233,12,2,40,1,1373.663,589.8633,1390.5168,585.2797,16.8538,-4.5835,15.2459,11.0948,0.118,-0.1917
21.3569,12,2,40,1,1377.0913,589.5815,1382.9636,595.6438,5.8724,6.0624,25.6075,9.645,0.1592,0.3879
21.4991,12,2,40,1,1382.2122,592.1913,1394.7258,595.8704,12.5136,3.6791,23.6034,9.5325,0.1259,0.4589
21.6349,12,2,40,1,1385.213,592.1558,1386.0433,582.2895,0.8304,-9.8663,18.29,8.778,0.001,0.3382
21.6903,12,2,40,1,1386.9546,588.6256,1394.6777,600.7074,7.7232,12.0817,9.8521,9.5124,0.087,0.0506
21.7414,12,2,40,1,1396.9921,589.7746,1416.4968,582.6699,19.5047,-7.1047,14.1499,9.4406,0.1104,0.3061
21.8384,13,2,40,1,1433.7782,578.0031,1456.0516,576.3478,22.2734,-1.6553,22.6743,9.881,0.1855,-0.4404
21.9827,13,2,40,1,1440.9436,579.7086,1461.4307,574.5548,20.4871,-5.1538,7.9051,10.8933,0.0997,0.2815
22.1273,13,2,40,1,1441.7257,580.9578,1460.7564,602.0021,19.0307,21.0442,20.438,8.6081,0.0978,0.2862
22.1836,13,2,40,1,1450.0034,582.3446,1461.7537,585.733,11.7503,3.3884,13.2769,10.1536,0.0264,-0.0778
22.3292,13,2,40,1,1452.4479,581.1577,1454.4933,597.1188,2.0454,15.9612,14.0805,11.0761,0.0473,-0.4411
22.4555,13,2,40,1,1461.3781,578.2064,1481.042,579.2425,19.6639,1.0361,12.2062,10.1345,0.1331,0.2796
22.5783,13,2,40,1,1463.3844,582.1524,1465.9047,584.3734,2.5202,2.221,22.3504,10.3404,0.1394,-0.41
22.7239,13,2,40,1,1474.3442,581.0803,1481.3949,601.046,7.0506,19.9657,13.2801,10.2337,0.1516,-0.0791
22.7763,13,2,40,1,1474.0201,579.3631,1493.2853,584.4262,19.2651,5.0631,22.5709,9.8826,0.1873,-0.0027
22.8688,13,2,40,1,1478.4418,580.5265,1480.9335,597.4934,2.4918,16.9669,7.3383,9.2002,0.0034,0.2086
22.9433,13,2,40,1,1481.0293,582.6948,1503.8169,582.9767,22.7875,0.2819,13.5873,10.25,0.0264,-0.0266
23.0723,13,2,40,1,1491.2278,578.0128,1500.4878,584.5713,9.2601,6.5585,21.1216,9.1239,0.0638,-0.2236
23.2091,13,2,40,1,1495.658,580.7454,1516.1161,589.6807,20.4581,8.9353,15.9562,9.8554,0.0224,-0.0293
23.3143,13,3,40,1,1501.9315,577.4778,1527.1173,582.0845,25.1857,4.6067,15.4407,9.7583,0.017,-0.2396
23.4274,14,3,40,1,1543.5009,568.9034,1572.1786,572.9825,28.6777,4.0791,4.578,9.608,0.1484,-0.1366
23.4898,14,3,40,1,1541.034,569.5167,1561.4816,585.0162,20.4476,15.4994,10.6247,9.6242,0.0146,-0.4812
23.5521,14,3,40,1,1548.0909,570.7021,1576.0062,569.0114,27.9154,-1.6906,20.1298,9.1381,0.1872,0.4422
23.6688,14,3,40,1,1555.0992,570.9422,1574.4859,567.0265,19.3867,-3.9157,18.308,9.1559,0.0244,0.2696
23.7905,14,3,40,1,1561.986,572.6149,1574.864,587.346,12.878,14.7311,17.8068,10.8526,0.0761,-0.1301
23.9014,14,3,40,1,1560.0218,572.1841,1581.9774,584.8405,21.9556,12.6564,17.6092,10.1805,0.1029,0.3084
24.0386,14,3,40,1,1570.5391,567.1945,1576.6073,574.1662,6.0682,6.9718,16.1474,8.542,0.1423,-0.3505
24.091,14,3,40,1,1571.0211,569.8267,1598.8898,580.3798,27.8686,10.5532,22.5872,9.1201,0.1431,0.4882
24.1908,14,3,40,1,1577.047,567.3305,1586.7198,589.0869,9.6728,21.7564,21.1757,9.5045,0.007,0.22
24.2858,14,3,40,1,1584.4531,570.5234,1596.5989,580.5397,12.1458,10.0164,12.956,9.4699,0.153,-0.4346
24.4352,14,3,40,1,1588.8425,569.9742,1608.3934,574.3677,19.5509,4.3935,19.747,10.3152,0.1991,0.0451
24.5689,14,3,40,1,1589.5639,569.2228,1598.2313,581.9735,8.6674,12.7508,17.6996,9.3966,0.1331,0.4771
24.6207,14,3,40,1,1594.778,566.7775,1607.1972,578.1811,12.4191,11.4037,7.7145,9.014,0.0898,0.3457
24.7628,14,3,40,1,1600.3501,572.382,1626.0547,580.5151,25.7047,8.133,15.7691,9.4473,0.1282,0.1802
24.8176,15,3,40,1,1643.6066,571.5953,1646.8661,580.4189,3.2595,8.8236,10.112,11.6892,0.058,-0.3119
24.9605,15,3,40,1,1645.8023,570.2527,1660.2676,585.2654,14.4653,15.0126,22.5548,9.9786,0.0377,-0.01
25.0911,15,3,40,1,1661.7049,568.8936,1695.1775,589.4289,33.4726,20.5352,21.567,10.2396,0.1047,0.4167
25.2205,15,3,40,1,1660.1772,570.9461,1677.3773,568.128,17.2002,-2.8181,7.2115,10.9665,0.1806,0.4261
25.3053,15,3,40,1,1668.29,572.1185,1673.9002,574.5993,5.6101,2.4808,12.949,12.5647,0.1328,-0.1738
25.3737,15,3,40,1,1668.436,570.6274,1687.36,567.4513,18.924,-3.1761,16.2016,10.8961,0.0749,0.3933
25.4836,15,3,40,1,1670.8139,572.5623,1686.3494,573.7744,15.5355,1.2121,12.2781,10.4847,0.0176,-0.3332
25.5656,15,3,40,1,1683.7526,570.4802,1683.404,585.8822,-0.3486,15.402,14.5416,10.9463,0.0187,-0.3701
25.6269,15,3,40,1,1687.3791,570.3314,1703.9913,578.1445,16.6122,7.813,17.8306,11.476,0.1385,0.3107
25.716,15,3,40,1,1692.1232,567.3101,1705.7781,569.2434,13.6549,1.9333,14.3217,11.0031,0.1284,0.3219
25.7727,15,3,40,1,1697.7656,570.4861,1710.4968,585.3347,12.7312,14.8485,23.9664,11.0031,0.0214,-0.1627
25.8678,15,3,40,1,1703.207,570.7814,1729.0038,573.4205,25.7968,2.6391,10.736,10.5595,0.1103,0.0683
26.0104,15,3,40,1,1700.704,571.1173,1711.9671,569.5365,11.2631,-1.5808,16.5279,11.4771,0.0322,0.2728
26.1084,15,3,40,1,1713.8406,570.0855,1741.3803,571.9722,27.5397,1.8867,27.3372,10.7973,0.1661,-0.1081
26.2186,16,3,40,1,1747.9359,579.9217,1763.6914,602.9347,15.7554,23.013,19.5553,12.1315,0.1984,-0.1266
26.3552,16,3,40,1,1750.3477,579.8426,1752.9483,594.5024,2.6005,14.6599,14.2308,11.7135,0.0112,0.4011
26.4584,16,3,40,1,1764.2379,577.891,1795.0682,589.3455,30.8303,11.4544,17.4081,11.6974,0.0665,0.3787
26.5508,16,3,40,1,1763.7477,580.6913,1766.9948,586.4401,3.2471,5.7489,14.4717,11.4556,0.0486,0.3068
26.6232,16,3,40,1,1770.4551,580.1991,1796.4494,584.9198,25.9944,4.7207,5.7395,10.845,0.1703,-0.0956
26.6947,16,3,40,1,1771.6605,580.2522,1791.3588,589.8928,19.6983,9.6406,15.9087,10.3443,0.1486,0.0556
26.7884,16,3,40,1,1778.324,580.2364,1794.8056,597.094,16.4815,16.8576,20.0824,10.3301,0.1852,0.3966
26.893,16,3,40,1,1790.6015,576.9218,1807.1101,600.4208,16.5085,23.4989,20.1512,11.0219,0.1527,-0.4867
26.9733,16,3,40,1,1793.5949,577.6368,1807.9946,588.6606,14.3997,11.0237,15.5357,11.4367,0.1887,-0.4652
27.0294,16,3,40,1,1797.3969,581.9601,1823.7396,571.2901,26.3426,-10.67,13.0724,10.3033,0.1016,-0.3004
27.0836,16,3,40,1,1804.2787,580.7789,1819.9091,581.3907,15.6304,0.6118,21.3892,10.8254,0.1972,-0.0306
27.1965,16,3,40,1,1804.8192,578.6683,1814.2715,586.3238,9.4523,7.6555,10.207,11.0152,0.1399,0.2037
27.3198,16,3,40,1,1812.1487,578.2799,1820.0933,583.6862,7.9446,5.4063,13.6796,11.0104,0.1342,0.2164
27.4362,16,3,40,1,1817.9308,578.1758,1839.6307,589.5435,21.7,11.3677,13.8729,10.6461,0.003,-0.0058
27.5256,17,3,40,1,1855.4819,591.3601,1860.1476,599.2798,4.6656,7.9197,9.1585,10.5286,0.077,0.3319
27.6508,17,3,40,1,1859.0131,589.2259,1863.3372,596.036,4.324,6.8101,8.8396,9.7471,0.0313,0.4848
27.7852,17,3,40,1,1861.0629,590.8728,1875.9354,600.3326,14.8726,9.4598,12.0396,9.6321,0.141,-0.1675
27.8368,17,3,40,1,1872.1921,587.861,1893.1458,597.9451,20.9537,10.0841,14.7403,9.2654,0.1661,0.021
27.9311,17,3,40,1,1875.7022,590.2136,1890.2008,604.3289,14.4986,14.1153,14.8898,10.8078,0.1802,-0.2876
27.9997,17,3,40,1,1875.7861,592.7984,1896.1946,610.497,20.4085,17.6986,8.9808,10.6071,0.1164,0.2852
28.1269,17,3,40,1,1880.1219,590.9391,1901.3283,610.4707,21.2064,19.5316,27.934,11.0613,0.1701,0.104
28.229,17,3,40,1,1887.4984,589.5479,1911.9562,606.9989,24.4578,17.451,19.2588,9.305,0.136,-0.2948
28.3034,17,3,40,1,1891.6114,590.0219,1893.7374,588.5126,2.126,-1.5092,5.8139,9.8793,0.1931,0.2508
28.4089,17,3,40,1,1897.9651,590.183,1897.8999,587.1005,-0.0652,-3.0826,15.9837,9.5733,0.1656,-0.3309
28.5113,17,3,40,1,1904.918,590.8962,1916.4995,573.2153,11.5815,-17.6809,4.911,10.2806,0.1152,-0.463
28.5906,17,3,40,1,1904.4089,590.4248,1924.1184,591.9187,19.7094,1.494,16.9087,9.9374,0.0226,-0.2459
28.6921,17,3,40,1,1910.5946,588.2417,1925.2338,576.1975,14.6392,-12.0441,16.8587,10.0595,0.1414,-0.0939
28.8014,17,3,40,1,1918.9245,591.713,1936.104,591.3819,17.1795,-0.331,18.6108,9.8049,0.002,0.1066
