sim_time,vehicle_id,rsu_id,attack_pct,real_pos_x,real_pos_y,fake_pos_x,fake_pos_y,drift_x,drift_y,disp_err_m,speed_ms,heading_rad,accel_ms2
7.0088,2,0,100,280.0000,570.0000,255.4678,546.6272,-24.5322,-23.3728,33.8839,10.0000,0.0000,0.0000
7.0099,3,0,100,313.0563,590.0000,288.5278,566.6322,-24.5285,-23.3678,33.8777,9.0000,0.0000,0.0000
7.0132,4,0,100,357.1375,570.0000,332.6205,546.6472,-24.5170,-23.3528,33.8591,11.0000,0.0000,0.0000
7.0255,5,0,100,346.1500,590.0000,321.6757,566.7021,-24.4743,-23.2979,33.7903,8.0000,0.0000,0.0000
7.0316,6,1,100,780.2500,570.0000,755.7979,546.7302,-24.4521,-23.2698,33.7548,10.0000,0.0000,0.0000
7.0380,7,1,100,813.2813,590.0000,788.8526,566.7594,-24.4286,-23.2406,33.7177,9.0000,0.0000,0.0000
7.0403,8,1,100,857.4125,570.0000,832.9924,546.7700,-24.4201,-23.2300,33.7042,11.0000,0.0000,0.0000
7.0485,9,1,100,846.3500,590.0000,821.9610,566.8080,-24.3890,-23.1920,33.6555,8.0000,0.0000,0.0000
7.0527,10,2,100,1280.5000,570.0000,1256.1275,546.8279,-24.3725,-23.1721,33.6298,10.0000,0.0000,0.0000
7.0590,11,2,100,1313.5063,590.0000,1289.1585,566.8576,-24.3477,-23.1424,33.5914,9.0000,0.0000,0.0000
7.0722,12,2,100,1357.6875,570.0000,1333.3930,546.9202,-24.2945,-23.0798,33.5097,11.0000,0.0000,0.0000
7.0744,13,2,100,1346.5500,590.0000,1322.2647,566.9309,-24.2853,-23.0691,33.4957,8.0000,0.0000,0.0000
7.0757,14,3,100,1639.2500,570.0000,1614.9701,546.9372,-24.2799,-23.0628,33.4874,10.0000,3.1416,0.0000
7.0849,15,3,100,1686.2687,590.0000,1662.0279,566.9821,-24.2408,-23.0179,33.4282,9.0000,3.1416,0.0000
7.0892,16,3,100,1702.0375,570.0000,1677.8150,547.0029,-24.2225,-22.9971,33.4006,11.0000,3.1416,0.0000
13.0251,6,1,20,840.2500,570.0000,847.8101,594.3453,7.5601,24.3453,25.4921,10.0000,0.0000,0.0000
7.0974,17,3,100,1733.2500,590.0000,1709.0633,567.0432,-24.1867,-22.9568,33.3468,8.0000,3.1416,0.0000
13.0313,7,1,20,867.2813,590.0000,874.7369,614.3274,7.4556,24.3274,25.4442,9.0000,0.0000,0.0000
13.0376,8,1,20,923.4125,570.0000,930.7637,594.3093,7.3512,24.3093,25.3965,11.0000,0.0000,0.0000
13.0438,9,1,20,894.3500,590.0000,901.5967,614.2909,7.2467,24.2909,25.3489,8.0000,0.0000,0.0000
12.0251,6,1,60,830.2500,570.0000,851.3836,594.0900,21.1336,24.0900,32.0462,10.0000,0.0000,0.0000
12.0313,7,1,60,858.2813,590.0000,879.3563,614.1108,21.0750,24.1108,32.0232,9.0000,0.0000,0.0000
12.0376,8,1,60,912.4125,570.0000,933.4284,594.1313,21.0159,24.1313,31.9998,11.0000,0.0000,0.0000
12.0438,9,1,60,886.3500,590.0000,907.3065,614.1516,20.9565,24.1516,31.9762,8.0000,0.0000,0.0000
12.0751,14,3,60,1589.2500,570.0000,1609.9033,594.2496,20.6533,24.2496,31.8528,10.0000,3.1416,0.0000
12.0813,15,3,60,1641.2687,590.0000,1661.8603,614.2684,20.5915,24.2684,31.8272,9.0000,3.1416,0.0000
12.0876,16,3,60,1647.0375,570.0000,1667.5667,594.2871,20.5292,24.2871,31.8011,11.0000,3.1416,0.0000
12.0938,17,3,60,1693.2500,590.0000,1713.7167,614.3055,20.4667,24.3055,31.7749,8.0000,3.1416,0.0000
7.5001,2,0,100,285.0000,570.0000,263.5275,549.4867,-21.4725,-20.5133,29.6961,10.0000,0.0000,0.0000
7.5063,3,0,100,317.5563,590.0000,296.1400,569.5315,-21.4163,-20.4685,29.6246,9.0000,0.0000,0.0000
7.5126,4,0,100,362.6375,570.0000,341.2778,549.5764,-21.3597,-20.4236,29.5527,11.0000,0.0000,0.0000
7.5188,5,0,100,350.1500,590.0000,328.8473,569.6215,-21.3027,-20.3785,29.4803,8.0000,0.0000,0.0000
7.5251,6,1,100,785.2500,570.0000,764.0049,549.6670,-21.2451,-20.3330,29.4073,10.0000,0.0000,0.0000
7.5313,7,1,100,817.7813,590.0000,796.5939,569.7125,-21.1873,-20.2875,29.3340,9.0000,0.0000,0.0000
7.5376,8,1,100,862.9125,570.0000,841.7834,549.7582,-21.1291,-20.2418,29.2604,11.0000,0.0000,0.0000
7.5439,9,1,100,850.3500,590.0000,829.2797,569.8042,-21.0703,-20.1958,29.1861,8.0000,0.0000,0.0000
7.5501,10,2,100,1285.5000,570.0000,1264.4887,549.8503,-21.0113,-20.1497,29.1116,10.0000,0.0000,0.0000
7.5563,11,2,100,1318.0063,590.0000,1297.0544,569.8967,-20.9519,-20.1033,29.0366,9.0000,0.0000,0.0000
7.5626,12,2,100,1363.1875,570.0000,1342.2955,549.9432,-20.8920,-20.0568,28.9612,11.0000,0.0000,0.0000
7.5688,13,2,100,1350.5500,590.0000,1329.7183,569.9900,-20.8317,-20.0100,28.8853,8.0000,0.0000,0.0000
7.5751,14,3,100,1634.2500,570.0000,1613.4789,550.0369,-20.7711,-19.9631,28.8091,10.0000,3.1416,0.0000
7.5813,15,3,100,1681.7687,590.0000,1661.0587,570.0840,-20.7100,-19.9160,28.7325,9.0000,3.1416,0.0000
13.5251,6,1,20,845.2500,570.0000,844.1806,592.1822,-1.0694,22.1822,22.2080,10.0000,0.0000,0.0000
7.5876,16,3,100,1696.5375,570.0000,1675.8890,550.1313,-20.6485,-19.8687,28.6553,11.0000,3.1416,0.0000
13.5313,7,1,20,871.7813,590.0000,870.6027,612.1461,-1.1786,22.1461,22.1775,9.0000,0.0000,0.0000
7.5938,17,3,100,1729.2500,590.0000,1708.6633,570.1788,-20.5867,-19.8212,28.5778,8.0000,3.1416,0.0000
13.5376,8,1,20,928.9125,570.0000,927.6245,592.1097,-1.2880,22.1097,22.1472,11.0000,0.0000,0.0000
13.5438,9,1,20,898.3500,590.0000,896.9529,612.0731,-1.3971,22.0731,22.1173,8.0000,0.0000,0.0000
12.5251,6,1,60,835.2500,570.0000,850.5227,594.9947,15.2727,24.9947,29.2915,10.0000,0.0000,0.0000
12.5313,7,1,60,862.7813,590.0000,877.9673,614.9962,15.1860,24.9962,29.2476,9.0000,0.0000,0.0000
12.5376,8,1,60,917.9125,570.0000,933.0116,594.9974,15.0991,24.9974,29.2036,11.0000,0.0000,0.0000
12.5439,9,1,60,890.3500,590.0000,905.3616,614.9984,15.0116,24.9984,29.1594,8.0000,0.0000,0.0000
12.5751,14,3,60,1584.2500,570.0000,1598.8208,594.9998,14.5708,24.9998,28.9360,10.0000,3.1416,0.0000
12.5813,15,3,60,1636.7687,590.0000,1651.2505,614.9993,14.4818,24.9993,28.8910,9.0000,3.1416,0.0000
12.5876,16,3,60,1641.5375,570.0000,1655.9301,594.9986,14.3926,24.9986,28.8457,11.0000,3.1416,0.0000
12.5938,17,3,60,1689.2500,590.0000,1703.5530,614.9976,14.3030,24.9976,28.8003,8.0000,3.1416,0.0000
8.0001,2,0,100,290.0000,570.0000,274.2196,553.6598,-15.7804,-16.3402,22.7162,10.0000,0.0000,0.0000
8.0064,3,0,100,322.0563,590.0000,306.3609,573.7191,-15.6953,-16.2809,22.6144,9.0000,0.0000,0.0000
8.0126,4,0,100,368.1375,570.0000,352.5274,553.7784,-15.6101,-16.2216,22.5126,11.0000,0.0000,0.0000
8.0188,5,0,100,354.1500,590.0000,338.6254,573.8379,-15.5246,-16.1621,22.4104,8.0000,0.0000,0.0000
8.0251,6,1,100,790.2500,570.0000,774.8113,553.8975,-15.4387,-16.1025,22.3079,10.0000,0.0000,0.0000
8.0313,7,1,100,822.2813,590.0000,806.9288,573.9575,-15.3524,-16.0425,22.2049,9.0000,0.0000,0.0000
8.0376,8,1,100,868.4125,570.0000,853.1465,554.0174,-15.2660,-15.9826,22.1019,11.0000,0.0000,0.0000
8.0438,9,1,100,854.3500,590.0000,839.1707,574.0775,-15.1793,-15.9225,21.9985,8.0000,0.0000,0.0000
8.0501,10,2,100,1290.5000,570.0000,1275.4077,554.1378,-15.0923,-15.8622,21.8949,10.0000,0.0000,0.0000
8.0563,11,2,100,1322.5063,590.0000,1307.5014,574.1984,-15.0048,-15.8016,21.7907,9.0000,0.0000,0.0000
8.0626,12,2,100,1368.6875,570.0000,1353.7703,554.2590,-14.9172,-15.7410,21.6865,11.0000,0.0000,0.0000
8.0688,13,2,100,1354.5500,590.0000,1339.7206,574.3197,-14.8294,-15.6803,21.5820,8.0000,0.0000,0.0000
8.0751,14,3,100,1629.2500,570.0000,1614.5089,554.3807,-14.7411,-15.6193,21.4770,10.0000,3.1416,0.0000
8.0813,15,3,100,1677.2687,590.0000,1662.6161,574.4417,-14.6527,-15.5583,21.3720,9.0000,3.1416,0.0000
8.0876,16,3,100,1691.0375,570.0000,1676.4735,554.5029,-14.5640,-15.4971,21.2666,11.0000,3.1416,0.0000
8.0938,17,3,100,1725.2500,590.0000,1710.7752,574.5644,-14.4748,-15.4356,21.1608,8.0000,3.1416,0.0000
14.0251,6,1,20,850.2500,570.0000,840.6808,588.6399,-9.5692,18.6399,20.9528,10.0000,0.0000,0.0000
14.0313,7,1,20,876.2813,590.0000,866.6111,608.5878,-9.6701,18.5878,20.9528,9.0000,0.0000,0.0000
13.0251,6,1,60,840.2500,570.0000,847.8101,594.3453,7.5601,24.3453,25.4921,10.0000,0.0000,0.0000
14.0376,8,1,20,934.4125,570.0000,924.6417,588.5355,-9.7708,18.5355,20.9532,11.0000,0.0000,0.0000
13.0313,7,1,60,867.2813,590.0000,874.7369,614.3274,7.4556,24.3274,25.4442,9.0000,0.0000,0.0000
14.0438,9,1,20,902.3500,590.0000,892.4786,608.4830,-9.8714,18.4830,20.9539,8.0000,0.0000,0.0000
13.0376,8,1,60,923.4125,570.0000,930.7637,594.3093,7.3512,24.3093,25.3965,11.0000,0.0000,0.0000
13.0438,9,1,60,894.3500,590.0000,901.5967,614.2909,7.2467,24.2909,25.3489,8.0000,0.0000,0.0000
13.0751,14,3,60,1579.2500,570.0000,1585.9716,594.1956,6.7216,24.1956,25.1119,10.0000,3.1416,0.0000
13.0813,15,3,60,1632.2687,590.0000,1638.8850,614.1758,6.6162,24.1758,25.0648,9.0000,3.1416,0.0000
13.0876,16,3,60,1636.0375,570.0000,1642.5481,594.1558,6.5106,24.1558,25.0178,11.0000,3.1416,0.0000
13.0938,17,3,60,1685.2500,590.0000,1691.6550,614.1356,6.4050,24.1356,24.9710,8.0000,3.1416,0.0000
8.5001,2,0,100,295.0000,570.0000,286.8252,558.8489,-8.1748,-11.1511,13.8266,10.0000,0.0000,0.0000
8.5063,3,0,100,326.5563,590.0000,318.4848,578.9188,-8.0714,-11.0812,13.7091,9.0000,0.0000,0.0000
8.5126,4,0,100,373.6375,570.0000,365.6698,558.9890,-7.9677,-11.0110,13.5914,11.0000,0.0000,0.0000
8.5188,5,0,100,358.1500,590.0000,350.2860,579.0591,-7.8640,-10.9409,13.4739,8.0000,0.0000,0.0000
8.5251,6,1,100,795.2500,570.0000,787.4899,559.1294,-7.7601,-10.8706,13.3562,10.0000,0.0000,0.0000
8.5313,7,1,100,826.7813,590.0000,819.1251,579.1998,-7.6562,-10.8002,13.2386,9.0000,0.0000,0.0000
8.5376,8,1,100,873.9125,570.0000,866.3607,559.2704,-7.5518,-10.7296,13.1208,11.0000,0.0000,0.0000
8.5438,9,1,100,858.3500,590.0000,850.9025,579.3410,-7.4475,-10.6590,13.0031,8.0000,0.0000,0.0000
8.5501,10,2,100,1295.5000,570.0000,1288.1569,559.4117,-7.3431,-10.5883,12.8854,10.0000,0.0000,0.0000
8.5563,11,2,100,1327.0063,590.0000,1319.7677,579.4824,-7.2385,-10.5176,12.7678,9.0000,0.0000,0.0000
8.5626,12,2,100,1374.1875,570.0000,1367.0539,559.5535,-7.1336,-10.4465,12.6499,11.0000,0.0000,0.0000
8.5688,13,2,100,1358.5500,590.0000,1351.5212,579.6245,-7.0288,-10.3755,12.5322,8.0000,0.0000,0.0000
8.5751,14,3,100,1624.2500,570.0000,1617.3262,559.6956,-6.9238,-10.3044,12.4145,10.0000,3.1416,0.0000
8.5813,15,3,100,1672.7687,590.0000,1665.9501,579.7668,-6.8187,-10.2332,12.2969,9.0000,3.1416,0.0000
8.5876,16,3,100,1685.5375,570.0000,1678.8243,559.8382,-6.7132,-10.1618,12.1791,11.0000,3.1416,0.0000
8.5938,17,3,100,1721.2500,590.0000,1714.6421,579.9096,-6.6079,-10.0904,12.0615,8.0000,3.1416,0.0000
14.5251,6,1,20,855.2500,570.0000,838.3414,583.9388,-16.9086,13.9388,21.9133,10.0000,0.0000,0.0000
13.5251,6,1,60,845.2500,570.0000,844.1806,592.1822,-1.0694,22.1822,22.2080,10.0000,0.0000,0.0000
13.5313,7,1,60,871.7813,590.0000,870.6027,612.1461,-1.1786,22.1461,22.1775,9.0000,0.0000,0.0000
14.5314,7,1,20,880.7813,590.0000,863.7922,603.8738,-16.9891,13.8738,21.9343,9.0000,0.0000,0.0000
13.5376,8,1,60,928.9125,570.0000,927.6245,592.1097,-1.2880,22.1097,22.1472,11.0000,0.0000,0.0000
14.5376,8,1,20,939.9125,570.0000,922.8434,583.8088,-17.0691,13.8088,21.9554,11.0000,0.0000,0.0000
13.5438,9,1,60,898.3500,590.0000,896.9529,612.0731,-1.3971,22.0731,22.1173,8.0000,0.0000,0.0000
14.5438,9,1,20,906.3500,590.0000,889.2012,603.7436,-17.1488,13.7436,21.9766,8.0000,0.0000,0.0000
13.5751,14,3,60,1574.2500,570.0000,1572.3072,591.8871,-1.9428,21.8871,21.9731,10.0000,3.1416,0.0000
13.5813,15,3,60,1627.7687,590.0000,1625.7170,611.8492,-2.0518,21.8492,21.9453,9.0000,3.1416,0.0000
13.5876,16,3,60,1630.5375,570.0000,1628.3768,591.8112,-2.1607,21.8112,21.9179,11.0000,3.1416,0.0000
13.5938,17,3,60,1681.2500,590.0000,1678.9802,611.7728,-2.2698,21.7728,21.8908,8.0000,3.1416,0.0000
9.0001,2,0,100,300.0000,570.0000,300.4221,564.7313,0.4221,-5.2687,5.2856,10.0000,0.0000,0.0000
9.0063,3,0,100,331.0563,590.0000,331.5876,584.8077,0.5314,-5.1923,5.2195,9.0000,0.0000,0.0000
9.0126,4,0,100,379.1375,570.0000,379.7781,564.8841,0.6406,-5.1159,5.1559,11.0000,0.0000,0.0000
9.0188,5,0,100,362.1500,590.0000,362.9001,584.9607,0.7501,-5.0393,5.0949,8.0000,0.0000,0.0000
9.0251,6,1,100,800.2500,570.0000,801.1094,565.0372,0.8594,-4.9628,5.0367,10.0000,0.0000,0.0000
9.0313,7,1,100,831.2813,590.0000,832.2499,585.1137,0.9686,-4.8863,4.9814,9.0000,0.0000,0.0000
9.0376,8,1,100,879.4125,570.0000,880.4904,565.1903,1.0779,-4.8097,4.9290,11.0000,0.0000,0.0000
9.0438,9,1,100,862.3500,590.0000,863.5373,585.2671,1.1873,-4.7329,4.8795,8.0000,0.0000,0.0000
9.0501,10,2,100,1300.5000,570.0000,1301.7965,565.3438,1.2965,-4.6562,4.8333,10.0000,0.0000,0.0000
9.0563,11,2,100,1331.5063,590.0000,1332.9119,585.4206,1.4056,-4.5794,4.7903,9.0000,0.0000,0.0000
9.0626,12,2,100,1379.6875,570.0000,1381.2022,565.4973,1.5147,-4.5027,4.7506,11.0000,0.0000,0.0000
9.0688,13,2,100,1362.5500,590.0000,1364.1741,585.5743,1.6241,-4.4257,4.7143,8.0000,0.0000,0.0000
9.0751,14,3,100,1619.2500,570.0000,1620.9832,565.6512,1.7332,-4.3488,4.6814,10.0000,3.1416,0.0000
9.0813,15,3,100,1668.2687,590.0000,1670.1110,585.7281,1.8422,-4.2719,4.6522,9.0000,3.1416,0.0000
9.0876,16,3,100,1680.0375,570.0000,1681.9887,565.8051,1.9512,-4.1949,4.6265,11.0000,3.1416,0.0000
9.0938,17,3,100,1717.2500,590.0000,1719.3104,585.8822,2.0604,-4.1178,4.6045,8.0000,3.1416,0.0000
14.0251,6,1,60,850.2500,570.0000,840.6808,588.6399,-9.5692,18.6399,20.9528,10.0000,0.0000,0.0000
14.0313,7,1,60,876.2813,590.0000,866.6111,608.5878,-9.6701,18.5878,20.9528,9.0000,0.0000,0.0000
14.0376,8,1,60,934.4125,570.0000,924.6417,588.5355,-9.7708,18.5355,20.9532,11.0000,0.0000,0.0000
14.0438,9,1,60,902.3500,590.0000,892.4786,608.4830,-9.8714,18.4830,20.9539,8.0000,0.0000,0.0000
15.0251,6,1,20,860.2500,570.0000,838.0522,578.3710,-22.1978,8.3710,23.7238,10.0000,0.0000,0.0000
15.0313,7,1,20,885.2813,590.0000,863.0333,598.2973,-22.2479,8.2973,23.7448,9.0000,0.0000,0.0000
15.0376,8,1,20,945.4125,570.0000,923.1149,578.2236,-22.2976,8.2236,23.7657,11.0000,0.0000,0.0000
15.0438,9,1,20,910.3500,590.0000,888.0031,598.1497,-22.3469,8.1497,23.7866,8.0000,0.0000,0.0000
14.0751,14,3,60,1569.2500,570.0000,1558.8786,588.2178,-10.3714,18.2178,20.9631,10.0000,3.1416,0.0000
14.0813,15,3,60,1623.2687,590.0000,1612.7978,608.1641,-10.4710,18.1641,20.9661,9.0000,3.1416,0.0000
14.0876,16,3,60,1625.0375,570.0000,1614.4674,588.1104,-10.5701,18.1104,20.9693,11.0000,3.1416,0.0000
14.0938,17,3,60,1677.2500,590.0000,1666.5809,608.0564,-10.6691,18.0564,20.9729,8.0000,3.1416,0.0000
9.5001,2,0,100,305.0000,570.0000,313.9676,570.9412,8.9676,0.9412,9.0168,10.0000,0.0000,0.0000
9.5063,3,0,100,335.5563,590.0000,344.6260,591.0193,9.0697,1.0193,9.1268,9.0000,0.0000,0.0000
9.5126,4,0,100,384.6375,570.0000,393.8090,571.0974,9.1715,1.0974,9.2369,11.0000,0.0000,0.0000
9.5188,5,0,100,366.1500,590.0000,375.4231,591.1753,9.2731,1.1753,9.3473,8.0000,0.0000,0.0000
9.5251,6,1,100,805.2500,570.0000,814.6245,571.2534,9.3745,1.2534,9.4579,10.0000,0.0000,0.0000
9.5313,7,1,100,835.7813,590.0000,845.2572,591.3315,9.4760,1.3315,9.5691,9.0000,0.0000,0.0000
9.5376,8,1,100,884.9125,570.0000,894.4895,571.4094,9.5770,1.4094,9.6802,11.0000,0.0000,0.0000
9.5438,9,1,100,866.3500,590.0000,876.0279,591.4874,9.6779,1.4874,9.7915,8.0000,0.0000,0.0000
9.5501,10,2,100,1305.5000,570.0000,1315.2788,571.5655,9.7788,1.5655,9.9034,10.0000,0.0000,0.0000
9.5563,11,2,100,1336.0063,590.0000,1345.8856,591.6434,9.8793,1.6434,10.0151,9.0000,0.0000,0.0000
9.5626,12,2,100,1385.1875,570.0000,1395.1672,571.7213,9.9797,1.7213,10.1270,11.0000,0.0000,0.0000
9.5688,13,2,100,1366.5500,590.0000,1376.6298,591.7992,10.0798,1.7992,10.2391,8.0000,0.0000,0.0000
9.5751,14,3,100,1614.2500,570.0000,1624.4300,571.8773,10.1800,1.8773,10.3516,10.0000,3.1416,0.0000
9.5813,15,3,100,1663.7687,590.0000,1674.0485,591.9551,10.2797,1.9551,10.4640,9.0000,3.1416,0.0000
9.5876,16,3,100,1674.5375,570.0000,1684.9168,572.0329,10.3793,2.0329,10.5765,11.0000,3.1416,0.0000
9.5938,17,3,100,1713.2500,590.0000,1723.7286,592.1107,10.4786,2.1107,10.6891,8.0000,3.1416,0.0000
14.5251,6,1,60,855.2500,570.0000,838.3414,583.9388,-16.9086,13.9388,21.9133,10.0000,0.0000,0.0000
14.5314,7,1,60,880.7813,590.0000,863.7922,603.8738,-16.9891,13.8738,21.9343,9.0000,0.0000,0.0000
15.5251,6,1,20,865.2500,570.0000,840.4545,572.2826,-24.7955,2.2826,24.9003,10.0000,0.0000,0.0000
14.5376,8,1,60,939.9125,570.0000,922.8434,583.8088,-17.0691,13.8088,21.9554,11.0000,0.0000,0.0000
15.5313,7,1,20,889.7813,590.0000,864.9721,592.2048,-24.8092,2.2048,24.9070,9.0000,0.0000,0.0000
14.5438,9,1,60,906.3500,590.0000,889.2012,603.7436,-17.1488,13.7436,21.9766,8.0000,0.0000,0.0000
15.5376,8,1,20,950.9125,570.0000,926.0901,572.1270,-24.8224,2.1270,24.9134,11.0000,0.0000,0.0000
15.5438,9,1,20,914.3500,590.0000,889.5148,592.0492,-24.8352,2.0492,24.9196,8.0000,0.0000,0.0000
14.5751,14,3,60,1564.2500,570.0000,1546.7074,583.4157,-17.5426,13.4157,22.0845,10.0000,3.1416,0.0000
14.5813,15,3,60,1618.7687,590.0000,1601.1484,603.3497,-17.6203,13.3497,22.1064,9.0000,3.1416,0.0000
14.5876,16,3,60,1619.5375,570.0000,1601.8396,583.2835,-17.6979,13.2835,22.1284,11.0000,3.1416,0.0000
14.5938,17,3,60,1673.2500,590.0000,1655.4751,603.2173,-17.7749,13.2173,22.1505,8.0000,3.1416,0.0000
10.0001,2,0,100,310.0000,570.0000,326.4259,577.0927,16.4259,7.0927,17.8918,10.0000,0.0000,0.0000
10.0063,3,0,100,340.0563,590.0000,356.5644,597.1675,16.5081,7.1675,17.9970,9.0000,0.0000,0.0000
10.0126,4,0,100,390.1375,570.0000,406.7277,577.2424,16.5902,7.2424,18.1022,11.0000,0.0000,0.0000
10.0188,5,0,100,370.1500,590.0000,386.8218,597.3171,16.6718,7.3171,18.2069,8.0000,0.0000,0.0000
10.0251,6,1,100,810.2500,570.0000,827.0032,577.3918,16.7532,7.3918,18.3114,10.0000,0.0000,0.0000
10.0314,7,1,100,840.2813,590.0000,857.1156,597.4665,16.8343,7.4665,18.4158,9.0000,0.0000,0.0000
10.0376,8,1,100,890.4125,570.0000,907.3275,577.5409,16.9150,7.5409,18.5198,11.0000,0.0000,0.0000
10.0438,9,1,100,870.3500,590.0000,887.3453,597.6153,16.9953,7.6153,18.6234,8.0000,0.0000,0.0000
10.0501,10,2,100,1310.5000,570.0000,1327.5753,577.6897,17.0753,7.6897,18.7269,10.0000,0.0000,0.0000
10.0564,11,2,100,1340.5063,590.0000,1357.6614,597.7641,17.1551,7.7641,18.8303,9.0000,0.0000,0.0000
10.0626,12,2,100,1390.6875,570.0000,1407.9220,577.8383,17.2345,7.8383,18.9332,11.0000,0.0000,0.0000
10.0688,13,2,100,1370.5500,590.0000,1387.8635,597.9124,17.3135,7.9124,19.0358,8.0000,0.0000,0.0000
10.0751,14,3,100,1609.2500,570.0000,1626.6422,577.9864,17.3922,7.9864,19.1383,10.0000,3.1416,0.0000
10.0814,15,3,100,1659.2687,590.0000,1676.7395,598.0605,17.4708,8.0605,19.2406,9.0000,3.1416,0.0000
10.0876,16,3,100,1669.0375,570.0000,1686.5863,578.1344,17.5488,8.1344,19.3424,11.0000,3.1416,0.0000
10.0938,17,3,100,1709.2500,590.0000,1726.8764,598.2082,17.6264,8.2082,19.4439,8.0000,3.1416,0.0000
15.0251,6,1,60,860.2500,570.0000,838.0522,578.3710,-22.1978,8.3710,23.7238,10.0000,0.0000,0.0000
15.0313,7,1,60,885.2813,590.0000,863.0333,598.2973,-22.2479,8.2973,23.7448,9.0000,0.0000,0.0000
15.0376,8,1,60,945.4125,570.0000,923.1149,578.2236,-22.2976,8.2236,23.7657,11.0000,0.0000,0.0000
15.0438,9,1,60,910.3500,590.0000,888.0031,598.1497,-22.3469,8.1497,23.7866,8.0000,0.0000,0.0000
16.0251,6,1,20,870.2500,570.0000,845.8635,566.0525,-24.3865,-3.9475,24.7040,10.0000,0.0000,0.0000
16.0313,7,1,20,894.2813,590.0000,869.9190,585.9754,-24.3622,-4.0246,24.6924,9.0000,0.0000,0.0000
16.0376,8,1,20,956.4125,570.0000,932.0751,565.8982,-24.3374,-4.1018,24.6806,11.0000,0.0000,0.0000
16.0438,9,1,20,918.3500,590.0000,894.0378,585.8212,-24.3122,-4.1788,24.6687,8.0000,0.0000,0.0000
15.0751,14,3,60,1559.2500,570.0000,1536.6633,577.7794,-22.5867,7.7794,23.8889,10.0000,3.1416,0.0000
15.0813,15,3,60,1614.2687,590.0000,1591.6354,597.7052,-22.6333,7.7052,23.9089,9.0000,3.1416,0.0000
15.0876,16,3,60,1614.0375,570.0000,1591.3580,577.6309,-22.6795,7.6309,23.9289,11.0000,3.1416,0.0000
15.0939,17,3,60,1669.2500,590.0000,1646.5246,597.5564,-22.7254,7.5564,23.9487,8.0000,3.1416,0.0000
10.5001,2,0,100,315.0000,570.0000,336.8925,582.8032,21.8925,12.8032,25.3614,10.0000,0.0000,0.0000
10.5063,3,0,100,344.5563,590.0000,366.5013,602.8702,21.9451,12.8702,25.4407,9.0000,0.0000,0.0000
10.5126,4,0,100,395.6375,570.0000,417.6347,582.9370,21.9972,12.9370,25.5195,11.0000,0.0000,0.0000
10.5188,5,0,100,374.1500,590.0000,396.1990,603.0039,22.0490,13.0039,25.5981,8.0000,0.0000,0.0000
10.5251,6,1,100,815.2500,570.0000,837.3504,583.0706,22.1004,13.0706,25.6762,10.0000,0.0000,0.0000
10.5313,7,1,100,844.7813,590.0000,866.9325,603.1371,22.1513,13.1371,25.7538,9.0000,0.0000,0.0000
10.5376,8,1,100,895.9125,570.0000,918.1143,583.2036,22.2018,13.2036,25.8313,11.0000,0.0000,0.0000
10.5438,9,1,100,874.3500,590.0000,896.6019,603.2698,22.2519,13.2698,25.9082,8.0000,0.0000,0.0000
10.5501,10,2,100,1315.5000,570.0000,1337.8015,583.3359,22.3015,13.3359,25.9847,10.0000,0.0000,0.0000
10.5563,11,2,100,1345.0063,590.0000,1367.3569,603.4019,22.3507,13.4019,26.0608,9.0000,0.0000,0.0000
10.5626,12,2,100,1396.1875,570.0000,1418.5870,583.4679,22.3995,13.4679,26.1366,11.0000,0.0000,0.0000
10.5688,13,2,100,1374.5500,590.0000,1396.9978,603.5336,22.4478,13.5336,26.2119,8.0000,0.0000,0.0000
10.5751,14,3,100,1604.2500,570.0000,1626.7458,583.5992,22.4958,13.5992,26.2868,10.0000,3.1416,0.0000
10.5813,15,3,100,1654.7687,590.0000,1677.3120,603.6647,22.5432,13.6647,26.3613,9.0000,3.1416,0.0000
15.5251,6,1,60,865.2500,570.0000,840.4545,572.2826,-24.7955,2.2826,24.9003,10.0000,0.0000,0.0000
10.5876,16,3,100,1663.5375,570.0000,1686.1279,583.7301,22.5904,13.7301,26.4356,11.0000,3.1416,0.0000
10.5938,17,3,100,1705.2500,590.0000,1727.8870,603.7953,22.6370,13.7953,26.5093,8.0000,3.1416,0.0000
15.5313,7,1,60,889.7813,590.0000,864.9721,592.2048,-24.8092,2.2048,24.9070,9.0000,0.0000,0.0000
15.5376,8,1,60,950.9125,570.0000,926.0901,572.1270,-24.8224,2.1270,24.9134,11.0000,0.0000,0.0000
16.5251,6,1,20,875.2500,570.0000,854.2294,560.0676,-21.0206,-9.9324,23.2490,10.0000,0.0000,0.0000
15.5438,9,1,60,914.3500,590.0000,889.5148,592.0492,-24.8352,2.0492,24.9196,8.0000,0.0000,0.0000
16.5313,7,1,20,898.7813,590.0000,877.8200,579.9960,-20.9612,-10.0040,23.2261,9.0000,0.0000,0.0000
16.5376,8,1,20,961.9125,570.0000,941.0111,559.9245,-20.9014,-10.0755,23.2031,11.0000,0.0000,0.0000
16.5439,9,1,20,922.3500,590.0000,901.5089,579.8530,-20.8411,-10.1470,23.1801,8.0000,0.0000,0.0000
15.5751,14,3,60,1554.2500,570.0000,1529.3581,571.6597,-24.8919,1.6597,24.9472,10.0000,3.1416,0.0000
15.5813,15,3,60,1609.7687,590.0000,1584.8669,591.5816,-24.9019,1.5816,24.9521,9.0000,3.1416,0.0000
15.5876,16,3,60,1608.5375,570.0000,1583.6262,571.5037,-24.9113,1.5037,24.9567,11.0000,3.1416,0.0000
15.5938,17,3,60,1665.2500,590.0000,1640.3297,591.4257,-24.9203,1.4257,24.9610,8.0000,3.1416,0.0000
11.0001,2,0,100,320.0000,570.0000,344.7045,587.7176,24.7045,17.7176,30.4011,10.0000,0.0000,0.0000
11.0063,3,0,100,349.0563,590.0000,373.7772,607.7726,24.7210,17.7726,30.4466,9.0000,0.0000,0.0000
11.0126,4,0,100,401.1375,570.0000,425.8745,587.8275,24.7370,17.8275,30.4916,11.0000,0.0000,0.0000
11.0188,5,0,100,378.1500,590.0000,402.9026,607.8821,24.7526,17.8821,30.5362,8.0000,0.0000,0.0000
11.0251,6,1,100,820.2500,570.0000,845.0178,587.9367,24.7678,17.9367,30.5805,10.0000,0.0000,0.0000
11.0313,7,1,100,849.2813,590.0000,874.0636,607.9910,24.7824,17.9910,30.6242,9.0000,0.0000,0.0000
11.0376,8,1,100,901.4125,570.0000,926.2090,588.0451,24.7965,18.0451,30.6675,11.0000,0.0000,0.0000
11.0439,9,1,100,878.3500,590.0000,903.1602,608.0992,24.8102,18.0992,30.7104,8.0000,0.0000,0.0000
11.0501,10,2,100,1320.5000,570.0000,1345.3235,588.1530,24.8235,18.1530,30.7528,10.0000,0.0000,0.0000
11.0563,11,2,100,1349.5063,590.0000,1374.3424,608.2066,24.8362,18.2066,30.7947,9.0000,0.0000,0.0000
11.0626,12,2,100,1401.6875,570.0000,1426.5359,588.2600,24.8484,18.2600,30.8362,11.0000,0.0000,0.0000
11.0689,13,2,100,1378.5500,590.0000,1403.4102,608.3133,24.8602,18.3133,30.8773,8.0000,0.0000,0.0000
11.0751,14,3,100,1599.2500,570.0000,1624.1216,588.3664,24.8716,18.3664,30.9180,10.0000,3.1416,0.0000
11.0813,15,3,100,1650.2687,590.0000,1675.1511,608.4193,24.8824,18.4193,30.9581,9.0000,3.1416,0.0000
11.0876,16,3,100,1658.0375,570.0000,1682.9302,588.4720,24.8927,18.4720,30.9978,11.0000,3.1416,0.0000
11.0939,17,3,100,1701.2500,590.0000,1726.1526,608.5246,24.9026,18.5246,31.0371,8.0000,3.1416,0.0000
16.0251,6,1,60,870.2500,570.0000,845.8635,566.0525,-24.3865,-3.9475,24.7040,10.0000,0.0000,0.0000
16.0313,7,1,60,894.2813,590.0000,869.9190,585.9754,-24.3622,-4.0246,24.6924,9.0000,0.0000,0.0000
16.0376,8,1,60,956.4125,570.0000,932.0751,565.8982,-24.3374,-4.1018,24.6806,11.0000,0.0000,0.0000
16.0438,9,1,60,918.3500,590.0000,894.0378,585.8212,-24.3122,-4.1788,24.6687,8.0000,0.0000,0.0000
17.0251,6,1,20,880.2500,570.0000,865.1441,554.7005,-15.1059,-15.2995,21.5003,10.0000,0.0000,0.0000
17.0313,7,1,20,903.2813,590.0000,888.2628,574.6387,-15.0185,-15.3613,21.4832,9.0000,0.0000,0.0000
16.0751,14,3,60,1549.2500,570.0000,1525.0710,565.4366,-24.1790,-4.5634,24.6058,10.0000,3.1416,0.0000
17.0438,9,1,20,926.3500,590.0000,911.5069,574.5157,-14.8431,-15.4843,21.4495,8.0000,0.0000,0.0000
16.0813,15,3,60,1605.2687,590.0000,1581.1178,585.3598,-24.1510,-4.6402,24.5927,9.0000,3.1416,0.0000
16.0876,16,3,60,1603.0375,570.0000,1578.9151,565.2830,-24.1224,-4.7170,24.5793,11.0000,3.1416,0.0000
16.0938,17,3,60,1661.2500,590.0000,1637.1565,585.2063,-24.0935,-4.7937,24.5657,8.0000,3.1416,0.0000
11.5001,2,0,100,325.0000,570.0000,349.5209,591.5304,24.5209,21.5304,32.6318,10.0000,0.0000,0.0000
11.5064,3,0,100,353.5563,590.0000,378.0556,611.5701,24.4994,21.5701,32.6418,9.0000,0.0000,0.0000
11.5126,4,0,100,406.6375,570.0000,431.1149,591.6094,24.4774,21.6094,32.6513,11.0000,0.0000,0.0000
11.5188,5,0,100,382.1500,590.0000,406.6049,611.6486,24.4549,21.6486,32.6604,8.0000,0.0000,0.0000
11.5251,6,1,100,825.2500,570.0000,849.6819,591.6875,24.4319,21.6875,32.6691,10.0000,0.0000,0.0000
11.5314,7,1,100,853.7813,590.0000,878.1897,611.7263,24.4085,21.7263,32.6773,9.0000,0.0000,0.0000
11.5376,8,1,100,906.9125,570.0000,931.2971,591.7649,24.3846,21.7649,32.6852,11.0000,0.0000,0.0000
11.5438,9,1,100,882.3500,590.0000,906.7103,611.8032,24.3603,21.8032,32.6925,8.0000,0.0000,0.0000
11.5501,10,2,100,1325.5000,570.0000,1349.8355,591.8413,24.3355,21.8413,32.6995,10.0000,0.0000,0.0000
11.5563,11,2,100,1354.0063,590.0000,1378.3164,611.8792,24.3102,21.8792,32.7060,9.0000,0.0000,0.0000
11.5626,12,2,100,1407.1875,570.0000,1431.4719,591.9169,24.2844,21.9169,32.7121,11.0000,0.0000,0.0000
11.5688,13,2,100,1382.5500,590.0000,1406.8082,611.9544,24.2582,21.9544,32.7178,8.0000,0.0000,0.0000
11.5751,14,3,100,1594.2500,570.0000,1618.4816,591.9916,24.2316,21.9916,32.7231,10.0000,3.1416,0.0000
11.5814,15,3,100,1645.7687,590.0000,1669.9731,612.0287,24.2044,22.0287,32.7279,9.0000,3.1416,0.0000
11.5876,16,3,100,1652.5375,570.0000,1676.7143,592.0655,24.1768,22.0655,32.7323,11.0000,3.1416,0.0000
11.5938,17,3,100,1697.2500,590.0000,1721.3987,612.1021,24.1487,22.1021,32.7363,8.0000,3.1416,0.0000
16.5251,6,1,60,875.2500,570.0000,854.2294,560.0676,-21.0206,-9.9324,23.2490,10.0000,0.0000,0.0000
16.5313,7,1,60,898.7813,590.0000,877.8200,579.9960,-20.9612,-10.0040,23.2261,9.0000,0.0000,0.0000
16.5376,8,1,60,961.9125,570.0000,941.0111,559.9245,-20.9014,-10.0755,23.2031,11.0000,0.0000,0.0000
16.5439,9,1,60,922.3500,590.0000,901.5089,579.8530,-20.8411,-10.1470,23.1801,8.0000,0.0000,0.0000
17.5251,6,1,20,885.2500,570.0000,877.8906,550.2844,-7.3594,-19.7156,21.0444,10.0000,0.0000,0.0000
17.5313,7,1,20,907.7813,590.0000,900.5264,570.2365,-7.2548,-19.7635,21.0530,9.0000,0.0000,0.0000
17.5438,9,1,20,930.3500,590.0000,923.3048,570.1412,-7.0452,-19.8588,21.0715,8.0000,0.0000,0.0000
16.5751,14,3,60,1544.2500,570.0000,1523.7159,559.4972,-20.5341,-10.5028,23.0642,10.0000,3.1416,0.0000
16.5813,15,3,60,1600.7687,590.0000,1580.2972,579.4264,-20.4716,-10.5736,23.0410,9.0000,3.1416,0.0000
16.5876,16,3,60,1597.5375,570.0000,1577.1288,559.3557,-20.4087,-10.6443,23.0177,11.0000,3.1416,0.0000
16.5939,17,3,60,1657.2500,590.0000,1636.9048,579.2850,-20.3452,-10.7150,22.9943,8.0000,3.1416,0.0000
12.0001,2,0,100,330.0000,570.0000,351.3641,594.0046,21.3641,24.0046,32.1348,10.0000,0.0000,0.0000
12.0063,3,0,100,358.0563,590.0000,379.3634,614.0263,21.3071,24.0263,32.1132,9.0000,0.0000,0.0000
12.0126,4,0,100,412.1375,570.0000,433.3871,594.0478,21.2496,24.0478,32.0912,11.0000,0.0000,0.0000
12.0188,5,0,100,386.1500,590.0000,407.3418,614.0690,21.1918,24.0690,32.0689,8.0000,0.0000,0.0000
12.0251,6,1,100,830.2500,570.0000,851.3836,594.0900,21.1336,24.0900,32.0462,10.0000,0.0000,0.0000
12.0313,7,1,100,858.2813,590.0000,879.3563,614.1108,21.0750,24.1108,32.0232,9.0000,0.0000,0.0000
12.0376,8,1,100,912.4125,570.0000,933.4284,594.1313,21.0159,24.1313,31.9998,11.0000,0.0000,0.0000
12.0438,9,1,100,886.3500,590.0000,907.3065,614.1516,20.9565,24.1516,31.9762,8.0000,0.0000,0.0000
12.0501,10,2,100,1330.5000,570.0000,1351.3967,594.1717,20.8967,24.1717,31.9522,10.0000,0.0000,0.0000
12.0563,11,2,100,1358.5063,590.0000,1379.3427,614.1915,20.8365,24.1915,31.9278,9.0000,0.0000,0.0000
12.0626,12,2,100,1412.6875,570.0000,1433.4633,594.2111,20.7758,24.2111,31.9031,11.0000,0.0000,0.0000
12.0688,13,2,100,1386.5500,590.0000,1407.2648,614.2304,20.7148,24.2304,31.8781,8.0000,0.0000,0.0000
12.0751,14,3,100,1589.2500,570.0000,1609.9033,594.2496,20.6533,24.2496,31.8528,10.0000,3.1416,0.0000
12.0813,15,3,100,1641.2687,590.0000,1661.8603,614.2684,20.5915,24.2684,31.8272,9.0000,3.1416,0.0000
12.0876,16,3,100,1647.0375,570.0000,1667.5667,594.2871,20.5292,24.2871,31.8011,11.0000,3.1416,0.0000
12.0938,17,3,100,1693.2500,590.0000,1713.7167,614.3055,20.4667,24.3055,31.7749,8.0000,3.1416,0.0000
18.0251,6,1,20,890.2500,570.0000,891.5294,547.0943,1.2794,-22.9057,22.9414,10.0000,0.0000,0.0000
18.0313,7,1,20,912.2813,590.0000,913.6698,567.0631,1.3885,-22.9369,22.9789,9.0000,0.0000,0.0000
18.0438,9,1,20,934.3500,590.0000,935.9568,567.0014,1.6068,-22.9986,23.0547,8.0000,0.0000,0.0000
17.0251,6,1,60,880.2500,570.0000,865.1441,554.7005,-15.1059,-15.2995,21.5003,10.0000,0.0000,0.0000
17.0313,7,1,60,903.2813,590.0000,888.2628,574.6387,-15.0185,-15.3613,21.4832,9.0000,0.0000,0.0000
17.0438,9,1,60,926.3500,590.0000,911.5069,574.5157,-14.8431,-15.4843,21.4495,8.0000,0.0000,0.0000
17.0751,14,3,60,1539.2500,570.0000,1524.8505,554.2110,-14.3995,-15.7890,21.3691,10.0000,3.1416,0.0000
17.0813,15,3,60,1596.2687,590.0000,1581.9587,574.1505,-14.3100,-15.8495,21.3538,9.0000,3.1416,0.0000
17.0876,16,3,60,1592.0375,570.0000,1577.8174,554.0901,-14.2201,-15.9099,21.3386,11.0000,3.1416,0.0000
17.0938,17,3,60,1653.2500,590.0000,1639.1199,574.0299,-14.1301,-15.9701,21.3237,8.0000,3.1416,0.0000
12.5001,2,0,100,335.0000,570.0000,350.6167,594.9863,15.6167,24.9863,29.4652,10.0000,0.0000,0.0000
12.5063,3,0,100,362.5563,590.0000,378.0875,614.9887,15.5312,24.9887,29.4220,9.0000,0.0000,0.0000
12.5126,4,0,100,417.6375,570.0000,433.0829,594.9910,15.4454,24.9910,29.3787,11.0000,0.0000,0.0000
12.5188,5,0,100,390.1500,590.0000,405.5093,614.9929,15.3593,24.9929,29.3352,8.0000,0.0000,0.0000
12.5251,6,1,100,835.2500,570.0000,850.5227,594.9947,15.2727,24.9947,29.2915,10.0000,0.0000,0.0000
12.5313,7,1,100,862.7813,590.0000,877.9673,614.9962,15.1860,24.9962,29.2476,9.0000,0.0000,0.0000
12.5376,8,1,100,917.9125,570.0000,933.0116,594.9974,15.0991,24.9974,29.2036,11.0000,0.0000,0.0000
12.5439,9,1,100,890.3500,590.0000,905.3616,614.9984,15.0116,24.9984,29.1594,8.0000,0.0000,0.0000
12.5501,10,2,100,1335.5000,570.0000,1350.4240,594.9992,14.9240,24.9992,29.1150,10.0000,0.0000,0.0000
12.5563,11,2,100,1363.0063,590.0000,1377.8424,614.9997,14.8362,24.9997,29.0706,9.0000,0.0000,0.0000
12.5626,12,2,100,1418.1875,570.0000,1432.9356,595.0000,14.7481,25.0000,29.0259,11.0000,0.0000,0.0000
12.5689,13,2,100,1390.5500,590.0000,1405.2095,615.0000,14.6595,25.0000,28.9810,8.0000,0.0000,0.0000
12.5751,14,3,100,1584.2500,570.0000,1598.8208,594.9998,14.5708,24.9998,28.9360,10.0000,3.1416,0.0000
12.5813,15,3,100,1636.7687,590.0000,1651.2505,614.9993,14.4818,24.9993,28.8910,9.0000,3.1416,0.0000
12.5876,16,3,100,1641.5375,570.0000,1655.9301,594.9986,14.3926,24.9986,28.8457,11.0000,3.1416,0.0000
12.5938,17,3,100,1689.2500,590.0000,1703.5530,614.9976,14.3030,24.9976,28.8003,8.0000,3.1416,0.0000
18.5251,6,1,20,895.2500,570.0000,905.0129,545.3283,9.7629,-24.6717,26.5332,10.0000,0.0000,0.0000
18.5314,7,1,20,916.7813,590.0000,926.6449,565.3158,9.8637,-24.6842,26.5820,9.0000,0.0000,0.0000
18.5439,9,1,20,938.3500,590.0000,948.4143,565.2915,10.0643,-24.7085,26.6796,8.0000,0.0000,0.0000
17.5251,6,1,60,885.2500,570.0000,877.8906,550.2844,-7.3594,-19.7156,21.0444,10.0000,0.0000,0.0000
17.5313,7,1,60,907.7813,590.0000,900.5264,570.2365,-7.2548,-19.7635,21.0530,9.0000,0.0000,0.0000
17.5438,9,1,60,930.3500,590.0000,923.3048,570.1412,-7.0452,-19.8588,21.0715,8.0000,0.0000,0.0000
17.5814,15,3,60,1591.7687,590.0000,1585.3564,569.8596,-6.4124,-20.1404,21.1366,9.0000,3.1416,0.0000
17.5876,16,3,60,1586.5375,570.0000,1580.2302,549.8137,-6.3073,-20.1863,21.1487,11.0000,3.1416,0.0000
17.5938,17,3,60,1649.2500,590.0000,1643.0485,569.7678,-6.2015,-20.2322,21.1613,8.0000,3.1416,0.0000
13.0001,2,0,100,340.0000,570.0000,347.9759,594.4144,7.9759,24.4144,25.6842,10.0000,0.0000,0.0000
13.0064,3,0,100,367.0563,590.0000,374.9283,614.3975,7.8720,24.3975,25.6360,9.0000,0.0000,0.0000
13.0126,4,0,100,423.1375,570.0000,430.9057,594.3803,7.7682,24.3803,25.5880,11.0000,0.0000,0.0000
13.0188,5,0,100,394.1500,590.0000,401.8143,614.3629,7.6643,24.3629,25.5400,8.0000,0.0000,0.0000
13.0251,6,1,100,840.2500,570.0000,847.8101,594.3453,7.5601,24.3453,25.4921,10.0000,0.0000,0.0000
13.0313,7,1,100,867.2813,590.0000,874.7369,614.3274,7.4556,24.3274,25.4442,9.0000,0.0000,0.0000
13.0376,8,1,100,923.4125,570.0000,930.7637,594.3093,7.3512,24.3093,25.3965,11.0000,0.0000,0.0000
13.0438,9,1,100,894.3500,590.0000,901.5967,614.2909,7.2467,24.2909,25.3489,8.0000,0.0000,0.0000
13.0501,10,2,100,1340.5000,570.0000,1347.6419,594.2724,7.1419,24.2724,25.3013,10.0000,0.0000,0.0000
13.0564,11,2,100,1367.5063,590.0000,1374.5432,614.2535,7.0369,24.2535,25.2537,9.0000,0.0000,0.0000
13.0626,12,2,100,1423.6875,570.0000,1430.6195,594.2344,6.9320,24.2344,25.2063,11.0000,0.0000,0.0000
13.0688,13,2,100,1394.5500,590.0000,1401.3769,614.2151,6.8269,24.2151,25.1591,8.0000,0.0000,0.0000
13.0751,14,3,100,1579.2500,570.0000,1585.9716,594.1956,6.7216,24.1956,25.1119,10.0000,3.1416,0.0000
13.0813,15,3,100,1632.2687,590.0000,1638.8850,614.1758,6.6162,24.1758,25.0648,9.0000,3.1416,0.0000
13.0876,16,3,100,1636.0375,570.0000,1642.5481,594.1558,6.5106,24.1558,25.0178,11.0000,3.1416,0.0000
13.0938,17,3,100,1685.2500,590.0000,1691.6550,614.1356,6.4050,24.1356,24.9710,8.0000,3.1416,0.0000
19.0251,6,1,20,900.2500,570.0000,917.3128,545.0962,17.0628,-24.9038,30.1883,10.0000,0.0000,0.0000
19.0314,7,1,20,921.2813,590.0000,938.4239,565.1032,17.1427,-24.8968,30.2278,9.0000,0.0000,0.0000
19.0438,9,1,20,942.3500,590.0000,959.6512,565.1179,17.3012,-24.8821,30.3060,8.0000,0.0000,0.0000
18.0251,6,1,60,890.2500,570.0000,891.5294,547.0943,1.2794,-22.9057,22.9414,10.0000,0.0000,0.0000
18.0313,7,1,60,912.2813,590.0000,913.6698,567.0631,1.3885,-22.9369,22.9789,9.0000,0.0000,0.0000
18.0438,9,1,60,934.3500,590.0000,935.9568,567.0014,1.6068,-22.9986,23.0547,8.0000,0.0000,0.0000
18.0813,15,3,60,1587.2687,590.0000,1589.5300,566.8216,2.2613,-23.1784,23.2884,9.0000,3.1416,0.0000
18.0876,16,3,60,1581.0375,570.0000,1583.4076,546.7925,2.3701,-23.2075,23.3282,11.0000,3.1416,0.0000
18.0938,17,3,60,1645.2500,590.0000,1647.7289,566.7636,2.4789,-23.2364,23.3683,8.0000,3.1416,0.0000
13.5001,2,0,100,345.0000,570.0000,344.3678,592.3246,-0.6322,22.3246,22.3336,10.0000,0.0000,0.0000
13.5063,3,0,100,371.5563,590.0000,370.8148,612.2894,-0.7414,22.2894,22.3017,9.0000,0.0000,0.0000
13.5126,4,0,100,428.6375,570.0000,427.7868,592.2539,-0.8507,22.2539,22.2702,11.0000,0.0000,0.0000
13.5188,5,0,100,398.1500,590.0000,397.1898,612.2181,-0.9602,22.2181,22.2389,8.0000,0.0000,0.0000
13.5251,6,1,100,845.2500,570.0000,844.1806,592.1822,-1.0694,22.1822,22.2080,10.0000,0.0000,0.0000
13.5313,7,1,100,871.7813,590.0000,870.6027,612.1461,-1.1786,22.1461,22.1775,9.0000,0.0000,0.0000
13.5376,8,1,100,928.9125,570.0000,927.6245,592.1097,-1.2880,22.1097,22.1472,11.0000,0.0000,0.0000
13.5438,9,1,100,898.3500,590.0000,896.9529,612.0731,-1.3971,22.0731,22.1173,8.0000,0.0000,0.0000
13.5501,10,2,100,1345.5000,570.0000,1343.9937,592.0364,-1.5063,22.0364,22.0878,10.0000,0.0000,0.0000
13.5563,11,2,100,1372.0063,590.0000,1370.3908,611.9994,-1.6154,21.9994,22.0586,9.0000,0.0000,0.0000
13.5626,12,2,100,1429.1875,570.0000,1427.4630,591.9622,-1.7245,21.9622,22.0298,11.0000,0.0000,0.0000
13.5688,13,2,100,1398.5500,590.0000,1396.7163,611.9247,-1.8337,21.9247,22.0013,8.0000,0.0000,0.0000
13.5751,14,3,100,1574.2500,570.0000,1572.3072,591.8871,-1.9428,21.8871,21.9731,10.0000,3.1416,0.0000
13.5813,15,3,100,1627.7687,590.0000,1625.7170,611.8492,-2.0518,21.8492,21.9453,9.0000,3.1416,0.0000
13.5876,16,3,100,1630.5375,570.0000,1628.3768,591.8112,-2.1607,21.8112,21.9179,11.0000,3.1416,0.0000
13.5938,17,3,100,1681.2500,590.0000,1678.9802,611.7728,-2.2698,21.7728,21.8908,8.0000,3.1416,0.0000
19.5251,6,1,20,905.2500,570.0000,927.5438,546.4126,22.2938,-23.5874,32.4558,10.0000,0.0000,0.0000
19.5313,7,1,20,925.7813,590.0000,948.1243,566.4386,22.3430,-23.5614,32.4708,9.0000,0.0000,0.0000
19.5438,9,1,20,946.3500,590.0000,968.7903,566.4913,22.4403,-23.5087,32.4996,8.0000,0.0000,0.0000
18.5251,6,1,60,895.2500,570.0000,905.0129,545.3283,9.7629,-24.6717,26.5332,10.0000,0.0000,0.0000
18.5314,7,1,60,916.7813,590.0000,926.6449,565.3158,9.8637,-24.6842,26.5820,9.0000,0.0000,0.0000
18.5439,9,1,60,938.3500,590.0000,948.4143,565.2915,10.0643,-24.7085,26.6796,8.0000,0.0000,0.0000
18.5813,15,3,60,1582.7687,590.0000,1593.4301,565.2245,10.6614,-24.7755,26.9721,9.0000,3.1416,0.0000
18.5876,16,3,60,1575.5375,570.0000,1586.2976,545.2142,10.7601,-24.7858,27.0207,11.0000,3.1416,0.0000
18.5938,17,3,60,1641.2500,590.0000,1652.1089,565.2041,10.8589,-24.7959,27.0694,8.0000,3.1416,0.0000
14.0001,2,0,100,350.0000,570.0000,340.8364,588.8467,-9.1636,18.8467,20.9564,10.0000,0.0000,0.0000
14.0063,3,0,100,376.0563,590.0000,366.7910,608.7953,-9.2652,18.7953,20.9549,9.0000,0.0000,0.0000
14.0126,4,0,100,434.1375,570.0000,424.7708,588.7438,-9.3667,18.7438,20.9538,11.0000,0.0000,0.0000
14.0188,5,0,100,402.1500,590.0000,392.6821,608.6920,-9.4679,18.6920,20.9531,8.0000,0.0000,0.0000
14.0251,6,1,100,850.2500,570.0000,840.6808,588.6399,-9.5692,18.6399,20.9528,10.0000,0.0000,0.0000
14.0313,7,1,100,876.2813,590.0000,866.6111,608.5878,-9.6701,18.5878,20.9528,9.0000,0.0000,0.0000
14.0376,8,1,100,934.4125,570.0000,924.6417,588.5355,-9.7708,18.5355,20.9532,11.0000,0.0000,0.0000
14.0438,9,1,100,902.3500,590.0000,892.4786,608.4830,-9.8714,18.4830,20.9539,8.0000,0.0000,0.0000
14.0501,10,2,100,1350.5000,570.0000,1340.5280,588.4302,-9.9720,18.4302,20.9550,10.0000,0.0000,0.0000
14.0563,11,2,100,1376.5063,590.0000,1366.4342,608.3774,-10.0721,18.3774,20.9565,9.0000,0.0000,0.0000
14.0626,12,2,100,1434.6875,570.0000,1424.5155,588.3244,-10.1720,18.3244,20.9584,11.0000,0.0000,0.0000
14.0688,13,2,100,1402.5500,590.0000,1392.2782,608.2712,-10.2718,18.2712,20.9606,8.0000,0.0000,0.0000
14.0751,14,3,100,1569.2500,570.0000,1558.8786,588.2178,-10.3714,18.2178,20.9631,10.0000,3.1416,0.0000
14.0813,15,3,100,1623.2687,590.0000,1612.7978,608.1641,-10.4710,18.1641,20.9661,9.0000,3.1416,0.0000
14.0876,16,3,100,1625.0375,570.0000,1614.4674,588.1104,-10.5701,18.1104,20.9693,11.0000,3.1416,0.0000
14.0938,17,3,100,1677.2500,590.0000,1666.5809,608.0564,-10.6691,18.0564,20.9729,8.0000,3.1416,0.0000
20.0251,6,1,20,910.2500,570.0000,935.0714,549.1955,24.8214,-20.8045,32.3872,10.0000,0.0000,0.0000
20.0313,7,1,20,930.2813,590.0000,955.1155,569.2389,24.8342,-20.7611,32.3691,9.0000,0.0000,0.0000
20.0438,9,1,20,950.3500,590.0000,975.2084,569.3264,24.8584,-20.6736,32.3317,8.0000,0.0000,0.0000
19.0251,6,1,60,900.2500,570.0000,917.3128,545.0962,17.0628,-24.9038,30.1883,10.0000,0.0000,0.0000
19.0314,7,1,60,921.2813,590.0000,938.4239,565.1032,17.1427,-24.8968,30.2278,9.0000,0.0000,0.0000
19.0438,9,1,60,942.3500,590.0000,959.6512,565.1179,17.3012,-24.8821,30.3060,8.0000,0.0000,0.0000
19.0814,15,3,60,1578.2687,590.0000,1596.0377,565.1677,17.7690,-24.8323,30.5349,9.0000,3.1416,0.0000
19.0876,16,3,60,1570.0375,570.0000,1587.8832,545.1769,17.8457,-24.8231,30.5721,11.0000,3.1416,0.0000
19.0938,17,3,60,1637.2500,590.0000,1655.1721,565.1863,17.9221,-24.8137,30.6092,8.0000,3.1416,0.0000
14.5001,2,0,100,355.0000,570.0000,338.4162,584.1972,-16.5838,14.1972,21.8307,10.0000,0.0000,0.0000
14.5063,3,0,100,380.5563,590.0000,363.8909,604.1328,-16.6654,14.1328,21.8511,9.0000,0.0000,0.0000
14.5126,4,0,100,439.6375,570.0000,422.8906,584.0682,-16.7469,14.0682,21.8717,11.0000,0.0000,0.0000
14.5188,5,0,100,406.1500,590.0000,389.3221,604.0036,-16.8279,14.0036,21.8924,8.0000,0.0000,0.0000
14.5251,6,1,100,855.2500,570.0000,838.3414,583.9388,-16.9086,13.9388,21.9133,10.0000,0.0000,0.0000
14.5314,7,1,100,880.7813,590.0000,863.7922,603.8738,-16.9891,13.8738,21.9343,9.0000,0.0000,0.0000
14.5376,8,1,100,939.9125,570.0000,922.8434,583.8088,-17.0691,13.8088,21.9554,11.0000,0.0000,0.0000
14.5438,9,1,100,906.3500,590.0000,889.2012,603.7436,-17.1488,13.7436,21.9766,8.0000,0.0000,0.0000
14.5501,10,2,100,1355.5000,570.0000,1338.2718,583.6783,-17.2282,13.6783,21.9979,10.0000,0.0000,0.0000
14.5563,11,2,100,1381.0063,590.0000,1363.6990,603.6129,-17.3073,13.6129,22.0194,9.0000,0.0000,0.0000
14.5626,12,2,100,1440.1875,570.0000,1422.8013,583.5472,-17.3862,13.5472,22.0410,11.0000,0.0000,0.0000
14.5688,13,2,100,1406.5500,590.0000,1389.0855,603.4815,-17.4645,13.4815,22.0627,8.0000,0.0000,0.0000
14.5751,14,3,100,1564.2500,570.0000,1546.7074,583.4157,-17.5426,13.4157,22.0845,10.0000,3.1416,0.0000
14.5813,15,3,100,1618.7687,590.0000,1601.1484,603.3497,-17.6203,13.3497,22.1064,9.0000,3.1416,0.0000
14.5876,16,3,100,1619.5375,570.0000,1601.8396,583.2835,-17.6979,13.2835,22.1284,11.0000,3.1416,0.0000
14.5938,17,3,100,1673.2500,590.0000,1655.4751,603.2173,-17.7749,13.2173,22.1505,8.0000,3.1416,0.0000
20.5126,4,1,20,505.6375,570.0000,530.0259,553.1561,24.3884,-16.8439,29.6397,11.0000,0.0000,0.0000
20.5251,6,1,20,915.2500,570.0000,939.5894,553.2719,24.3394,-16.7281,29.5336,10.0000,0.0000,0.0000
20.5313,7,1,20,934.7813,590.0000,959.0954,573.3301,24.3142,-16.6699,29.4799,9.0000,0.0000,0.0000
20.5438,9,1,20,954.3500,590.0000,978.6124,573.4469,24.2624,-16.5531,29.3712,8.0000,0.0000,0.0000
19.5251,6,1,60,905.2500,570.0000,927.5438,546.4126,22.2938,-23.5874,32.4558,10.0000,0.0000,0.0000
19.5313,7,1,60,925.7813,590.0000,948.1243,566.4386,22.3430,-23.5614,32.4708,9.0000,0.0000,0.0000
19.5438,9,1,60,946.3500,590.0000,968.7903,566.4913,22.4403,-23.5087,32.4996,8.0000,0.0000,0.0000
19.5813,15,3,60,1573.7687,590.0000,1596.4906,566.6549,22.7218,-23.3451,32.5772,9.0000,3.1416,0.0000
19.5876,16,3,60,1564.5375,570.0000,1587.3047,546.6830,22.7672,-23.3170,32.5888,11.0000,3.1416,0.0000
19.5939,17,3,60,1633.2500,590.0000,1656.0622,566.7113,22.8122,-23.2887,32.6000,8.0000,3.1416,0.0000
15.0001,2,0,100,360.0000,570.0000,338.0068,578.6647,-21.9932,8.6647,23.6385,10.0000,0.0000,0.0000
15.0063,3,0,100,385.0563,590.0000,363.0113,598.5915,-22.0450,8.5915,23.6600,9.0000,0.0000,0.0000
15.0126,4,0,100,445.1375,570.0000,423.0412,578.5181,-22.0963,8.5181,23.6813,11.0000,0.0000,0.0000
15.0188,5,0,100,410.1500,590.0000,388.0027,598.4445,-22.1473,8.4445,23.7026,8.0000,0.0000,0.0000
15.0251,6,1,100,860.2500,570.0000,838.0522,578.3710,-22.1978,8.3710,23.7238,10.0000,0.0000,0.0000
15.0313,7,1,100,885.2813,590.0000,863.0333,598.2973,-22.2479,8.2973,23.7448,9.0000,0.0000,0.0000
15.0376,8,1,100,945.4125,570.0000,923.1149,578.2236,-22.2976,8.2236,23.7657,11.0000,0.0000,0.0000
15.0438,9,1,100,910.3500,590.0000,888.0031,598.1497,-22.3469,8.1497,23.7866,8.0000,0.0000,0.0000
15.0501,10,2,100,1360.5000,570.0000,1338.1043,578.0758,-22.3957,8.0758,23.8073,10.0000,0.0000,0.0000
15.0563,11,2,100,1385.5063,590.0000,1363.0622,598.0019,-22.4441,8.0019,23.8278,9.0000,0.0000,0.0000
15.0626,12,2,100,1445.6875,570.0000,1423.1955,577.9279,-22.4920,7.9279,23.8483,11.0000,0.0000,0.0000
15.0688,13,2,100,1410.5500,590.0000,1388.0104,597.8536,-22.5396,7.8536,23.8687,8.0000,0.0000,0.0000
15.0751,14,3,100,1559.2500,570.0000,1536.6633,577.7794,-22.5867,7.7794,23.8889,10.0000,3.1416,0.0000
15.0813,15,3,100,1614.2687,590.0000,1591.6354,597.7052,-22.6333,7.7052,23.9089,9.0000,3.1416,0.0000
15.0876,16,3,100,1614.0375,570.0000,1591.3580,577.6309,-22.6795,7.6309,23.9289,11.0000,3.1416,0.0000
15.0939,17,3,100,1669.2500,590.0000,1646.5246,597.5564,-22.7254,7.5564,23.9487,8.0000,3.1416,0.0000
21.0126,4,1,20,511.1375,570.0000,532.1628,558.2502,21.0253,-11.7498,24.0857,11.0000,0.0000,0.0000
21.0251,6,1,20,920.2500,570.0000,941.1560,558.3885,20.9060,-11.6115,23.9142,10.0000,0.0000,0.0000
21.0313,7,1,20,939.2813,590.0000,960.1271,578.4577,20.8459,-11.5423,23.8280,9.0000,0.0000,0.0000
20.0251,6,1,60,910.2500,570.0000,935.0714,549.1955,24.8214,-20.8045,32.3872,10.0000,0.0000,0.0000
21.0438,9,1,20,958.3500,590.0000,979.0744,578.5965,20.7244,-11.4035,23.6546,8.0000,0.0000,0.0000
20.0313,7,1,60,930.2813,590.0000,955.1155,569.2389,24.8342,-20.7611,32.3691,9.0000,0.0000,0.0000
20.0438,9,1,60,950.3500,590.0000,975.2084,569.3264,24.8584,-20.6736,32.3317,8.0000,0.0000,0.0000
20.0813,15,3,60,1569.2687,590.0000,1594.1883,569.5936,24.9196,-20.4064,32.2088,9.0000,3.1416,0.0000
20.0876,16,3,60,1559.0375,570.0000,1583.9656,549.6388,24.9281,-20.3612,32.1868,11.0000,3.1416,0.0000
20.0938,17,3,60,1629.2500,590.0000,1654.1862,569.6843,24.9362,-20.3157,32.1643,8.0000,3.1416,0.0000
15.5001,2,0,100,365.0000,570.0000,340.2642,572.5938,-24.7358,2.5938,24.8714,10.0000,0.0000,0.0000
15.5063,3,0,100,389.5563,590.0000,364.8048,592.5159,-24.7514,2.5159,24.8790,9.0000,0.0000,0.0000
15.5126,4,0,100,450.6375,570.0000,425.8709,572.4382,-24.7666,2.4382,24.8863,11.0000,0.0000,0.0000
15.5188,5,0,100,414.1500,590.0000,389.3688,592.3605,-24.7812,2.3605,24.8934,8.0000,0.0000,0.0000
15.5251,6,1,100,865.2500,570.0000,840.4545,572.2826,-24.7955,2.2826,24.9003,10.0000,0.0000,0.0000
15.5313,7,1,100,889.7813,590.0000,864.9721,592.2048,-24.8092,2.2048,24.9070,9.0000,0.0000,0.0000
15.5376,8,1,100,950.9125,570.0000,926.0901,572.1270,-24.8224,2.1270,24.9134,11.0000,0.0000,0.0000
15.5438,9,1,100,914.3500,590.0000,889.5148,592.0492,-24.8352,2.0492,24.9196,8.0000,0.0000,0.0000
15.5501,10,2,100,1365.5000,570.0000,1340.6525,571.9714,-24.8475,1.9714,24.9256,10.0000,0.0000,0.0000
15.5563,11,2,100,1390.0063,590.0000,1365.1469,591.8934,-24.8593,1.8934,24.9313,9.0000,0.0000,0.0000
15.5626,12,2,100,1451.1875,570.0000,1426.3168,571.8155,-24.8707,1.8155,24.9369,11.0000,0.0000,0.0000
15.5688,13,2,100,1414.5500,590.0000,1389.6685,591.7376,-24.8815,1.7376,24.9421,8.0000,0.0000,0.0000
15.5751,14,3,100,1554.2500,570.0000,1529.3581,571.6597,-24.8919,1.6597,24.9472,10.0000,3.1416,0.0000
15.5813,15,3,100,1609.7687,590.0000,1584.8669,591.5816,-24.9019,1.5816,24.9521,9.0000,3.1416,0.0000
15.5876,16,3,100,1608.5375,570.0000,1583.6262,571.5037,-24.9113,1.5037,24.9567,11.0000,3.1416,0.0000
15.5938,17,3,100,1665.2500,590.0000,1640.3297,591.4257,-24.9203,1.4257,24.9610,8.0000,3.1416,0.0000
21.5126,4,1,20,516.6375,570.0000,531.7501,564.0751,15.1126,-5.9249,16.2325,11.0000,0.0000,0.0000
20.5126,4,1,60,505.6375,570.0000,530.0259,553.1561,24.3884,-16.8439,29.6397,11.0000,0.0000,0.0000
21.5251,6,1,20,925.2500,570.0000,940.1878,564.2270,14.9378,-5.7730,16.0145,10.0000,0.0000,0.0000
20.5251,6,1,60,915.2500,570.0000,939.5894,553.2719,24.3394,-16.7281,29.5336,10.0000,0.0000,0.0000
21.5313,7,1,20,943.7813,590.0000,958.6312,584.3030,14.8500,-5.6970,15.9053,9.0000,0.0000,0.0000
20.5313,7,1,60,934.7813,590.0000,959.0954,573.3301,24.3142,-16.6699,29.4799,9.0000,0.0000,0.0000
21.5438,9,1,20,962.3500,590.0000,977.0235,584.4552,14.6735,-5.5448,15.6861,8.0000,0.0000,0.0000
20.5438,9,1,60,954.3500,590.0000,978.6124,573.4469,24.2624,-16.5531,29.3712,8.0000,0.0000,0.0000
20.5626,12,3,60,1506.1875,570.0000,1530.3687,553.6232,24.1812,-16.3768,29.2049,11.0000,0.0000,0.0000
20.5814,15,3,60,1564.7687,590.0000,1588.8645,573.8011,24.0957,-16.1989,29.0346,9.0000,3.1416,0.0000
20.5876,16,3,60,1553.5375,570.0000,1577.6039,553.8606,24.0664,-16.1394,28.9771,11.0000,3.1416,0.0000
20.5938,17,3,60,1625.2500,590.0000,1649.2866,573.9203,24.0366,-16.0797,28.9190,8.0000,3.1416,0.0000
16.0001,2,0,100,370.0000,570.0000,345.5209,566.3613,-24.4791,-3.6387,24.7481,10.0000,0.0000,0.0000
16.0063,3,0,100,394.0563,590.0000,369.5996,586.2841,-24.4567,-3.7159,24.7374,9.0000,0.0000,0.0000
16.0126,4,0,100,456.1375,570.0000,431.7038,566.2068,-24.4337,-3.7932,24.7264,11.0000,0.0000,0.0000
16.0188,5,0,100,418.1500,590.0000,393.7396,586.1296,-24.4104,-3.8704,24.7153,8.0000,0.0000,0.0000
16.0251,6,1,100,870.2500,570.0000,845.8635,566.0525,-24.3865,-3.9475,24.7040,10.0000,0.0000,0.0000
16.0313,7,1,100,894.2813,590.0000,869.9190,585.9754,-24.3622,-4.0246,24.6924,9.0000,0.0000,0.0000
16.0376,8,1,100,956.4125,570.0000,932.0751,565.8982,-24.3374,-4.1018,24.6806,11.0000,0.0000,0.0000
16.0438,9,1,100,918.3500,590.0000,894.0378,585.8212,-24.3122,-4.1788,24.6687,8.0000,0.0000,0.0000
16.0501,10,2,100,1370.5000,570.0000,1346.2135,565.7442,-24.2865,-4.2558,24.6565,10.0000,0.0000,0.0000
16.0563,11,2,100,1394.5063,590.0000,1370.2459,585.6673,-24.2603,-4.3327,24.6442,9.0000,0.0000,0.0000
16.0626,12,2,100,1456.6875,570.0000,1432.4539,565.5902,-24.2336,-4.4098,24.6316,11.0000,0.0000,0.0000
16.0688,13,2,100,1418.5500,590.0000,1394.3435,585.5134,-24.2065,-4.4866,24.6188,8.0000,0.0000,0.0000
16.0751,14,3,100,1549.2500,570.0000,1525.0710,565.4366,-24.1790,-4.5634,24.6058,10.0000,3.1416,0.0000
16.0813,15,3,100,1605.2687,590.0000,1581.1178,585.3598,-24.1510,-4.6402,24.5927,9.0000,3.1416,0.0000
16.0876,16,3,100,1603.0375,570.0000,1578.9151,565.2830,-24.1224,-4.7170,24.5793,11.0000,3.1416,0.0000
16.0938,17,3,100,1661.2500,590.0000,1637.1565,585.2063,-24.0935,-4.7937,24.5657,8.0000,3.1416,0.0000
22.0126,4,1,20,522.1375,570.0000,529.5051,570.2681,7.3676,0.2681,7.3724,11.0000,0.0000,0.0000
22.0251,6,1,20,930.2500,570.0000,937.4083,570.4243,7.1583,0.4243,7.1708,10.0000,0.0000,0.0000
22.0313,7,1,20,948.2813,590.0000,955.3347,590.5024,7.0535,0.5024,7.0713,9.0000,0.0000,0.0000
22.0438,9,1,20,966.3500,590.0000,973.1934,590.6586,6.8434,0.6586,6.8750,8.0000,0.0000,0.0000
21.0126,4,1,60,511.1375,570.0000,532.1628,558.2502,21.0253,-11.7498,24.0857,11.0000,0.0000,0.0000
21.0251,6,1,60,920.2500,570.0000,941.1560,558.3885,20.9060,-11.6115,23.9142,10.0000,0.0000,0.0000
21.0313,7,1,60,939.2813,590.0000,960.1271,578.4577,20.8459,-11.5423,23.8280,9.0000,0.0000,0.0000
21.0438,9,1,60,958.3500,590.0000,979.0744,578.5965,20.7244,-11.4035,23.6546,8.0000,0.0000,0.0000
21.0626,12,3,60,1511.6875,570.0000,1532.2266,558.8056,20.5391,-11.1944,23.3917,11.0000,0.0000,0.0000
21.0814,15,3,60,1560.2687,590.0000,1580.6189,579.0157,20.3502,-10.9843,23.1254,9.0000,3.1416,0.0000
21.0876,16,3,60,1548.0375,570.0000,1568.3240,559.0859,20.2865,-10.9141,23.0360,11.0000,3.1416,0.0000
21.0938,17,3,60,1621.2500,590.0000,1641.4724,579.1562,20.2224,-10.8438,22.9463,8.0000,3.1416,0.0000
16.5001,2,0,100,375.0000,570.0000,353.7458,560.3552,-21.2542,-9.6448,23.3401,10.0000,0.0000,0.0000
16.5063,3,0,100,398.5563,590.0000,377.3598,580.2832,-21.1964,-9.7168,23.3175,9.0000,0.0000,0.0000
16.5126,4,0,100,461.6375,570.0000,440.4993,560.2113,-21.1382,-9.7887,23.2947,11.0000,0.0000,0.0000
16.5189,5,0,100,422.1500,590.0000,401.0704,580.1393,-21.0796,-9.8607,23.2719,8.0000,0.0000,0.0000
16.5251,6,1,100,875.2500,570.0000,854.2294,560.0676,-21.0206,-9.9324,23.2490,10.0000,0.0000,0.0000
16.5313,7,1,100,898.7813,590.0000,877.8200,579.9960,-20.9612,-10.0040,23.2261,9.0000,0.0000,0.0000
16.5376,8,1,100,961.9125,570.0000,941.0111,559.9245,-20.9014,-10.0755,23.2031,11.0000,0.0000,0.0000
16.5439,9,1,100,922.3500,590.0000,901.5089,579.8530,-20.8411,-10.1470,23.1801,8.0000,0.0000,0.0000
16.5501,10,2,100,1375.5000,570.0000,1354.7195,559.7816,-20.7805,-10.2184,23.1570,10.0000,0.0000,0.0000
16.5563,11,2,100,1399.0063,590.0000,1378.2867,579.7104,-20.7196,-10.2896,23.1339,9.0000,0.0000,0.0000
16.5626,12,2,100,1462.1875,570.0000,1441.5293,559.6393,-20.6582,-10.3607,23.1107,11.0000,0.0000,0.0000
16.5689,13,2,100,1422.5500,590.0000,1401.9537,579.5682,-20.5963,-10.4318,23.0875,8.0000,0.0000,0.0000
16.5751,14,3,100,1544.2500,570.0000,1523.7159,559.4972,-20.5341,-10.5028,23.0642,10.0000,3.1416,0.0000
16.5813,15,3,100,1600.7687,590.0000,1580.2972,579.4264,-20.4716,-10.5736,23.0410,9.0000,3.1416,0.0000
16.5876,16,3,100,1597.5375,570.0000,1577.1288,559.3557,-20.4087,-10.6443,23.0177,11.0000,3.1416,0.0000
16.5939,17,3,100,1657.2500,590.0000,1636.9048,579.2850,-20.3452,-10.7150,22.9943,8.0000,3.1416,0.0000
22.5126,4,1,20,527.6375,570.0000,526.3667,576.4445,-1.2708,6.4445,6.5686,11.0000,0.0000,0.0000
22.5251,6,1,20,935.2500,570.0000,933.7608,576.5953,-1.4892,6.5953,6.7614,10.0000,0.0000,0.0000
22.5313,7,1,20,952.7813,590.0000,951.1829,596.6706,-1.5983,6.6706,6.8594,9.0000,0.0000,0.0000
22.5438,9,1,20,970.3500,590.0000,968.5335,596.8211,-1.8165,6.8211,7.0588,8.0000,0.0000,0.0000
21.5126,4,1,60,516.6375,570.0000,531.7501,564.0751,15.1126,-5.9249,16.2325,11.0000,0.0000,0.0000
21.5251,6,1,60,925.2500,570.0000,940.1878,564.2270,14.9378,-5.7730,16.0145,10.0000,0.0000,0.0000
21.5313,7,1,60,943.7813,590.0000,958.6312,584.3030,14.8500,-5.6970,15.9053,9.0000,0.0000,0.0000
21.5438,9,1,60,962.3500,590.0000,977.0235,584.4552,14.6735,-5.5448,15.6861,8.0000,0.0000,0.0000
21.5626,12,3,60,1517.1875,570.0000,1531.5941,564.6839,14.4066,-5.3161,15.3561,11.0000,0.0000,0.0000
21.5813,15,3,60,1555.7687,590.0000,1569.9058,584.9133,14.1371,-5.0867,15.0244,9.0000,3.1416,0.0000
21.5876,16,3,60,1542.5375,570.0000,1556.5843,564.9897,14.0468,-5.0103,14.9136,11.0000,3.1416,0.0000
21.5938,17,3,60,1617.2500,590.0000,1631.2062,585.0663,13.9562,-4.9337,14.8026,8.0000,3.1416,0.0000
17.0001,2,0,100,380.0000,570.0000,364.5478,554.9488,-15.4522,-15.0512,21.5710,10.0000,0.0000,0.0000
17.0064,3,0,100,403.0563,590.0000,387.6903,574.8864,-15.3659,-15.1136,21.5530,9.0000,0.0000,0.0000
17.0188,5,0,100,426.1500,590.0000,410.9572,574.7622,-15.1928,-15.2378,21.5177,8.0000,0.0000,0.0000
17.0251,6,1,100,880.2500,570.0000,865.1441,554.7005,-15.1059,-15.2995,21.5003,10.0000,0.0000,0.0000
17.0313,7,1,100,903.2813,590.0000,888.2628,574.6387,-15.0185,-15.3613,21.4832,9.0000,0.0000,0.0000
17.0438,9,1,100,926.3500,590.0000,911.5069,574.5157,-14.8431,-15.4843,21.4495,8.0000,0.0000,0.0000
17.0501,10,2,100,1380.5000,570.0000,1365.7450,554.4545,-14.7550,-15.5455,21.4330,10.0000,0.0000,0.0000
17.0563,11,2,100,1403.5063,590.0000,1388.8398,574.3933,-14.6665,-15.6067,21.4167,9.0000,0.0000,0.0000
17.0688,13,2,100,1426.5500,590.0000,1412.0612,574.2716,-14.4888,-15.7284,21.3848,8.0000,0.0000,0.0000
17.0751,14,3,100,1539.2500,570.0000,1524.8505,554.2110,-14.3995,-15.7890,21.3691,10.0000,3.1416,0.0000
17.0813,15,3,100,1596.2687,590.0000,1581.9587,574.1505,-14.3100,-15.8495,21.3538,9.0000,3.1416,0.0000
17.0876,16,3,100,1592.0375,570.0000,1577.8174,554.0901,-14.2201,-15.9099,21.3386,11.0000,3.1416,0.0000
17.0938,17,3,100,1653.2500,590.0000,1639.1199,574.0299,-14.1301,-15.9701,21.3237,8.0000,3.1416,0.0000
23.0126,4,1,20,533.1375,570.0000,523.3824,582.2202,-9.7551,12.2202,15.6364,11.0000,0.0000,0.0000
23.0251,6,1,20,940.2500,570.0000,930.2939,582.3563,-9.9561,12.3563,15.8683,10.0000,0.0000,0.0000
23.0313,7,1,20,957.2813,590.0000,947.2249,602.4241,-10.0563,12.4241,15.9840,9.0000,0.0000,0.0000
22.0126,4,1,60,522.1375,570.0000,529.5051,570.2681,7.3676,0.2681,7.3724,11.0000,0.0000,0.0000
22.0251,6,1,60,930.2500,570.0000,937.4083,570.4243,7.1583,0.4243,7.1708,10.0000,0.0000,0.0000
22.0313,7,1,60,948.2813,590.0000,955.3347,590.5024,7.0535,0.5024,7.0713,9.0000,0.0000,0.0000
22.0438,9,1,60,966.3500,590.0000,973.1934,590.6586,6.8434,0.6586,6.8750,8.0000,0.0000,0.0000
22.0626,12,3,60,1522.6875,570.0000,1529.2147,570.8928,6.5272,0.8928,6.5880,11.0000,0.0000,0.0000
22.0813,15,3,60,1551.2687,590.0000,1557.4786,591.1271,6.2098,1.1271,6.3113,9.0000,3.1416,0.0000
22.0876,16,3,60,1537.0375,570.0000,1543.1414,571.2051,6.1039,1.2051,6.2217,11.0000,3.1416,0.0000
22.0938,17,3,60,1613.2500,590.0000,1619.2478,591.2831,5.9978,1.2831,6.1335,8.0000,3.1416,0.0000
17.5001,2,0,100,385.0000,570.0000,377.2237,550.4781,-7.7763,-19.5219,21.0137,10.0000,0.0000,0.0000
17.5063,3,0,100,407.5563,590.0000,399.8839,570.4294,-7.6724,-19.5706,21.0208,9.0000,0.0000,0.0000
17.5188,5,0,100,430.1500,590.0000,422.6861,570.3326,-7.4639,-19.6674,21.0361,8.0000,0.0000,0.0000
17.5251,6,1,100,885.2500,570.0000,877.8906,550.2844,-7.3594,-19.7156,21.0444,10.0000,0.0000,0.0000
17.5313,7,1,100,907.7813,590.0000,900.5264,570.2365,-7.2548,-19.7635,21.0530,9.0000,0.0000,0.0000
17.5438,9,1,100,930.3500,590.0000,923.3048,570.1412,-7.0452,-19.8588,21.0715,8.0000,0.0000,0.0000
17.5501,10,2,100,1385.5000,570.0000,1378.5598,550.0938,-6.9402,-19.9062,21.0813,10.0000,0.0000,0.0000
17.5563,11,2,100,1408.0063,590.0000,1401.1712,570.0467,-6.8351,-19.9533,21.0916,9.0000,0.0000,0.0000
17.5688,13,2,100,1430.5500,590.0000,1423.9256,569.9529,-6.6244,-20.0471,21.1132,8.0000,0.0000,0.0000
17.5814,15,3,100,1591.7687,590.0000,1585.3564,569.8596,-6.4124,-20.1404,21.1366,9.0000,3.1416,0.0000
17.5876,16,3,100,1586.5375,570.0000,1580.2302,549.8137,-6.3073,-20.1863,21.1487,11.0000,3.1416,0.0000
17.5938,17,3,100,1649.2500,590.0000,1643.0485,569.7678,-6.2015,-20.2322,21.1613,8.0000,3.1416,0.0000
23.5126,4,1,20,538.6375,570.0000,521.5809,587.2362,-17.0566,17.2362,24.2490,11.0000,0.0000,0.0000
23.5251,6,1,20,945.2500,570.0000,928.0341,587.3490,-17.2159,17.3490,24.4412,10.0000,0.0000,0.0000
23.5313,7,1,20,961.7813,590.0000,944.4863,607.4051,-17.2950,17.4051,24.5368,9.0000,0.0000,0.0000
22.5126,4,1,60,527.6375,570.0000,526.3667,576.4445,-1.2708,6.4445,6.5686,11.0000,0.0000,0.0000
22.5251,6,1,60,935.2500,570.0000,933.7608,576.5953,-1.4892,6.5953,6.7614,10.0000,0.0000,0.0000
22.5313,7,1,60,952.7813,590.0000,951.1829,596.6706,-1.5983,6.6706,6.8594,9.0000,0.0000,0.0000
22.5438,9,1,60,970.3500,590.0000,968.5335,596.8211,-1.8165,6.8211,7.0588,8.0000,0.0000,0.0000
22.5626,12,3,60,1528.1875,570.0000,1526.0437,577.0463,-2.1438,7.0463,7.3652,11.0000,0.0000,0.0000
22.5813,15,3,60,1546.7687,590.0000,1544.2983,597.2709,-2.4704,7.2709,7.6791,9.0000,3.1416,0.0000
18.0001,2,0,100,390.0000,570.0000,390.8423,547.2212,0.8423,-22.7788,22.7943,10.0000,0.0000,0.0000
22.5938,17,3,60,1609.2500,590.0000,1606.5621,597.4202,-2.6879,7.4202,7.8920,8.0000,3.1416,0.0000
18.0063,3,0,100,412.0563,590.0000,413.0078,567.1892,0.9515,-22.8108,22.8307,9.0000,0.0000,0.0000
18.0188,5,0,100,434.1500,590.0000,435.3200,567.1257,1.1700,-22.8743,22.9042,8.0000,0.0000,0.0000
18.0251,6,1,100,890.2500,570.0000,891.5294,547.0943,1.2794,-22.9057,22.9414,10.0000,0.0000,0.0000
18.0313,7,1,100,912.2813,590.0000,913.6698,567.0631,1.3885,-22.9369,22.9789,9.0000,0.0000,0.0000
18.0438,9,1,100,934.3500,590.0000,935.9568,567.0014,1.6068,-22.9986,23.0547,8.0000,0.0000,0.0000
18.0501,10,2,100,1390.5000,570.0000,1392.2160,546.9709,1.7160,-23.0291,23.0930,10.0000,0.0000,0.0000
18.0564,11,2,100,1412.5063,590.0000,1414.3315,566.9405,1.8253,-23.0595,23.1316,9.0000,0.0000,0.0000
18.0688,13,2,100,1434.5500,590.0000,1436.5933,566.8806,2.0433,-23.1194,23.2095,8.0000,0.0000,0.0000
18.0813,15,3,100,1587.2687,590.0000,1589.5300,566.8216,2.2613,-23.1784,23.2884,9.0000,3.1416,0.0000
18.0876,16,3,100,1581.0375,570.0000,1583.4076,546.7925,2.3701,-23.2075,23.3282,11.0000,3.1416,0.0000
18.0938,17,3,100,1645.2500,590.0000,1647.7289,566.7636,2.4789,-23.2364,23.3683,8.0000,3.1416,0.0000
24.0126,4,1,20,544.1375,570.0000,521.8476,591.1805,-22.2899,21.1805,30.7482,11.0000,0.0000,0.0000
24.0251,6,1,20,950.2500,570.0000,927.8619,591.2630,-22.3881,21.2630,30.8763,10.0000,0.0000,0.0000
24.0313,7,1,20,966.2813,590.0000,943.8447,611.3040,-22.4365,21.3040,30.9396,9.0000,0.0000,0.0000
23.0126,4,1,60,533.1375,570.0000,523.3824,582.2202,-9.7551,12.2202,15.6364,11.0000,0.0000,0.0000
23.0251,6,1,60,940.2500,570.0000,930.2939,582.3563,-9.9561,12.3563,15.8683,10.0000,0.0000,0.0000
23.0313,7,1,60,957.2813,590.0000,947.2249,602.4241,-10.0563,12.4241,15.9840,9.0000,0.0000,0.0000
23.0626,12,3,60,1533.6875,570.0000,1523.1328,582.7616,-10.5547,12.7616,16.5608,11.0000,0.0000,0.0000
18.5001,2,0,100,395.0000,570.0000,404.3587,545.3807,9.3587,-24.6193,26.3381,10.0000,0.0000,0.0000
23.0813,15,3,60,1542.2687,590.0000,1531.4176,602.9626,-10.8512,12.9626,16.9049,9.0000,3.1416,0.0000
18.5063,3,0,100,416.5563,590.0000,426.0163,565.3672,9.4600,-24.6328,26.3868,9.0000,0.0000,0.0000
23.0938,17,3,60,1605.2500,590.0000,1594.2022,603.0959,-11.0478,13.0959,17.1335,8.0000,3.1416,0.0000
18.5188,5,0,100,438.1500,590.0000,447.8121,565.3410,9.6621,-24.6590,26.4844,8.0000,0.0000,0.0000
18.5251,6,1,100,895.2500,570.0000,905.0129,545.3283,9.7629,-24.6717,26.5332,10.0000,0.0000,0.0000
18.5314,7,1,100,916.7813,590.0000,926.6449,565.3158,9.8637,-24.6842,26.5820,9.0000,0.0000,0.0000
18.5439,9,1,100,938.3500,590.0000,948.4143,565.2915,10.0643,-24.7085,26.6796,8.0000,0.0000,0.0000
18.5501,10,2,100,1395.5000,570.0000,1405.6643,545.2797,10.1643,-24.7203,26.7284,10.0000,0.0000,0.0000
18.5563,11,2,100,1417.0063,590.0000,1427.2703,565.2682,10.2641,-24.7318,26.7771,9.0000,0.0000,0.0000
18.5688,13,2,100,1438.5500,590.0000,1449.0131,565.2458,10.4631,-24.7542,26.8746,8.0000,0.0000,0.0000
18.5813,15,3,100,1582.7687,590.0000,1593.4301,565.2245,10.6614,-24.7755,26.9721,9.0000,3.1416,0.0000
18.5876,16,3,100,1575.5375,570.0000,1586.2976,545.2142,10.7601,-24.7858,27.0207,11.0000,3.1416,0.0000
18.5938,17,3,100,1641.2500,590.0000,1652.1089,565.2041,10.8589,-24.7959,27.0694,8.0000,3.1416,0.0000
24.5126,4,1,20,549.6375,570.0000,524.8171,593.8078,-24.8204,23.8078,34.3927,11.0000,0.0000,0.0000
24.5251,6,1,20,955.2500,570.0000,930.4044,593.8550,-24.8456,23.8550,34.4436,10.0000,0.0000,0.0000
24.5313,7,1,20,970.7813,590.0000,945.9237,613.8783,-24.8575,23.8783,34.4684,9.0000,0.0000,0.0000
23.5126,4,1,60,538.6375,570.0000,521.5809,587.2362,-17.0566,17.2362,24.2490,11.0000,0.0000,0.0000
23.5251,6,1,60,945.2500,570.0000,928.0341,587.3490,-17.2159,17.3490,24.4412,10.0000,0.0000,0.0000
23.5313,7,1,60,961.7813,590.0000,944.4863,607.4051,-17.2950,17.4051,24.5368,9.0000,0.0000,0.0000
19.0001,2,0,100,400.0000,570.0000,416.7404,545.0708,16.7404,-24.9292,30.0285,10.0000,0.0000,0.0000
19.0063,3,0,100,421.0563,590.0000,437.8777,565.0768,16.8215,-24.9232,30.0687,9.0000,0.0000,0.0000
19.0188,5,0,100,442.1500,590.0000,459.1328,565.0895,16.9828,-24.9105,30.1487,8.0000,0.0000,0.0000
19.0251,6,1,100,900.2500,570.0000,917.3128,545.0962,17.0628,-24.9038,30.1883,10.0000,0.0000,0.0000
23.5626,12,3,60,1539.1875,570.0000,1521.5017,587.6835,-17.6858,17.6835,25.0098,11.0000,0.0000,0.0000
19.0314,7,1,100,921.2813,590.0000,938.4239,565.1032,17.1427,-24.8968,30.2278,9.0000,0.0000,0.0000
19.0438,9,1,100,942.3500,590.0000,959.6512,565.1179,17.3012,-24.8821,30.3060,8.0000,0.0000,0.0000
23.5814,15,3,60,1537.7687,590.0000,1519.8526,607.8484,-17.9162,17.8484,25.2894,9.0000,3.1416,0.0000
19.0501,10,2,100,1400.5000,570.0000,1417.8799,545.1256,17.3799,-24.8744,30.3447,10.0000,0.0000,0.0000
19.0563,11,2,100,1421.5063,590.0000,1438.9646,565.1335,17.4584,-24.8665,30.3832,9.0000,0.0000,0.0000
23.5938,17,3,60,1601.2500,590.0000,1583.1820,607.9574,-18.0680,17.9574,25.4739,8.0000,3.1416,0.0000
19.0688,13,2,100,1442.5500,590.0000,1460.1644,565.1501,17.6144,-24.8499,30.4595,8.0000,0.0000,0.0000
19.0814,15,3,100,1578.2687,590.0000,1596.0377,565.1677,17.7690,-24.8323,30.5349,9.0000,3.1416,0.0000
19.0876,16,3,100,1570.0375,570.0000,1587.8832,545.1769,17.8457,-24.8231,30.5721,11.0000,3.1416,0.0000
19.0938,17,3,100,1637.2500,590.0000,1655.1721,565.1863,17.9221,-24.8137,30.6092,8.0000,3.1416,0.0000
25.0126,4,1,20,555.1375,570.0000,530.7962,594.9549,-24.3413,24.9549,34.8604,11.0000,0.0000,0.0000
25.0251,6,1,20,960.2500,570.0000,935.9595,594.9638,-24.2905,24.9638,34.8313,10.0000,0.0000,0.0000
24.0126,4,1,60,544.1375,570.0000,521.8476,591.1805,-22.2899,21.1805,30.7482,11.0000,0.0000,0.0000
24.0251,6,1,60,950.2500,570.0000,927.8619,591.2630,-22.3881,21.2630,30.8763,10.0000,0.0000,0.0000
24.0313,7,1,60,966.2813,590.0000,943.8447,611.3040,-22.4365,21.3040,30.9396,9.0000,0.0000,0.0000
19.5001,2,0,100,405.0000,570.0000,427.0924,546.3109,22.0924,-23.6891,32.3921,10.0000,0.0000,0.0000
19.5063,3,0,100,425.5563,590.0000,447.6996,566.3360,22.1433,-23.6640,32.4085,9.0000,0.0000,0.0000
19.5188,5,0,100,446.1500,590.0000,468.3940,566.3868,22.2440,-23.6132,32.4404,8.0000,0.0000,0.0000
19.5251,6,1,100,905.2500,570.0000,927.5438,546.4126,22.2938,-23.5874,32.4558,10.0000,0.0000,0.0000
24.0626,12,3,60,1544.6875,570.0000,1522.0152,591.5058,-22.6723,21.5058,31.2495,11.0000,0.0000,0.0000
19.5313,7,1,100,925.7813,590.0000,948.1243,566.4386,22.3430,-23.5614,32.4708,9.0000,0.0000,0.0000
19.5438,9,1,100,946.3500,590.0000,968.7903,566.4913,22.4403,-23.5087,32.4996,8.0000,0.0000,0.0000
24.0813,15,3,60,1533.2687,590.0000,1510.4601,611.6243,-22.8086,21.6243,31.4300,9.0000,3.1416,0.0000
19.5501,10,2,100,1405.5000,570.0000,1427.9882,546.5180,22.4882,-23.4820,32.5135,10.0000,0.0000,0.0000
19.5563,11,2,100,1426.0063,590.0000,1448.5421,566.5449,22.5359,-23.4551,32.5270,9.0000,0.0000,0.0000
24.0938,17,3,60,1597.2500,590.0000,1574.3527,611.7023,-22.8973,21.7023,31.5480,8.0000,3.1416,0.0000
19.5688,13,2,100,1446.5500,590.0000,1469.1797,566.5995,22.6297,-23.4005,32.5529,8.0000,0.0000,0.0000
19.5813,15,3,100,1573.7687,590.0000,1596.4906,566.6549,22.7218,-23.3451,32.5772,9.0000,3.1416,0.0000
19.5876,16,3,100,1564.5375,570.0000,1587.3047,546.6830,22.7672,-23.3170,32.5888,11.0000,3.1416,0.0000
19.5939,17,3,100,1633.2500,590.0000,1656.0622,566.7113,22.8122,-23.2887,32.6000,8.0000,3.1416,0.0000
25.5126,4,1,20,560.6375,570.0000,539.7267,594.5505,-20.9108,24.5505,32.2489,11.0000,0.0000,0.0000
24.5126,4,1,60,549.6375,570.0000,524.8171,593.8078,-24.8204,23.8078,34.3927,11.0000,0.0000,0.0000
24.5251,6,1,60,955.2500,570.0000,930.4044,593.8550,-24.8456,23.8550,34.4436,10.0000,0.0000,0.0000
24.5313,7,1,60,970.7813,590.0000,945.9237,613.8783,-24.8575,23.8783,34.4684,9.0000,0.0000,0.0000
20.0001,2,0,100,410.0000,570.0000,434.7654,549.0239,24.7654,-20.9761,32.4549,10.0000,0.0000,0.0000
20.0063,3,0,100,430.0563,590.0000,454.8364,569.0665,24.7801,-20.9335,32.4387,9.0000,0.0000,0.0000
20.0188,5,0,100,450.1500,590.0000,474.9581,569.1523,24.8081,-20.8477,32.4048,8.0000,0.0000,0.0000
24.5626,12,3,60,1550.1875,570.0000,1525.2776,593.9910,-24.9099,23.9910,34.5842,11.0000,0.0000,0.0000
20.0251,6,1,100,910.2500,570.0000,935.0714,549.1955,24.8214,-20.8045,32.3872,10.0000,0.0000,0.0000
20.0313,7,1,100,930.2813,590.0000,955.1155,569.2389,24.8342,-20.7611,32.3691,9.0000,0.0000,0.0000
20.0438,9,1,100,950.3500,590.0000,975.2084,569.3264,24.8584,-20.6736,32.3317,8.0000,0.0000,0.0000
24.5938,17,3,60,1593.2500,590.0000,1568.2997,614.0979,-24.9503,24.0979,34.6876,8.0000,3.1416,0.0000
20.0501,10,2,100,1410.5000,570.0000,1435.3698,549.3704,24.8698,-20.6296,32.3123,10.0000,0.0000,0.0000
20.0563,11,2,100,1430.5063,590.0000,1455.3870,569.4146,24.8807,-20.5854,32.2925,9.0000,0.0000,0.0000
20.0688,13,2,100,1450.5500,590.0000,1475.4511,569.5037,24.9011,-20.4963,32.2516,8.0000,0.0000,0.0000
20.0813,15,3,100,1569.2687,590.0000,1594.1883,569.5936,24.9196,-20.4064,32.2088,9.0000,3.1416,0.0000
20.0876,16,3,100,1559.0375,570.0000,1583.9656,549.6388,24.9281,-20.3612,32.1868,11.0000,3.1416,0.0000
20.0938,17,3,100,1629.2500,590.0000,1654.1862,569.6843,24.9362,-20.3157,32.1643,8.0000,3.1416,0.0000
26.0126,4,1,20,566.1375,570.0000,551.1929,592.6195,-14.9446,22.6195,27.1106,11.0000,0.0000,0.0000
25.0126,4,1,60,555.1375,570.0000,530.7962,594.9549,-24.3413,24.9549,34.8604,11.0000,0.0000,0.0000
25.0251,6,1,60,960.2500,570.0000,935.9595,594.9638,-24.2905,24.9638,34.8313,10.0000,0.0000,0.0000
20.5001,2,0,100,415.0000,570.0000,439.4355,553.0411,24.4355,-16.9589,29.7439,10.0000,0.0000,0.0000
25.0626,12,3,60,1555.6875,570.0000,1531.5605,594.9846,-24.1270,24.9846,34.7324,11.0000,0.0000,0.0000
20.5063,3,0,100,434.5563,590.0000,458.9685,573.0985,24.4122,-16.9015,29.6920,9.0000,0.0000,0.0000
20.5126,4,1,100,505.6375,570.0000,530.0259,553.1561,24.3884,-16.8439,29.6397,11.0000,0.0000,0.0000
20.5188,5,0,100,454.1500,590.0000,478.5141,573.2139,24.3641,-16.7861,29.5869,8.0000,0.0000,0.0000
20.5251,6,1,100,915.2500,570.0000,939.5894,553.2719,24.3394,-16.7281,29.5336,10.0000,0.0000,0.0000
25.0938,17,3,60,1589.2500,590.0000,1565.2721,614.9953,-23.9779,24.9953,34.6367,8.0000,3.1416,0.0000
20.5313,7,1,100,934.7813,590.0000,959.0954,573.3301,24.3142,-16.6699,29.4799,9.0000,0.0000,0.0000
20.5376,8,2,100,1005.9125,570.0000,1030.2010,553.3884,24.2885,-16.6116,29.4258,11.0000,0.0000,0.0000
20.5438,9,1,100,954.3500,590.0000,978.6124,573.4469,24.2624,-16.5531,29.3712,8.0000,0.0000,0.0000
20.5501,10,2,100,1415.5000,570.0000,1439.7357,553.5055,24.2357,-16.4945,29.3162,10.0000,0.0000,0.0000
20.5563,11,2,100,1435.0063,590.0000,1459.2149,573.5642,24.2087,-16.4358,29.2608,9.0000,0.0000,0.0000
20.5626,12,3,100,1506.1875,570.0000,1530.3687,553.6232,24.1812,-16.3768,29.2049,11.0000,0.0000,0.0000
20.5688,13,2,100,1454.5500,590.0000,1478.7032,573.6823,24.1532,-16.3177,29.1486,8.0000,0.0000,0.0000
20.5814,15,3,100,1564.7687,590.0000,1588.8645,573.8011,24.0957,-16.1989,29.0346,9.0000,3.1416,0.0000
20.5876,16,3,100,1553.5375,570.0000,1577.6039,553.8606,24.0664,-16.1394,28.9771,11.0000,3.1416,0.0000
20.5938,17,3,100,1625.2500,590.0000,1649.2866,573.9203,24.0366,-16.0797,28.9190,8.0000,3.1416,0.0000
26.5126,4,1,20,571.6375,570.0000,564.4710,589.2823,-7.1665,19.2823,20.5710,11.0000,0.0000,0.0000
25.5126,4,1,60,560.6375,570.0000,539.7267,594.5505,-20.9108,24.5505,32.2489,11.0000,0.0000,0.0000
25.5626,12,3,60,1561.1875,570.0000,1540.7689,594.4248,-20.4186,24.4248,31.8354,11.0000,0.0000,0.0000
21.0001,2,0,100,420.0000,570.0000,441.1428,558.1126,21.1428,-11.8874,24.2555,10.0000,0.0000,0.0000
21.0063,3,0,100,439.0563,590.0000,460.1405,578.1813,21.0843,-11.8187,24.1708,9.0000,0.0000,0.0000
25.5938,17,3,60,1585.2500,590.0000,1565.1519,614.3385,-20.0981,24.3385,31.5642,8.0000,3.1416,0.0000
21.0126,4,1,100,511.1375,570.0000,532.1628,558.2502,21.0253,-11.7498,24.0857,11.0000,0.0000,0.0000
21.0189,5,0,100,458.1500,590.0000,479.1158,578.3194,20.9658,-11.6806,24.0000,8.0000,0.0000,0.0000
21.0251,6,1,100,920.2500,570.0000,941.1560,558.3885,20.9060,-11.6115,23.9142,10.0000,0.0000,0.0000
21.0313,7,1,100,939.2813,590.0000,960.1271,578.4577,20.8459,-11.5423,23.8280,9.0000,0.0000,0.0000
21.0376,8,2,100,1011.4125,570.0000,1032.1978,558.5271,20.7853,-11.4729,23.7415,11.0000,0.0000,0.0000
21.0438,9,1,100,958.3500,590.0000,979.0744,578.5965,20.7244,-11.4035,23.6546,8.0000,0.0000,0.0000
21.0501,10,2,100,1420.5000,570.0000,1441.1630,558.6661,20.6630,-11.3339,23.5673,10.0000,0.0000,0.0000
21.0563,11,2,100,1439.5063,590.0000,1460.1075,578.7358,20.6013,-11.2642,23.4797,9.0000,0.0000,0.0000
21.0626,12,3,100,1511.6875,570.0000,1532.2266,558.8056,20.5391,-11.1944,23.3917,11.0000,0.0000,0.0000
21.0688,13,2,100,1458.5500,590.0000,1479.0266,578.8755,20.4766,-11.1245,23.3033,8.0000,0.0000,0.0000
21.0751,14,2,100,1499.2500,570.0000,1519.6635,558.9456,20.4135,-11.0544,23.2145,10.0000,3.1416,0.0000
21.0814,15,3,100,1560.2687,590.0000,1580.6189,579.0157,20.3502,-10.9843,23.1254,9.0000,3.1416,0.0000
21.0876,16,3,100,1548.0375,570.0000,1568.3240,559.0859,20.2865,-10.9141,23.0360,11.0000,3.1416,0.0000
21.0938,17,3,100,1621.2500,590.0000,1641.4724,579.1562,20.2224,-10.8438,22.9463,8.0000,3.1416,0.0000
27.0126,4,1,20,577.1375,570.0000,578.6181,584.7462,1.4806,14.7462,14.8203,11.0000,0.0000,0.0000
26.0126,4,1,60,566.1375,570.0000,551.1929,592.6195,-14.9446,22.6195,27.1106,11.0000,0.0000,0.0000
26.0626,12,3,60,1566.6875,570.0000,1552.4532,592.3464,-14.2343,22.3464,26.4949,11.0000,0.0000,0.0000
21.5001,2,0,100,425.0000,570.0000,440.2864,563.9233,15.2864,-6.0767,16.4499,10.0000,0.0000,0.0000
21.5064,3,0,100,443.5563,590.0000,458.7558,583.9992,15.1996,-6.0008,16.3413,9.0000,0.0000,0.0000
26.0938,17,3,60,1581.2500,590.0000,1567.4688,612.1685,-13.7812,22.1685,26.1030,8.0000,3.1416,0.0000
21.5126,4,1,100,516.6375,570.0000,531.7501,564.0751,15.1126,-5.9249,16.2325,11.0000,0.0000,0.0000
21.5188,5,0,100,462.1500,590.0000,477.1753,584.1510,15.0253,-5.8490,16.1236,8.0000,0.0000,0.0000
21.5251,6,1,100,925.2500,570.0000,940.1878,564.2270,14.9378,-5.7730,16.0145,10.0000,0.0000,0.0000
21.5313,7,1,100,943.7813,590.0000,958.6312,584.3030,14.8500,-5.6970,15.9053,9.0000,0.0000,0.0000
21.5376,8,2,100,1016.9125,570.0000,1031.6744,564.3791,14.7619,-5.6209,15.7958,11.0000,0.0000,0.0000
21.5438,9,1,100,962.3500,590.0000,977.0235,584.4552,14.6735,-5.5448,15.6861,8.0000,0.0000,0.0000
21.5501,10,2,100,1425.5000,570.0000,1440.0848,564.5314,14.5848,-5.4686,15.5763,10.0000,0.0000,0.0000
21.5563,11,2,100,1444.0063,590.0000,1458.5021,584.6076,14.4958,-5.3924,15.4663,9.0000,0.0000,0.0000
21.5626,12,3,100,1517.1875,570.0000,1531.5941,564.6839,14.4066,-5.3161,15.3561,11.0000,0.0000,0.0000
21.5688,13,2,100,1462.5500,590.0000,1476.8671,584.7603,14.3171,-5.2397,15.2458,8.0000,0.0000,0.0000
21.5751,14,2,100,1494.2500,570.0000,1508.4771,564.8368,14.2271,-5.1632,15.1351,10.0000,3.1416,0.0000
21.5813,15,3,100,1555.7687,590.0000,1569.9058,584.9133,14.1371,-5.0867,15.0244,9.0000,3.1416,0.0000
21.5876,16,3,100,1542.5375,570.0000,1556.5843,564.9897,14.0468,-5.0103,14.9136,11.0000,3.1416,0.0000
21.5938,17,3,100,1617.2500,590.0000,1631.2062,585.0663,13.9562,-4.9337,14.8026,8.0000,3.1416,0.0000
27.5126,4,1,20,582.6375,570.0000,592.5857,579.2932,9.9482,9.2932,13.6136,11.0000,0.0000,0.0000
26.5126,4,1,60,571.6375,570.0000,564.4710,589.2823,-7.1665,19.2823,20.5710,11.0000,0.0000,0.0000
26.5626,12,3,60,1572.1875,570.0000,1565.8635,588.8785,-6.3240,18.8785,19.9096,11.0000,0.0000,0.0000
26.5938,17,3,60,1577.2500,590.0000,1571.4565,608.6202,-5.7935,18.6202,19.5006,8.0000,3.1416,0.0000
22.0001,2,0,100,430.0000,570.0000,437.5765,570.1118,7.5765,0.1118,7.5773,10.0000,0.0000,0.0000
22.0063,3,0,100,448.0563,590.0000,455.5283,590.1900,7.4720,0.1900,7.4744,9.0000,0.0000,0.0000
22.0126,4,1,100,522.1375,570.0000,529.5051,570.2681,7.3676,0.2681,7.3724,11.0000,0.0000,0.0000
22.0188,5,0,100,466.1500,590.0000,473.4130,590.3462,7.2630,0.3462,7.2712,8.0000,0.0000,0.0000
22.0251,6,1,100,930.2500,570.0000,937.4083,570.4243,7.1583,0.4243,7.1708,10.0000,0.0000,0.0000
22.0313,7,1,100,948.2813,590.0000,955.3347,590.5024,7.0535,0.5024,7.0713,9.0000,0.0000,0.0000
22.0376,8,2,100,1022.4125,570.0000,1029.3610,570.5805,6.9485,0.5805,6.9727,11.0000,0.0000,0.0000
22.0438,9,1,100,966.3500,590.0000,973.1934,590.6586,6.8434,0.6586,6.8750,8.0000,0.0000,0.0000
22.0501,10,2,100,1430.5000,570.0000,1437.2381,570.7367,6.7381,0.7367,6.7782,10.0000,0.0000,0.0000
22.0563,11,2,100,1448.5063,590.0000,1455.1390,590.8147,6.6328,0.8147,6.6826,9.0000,0.0000,0.0000
22.0626,12,3,100,1522.6875,570.0000,1529.2147,570.8928,6.5272,0.8928,6.5880,11.0000,0.0000,0.0000
22.0689,13,2,100,1466.5500,590.0000,1472.9714,590.9710,6.4214,0.9710,6.4944,8.0000,0.0000,0.0000
22.0751,14,2,100,1489.2500,570.0000,1495.5657,571.0491,6.3157,1.0491,6.4022,10.0000,3.1416,0.0000
22.0813,15,3,100,1551.2687,590.0000,1557.4786,591.1271,6.2098,1.1271,6.3113,9.0000,3.1416,0.0000
22.0876,16,3,100,1537.0375,570.0000,1543.1414,571.2051,6.1039,1.2051,6.2217,11.0000,3.1416,0.0000
22.0938,17,3,100,1613.2500,590.0000,1619.2478,591.2831,5.9978,1.2831,6.1335,8.0000,3.1416,0.0000
28.0126,4,1,20,588.1375,570.0000,605.3471,573.2624,17.2096,3.2624,17.5161,11.0000,0.0000,0.0000
27.0126,4,1,60,577.1375,570.0000,578.6181,584.7462,1.4806,14.7462,14.8203,11.0000,0.0000,0.0000
27.0626,12,3,60,1577.6875,570.0000,1580.0405,584.2369,2.3530,14.2369,14.4301,11.0000,0.0000,0.0000
22.5001,2,0,100,435.0000,570.0000,433.9476,576.2935,-1.0524,6.2935,6.3808,10.0000,0.0000,0.0000
27.0938,17,3,60,1573.2500,590.0000,1576.1469,603.9141,2.8969,13.9141,14.2125,8.0000,3.1416,0.0000
22.5063,3,0,100,452.5563,590.0000,451.3947,596.3690,-1.1616,6.3690,6.4741,9.0000,0.0000,0.0000
22.5126,4,1,100,527.6375,570.0000,526.3667,576.4445,-1.2708,6.4445,6.5686,11.0000,0.0000,0.0000
22.5188,5,0,100,470.1500,590.0000,468.7700,596.5200,-1.3800,6.5200,6.6644,8.0000,0.0000,0.0000
22.5251,6,1,100,935.2500,570.0000,933.7608,576.5953,-1.4892,6.5953,6.7614,10.0000,0.0000,0.0000
22.5313,7,1,100,952.7813,590.0000,951.1829,596.6706,-1.5983,6.6706,6.8594,9.0000,0.0000,0.0000
22.5376,8,2,100,1027.9125,570.0000,1026.2050,576.7459,-1.7075,6.7459,6.9586,11.0000,0.0000,0.0000
22.5438,9,1,100,970.3500,590.0000,968.5335,596.8211,-1.8165,6.8211,7.0588,8.0000,0.0000,0.0000
22.5501,10,2,100,1435.5000,570.0000,1433.5744,576.8962,-1.9256,6.8962,7.1600,10.0000,0.0000,0.0000
22.5564,11,2,100,1453.0063,590.0000,1450.9714,596.9714,-2.0348,6.9714,7.2623,9.0000,0.0000,0.0000
22.5626,12,3,100,1528.1875,570.0000,1526.0437,577.0463,-2.1438,7.0463,7.3652,11.0000,0.0000,0.0000
22.5688,13,2,100,1470.5500,590.0000,1468.2973,597.1213,-2.2527,7.1213,7.4691,8.0000,0.0000,0.0000
22.5751,14,2,100,1484.2500,570.0000,1481.8884,577.1961,-2.3616,7.1961,7.5737,10.0000,3.1416,0.0000
22.5813,15,3,100,1546.7687,590.0000,1544.2983,597.2709,-2.4704,7.2709,7.6791,9.0000,3.1416,0.0000
22.5938,17,3,100,1609.2500,590.0000,1606.5621,597.4202,-2.6879,7.4202,7.8920,8.0000,3.1416,0.0000
28.5063,3,1,20,506.5563,590.0000,528.8916,587.1064,22.3353,-2.8936,22.5220,9.0000,0.0000,0.0000
28.5126,4,1,20,593.6375,570.0000,616.0217,567.0288,22.3842,-2.9712,22.5805,11.0000,0.0000,0.0000
27.5126,4,1,60,582.6375,570.0000,592.5857,579.2932,9.9482,9.2932,13.6136,11.0000,0.0000,0.0000
27.5626,12,3,60,1583.1875,570.0000,1593.9322,578.7102,10.7447,8.7102,13.8317,11.0000,0.0000,0.0000
27.5938,17,3,60,1569.2500,590.0000,1580.4859,598.3430,11.2359,8.3430,13.9947,8.0000,3.1416,0.0000
23.0001,2,0,100,440.0000,570.0000,430.4466,582.0837,-9.5534,12.0837,15.4040,10.0000,0.0000,0.0000
23.0063,3,0,100,457.0563,590.0000,447.4019,602.1520,-9.6543,12.1520,15.5202,9.0000,0.0000,0.0000
23.0126,4,1,100,533.1375,570.0000,523.3824,582.2202,-9.7551,12.2202,15.6364,11.0000,0.0000,0.0000
23.0251,6,1,100,940.2500,570.0000,930.2939,582.3563,-9.9561,12.3563,15.8683,10.0000,0.0000,0.0000
23.0313,7,1,100,957.2813,590.0000,947.2249,602.4241,-10.0563,12.4241,15.9840,9.0000,0.0000,0.0000
23.0376,8,2,100,1033.4125,570.0000,1023.2562,582.4918,-10.1563,12.4918,16.0996,11.0000,0.0000,0.0000
23.0501,10,2,100,1440.5000,570.0000,1430.1442,582.6269,-10.3558,12.6269,16.3304,10.0000,0.0000,0.0000
23.0563,11,2,100,1457.5063,590.0000,1447.0508,602.6944,-10.4554,12.6944,16.4458,9.0000,0.0000,0.0000
23.0626,12,3,100,1533.6875,570.0000,1523.1328,582.7616,-10.5547,12.7616,16.5608,11.0000,0.0000,0.0000
23.0751,14,2,100,1479.2500,570.0000,1468.4975,582.8957,-10.7525,12.8957,16.7904,10.0000,3.1416,0.0000
23.0813,15,3,100,1542.2687,590.0000,1531.4176,602.9626,-10.8512,12.9626,16.9049,9.0000,3.1416,0.0000
23.0938,17,3,100,1605.2500,590.0000,1594.2022,603.0959,-11.0478,13.0959,17.1335,8.0000,3.1416,0.0000
28.0126,4,1,60,588.1375,570.0000,605.3471,573.2624,17.2096,3.2624,17.5161,11.0000,0.0000,0.0000
28.0626,12,3,60,1588.6875,570.0000,1606.5211,572.6419,17.8336,2.6419,18.0282,11.0000,0.0000,0.0000
28.0938,17,3,60,1565.2500,590.0000,1583.4626,592.2531,18.2126,2.2531,18.3514,8.0000,3.1416,0.0000
23.5001,2,0,100,445.0000,570.0000,428.1039,587.1227,-16.8961,17.1227,24.0554,10.0000,0.0000,0.0000
23.5063,3,0,100,461.5563,590.0000,444.5798,607.1795,-16.9765,17.1795,24.1523,9.0000,0.0000,0.0000
23.5126,4,1,100,538.6375,570.0000,521.5809,587.2362,-17.0566,17.2362,24.2490,11.0000,0.0000,0.0000
23.5251,6,1,100,945.2500,570.0000,928.0341,587.3490,-17.2159,17.3490,24.4412,10.0000,0.0000,0.0000
23.5313,7,1,100,961.7813,590.0000,944.4863,607.4051,-17.2950,17.4051,24.5368,9.0000,0.0000,0.0000
23.5376,8,2,100,1038.9125,570.0000,1021.5387,587.4611,-17.3738,17.4611,24.6321,11.0000,0.0000,0.0000
23.5501,10,2,100,1445.5000,570.0000,1427.9696,587.5726,-17.5304,17.5726,24.8216,10.0000,0.0000,0.0000
23.5564,11,2,100,1462.0063,590.0000,1444.3979,607.6282,-17.6083,17.6282,24.9159,9.0000,0.0000,0.0000
23.5626,12,3,100,1539.1875,570.0000,1521.5017,587.6835,-17.6858,17.6835,25.0098,11.0000,0.0000,0.0000
23.5751,14,2,100,1474.2500,570.0000,1456.4104,587.7935,-17.8396,17.7935,25.1964,10.0000,3.1416,0.0000
23.5814,15,3,100,1537.7687,590.0000,1519.8526,607.8484,-17.9162,17.8484,25.2894,9.0000,3.1416,0.0000
23.5938,17,3,100,1601.2500,590.0000,1583.1820,607.9574,-18.0680,17.9574,25.4739,8.0000,3.1416,0.0000
28.5063,3,1,60,506.5563,590.0000,528.8916,587.1064,22.3353,-2.8936,22.5220,9.0000,0.0000,0.0000
28.5126,4,1,60,593.6375,570.0000,616.0217,567.0288,22.3842,-2.9712,22.5805,11.0000,0.0000,0.0000
28.5626,12,3,60,1594.1875,570.0000,1616.9476,566.4092,22.7601,-3.5908,23.0416,11.0000,0.0000,0.0000
28.5938,17,3,60,1561.2500,590.0000,1584.2309,586.0231,22.9809,-3.9769,23.3225,8.0000,3.1416,0.0000
24.0001,2,0,100,450.0000,570.0000,427.8101,591.0970,-22.1899,21.0970,30.6182,10.0000,0.0000,0.0000
24.0063,3,0,100,466.0563,590.0000,443.8162,611.1388,-22.2401,21.1388,30.6833,9.0000,0.0000,0.0000
24.0126,4,1,100,544.1375,570.0000,521.8476,591.1805,-22.2899,21.1805,30.7482,11.0000,0.0000,0.0000
24.0251,6,1,100,950.2500,570.0000,927.8619,591.2630,-22.3881,21.2630,30.8763,10.0000,0.0000,0.0000
24.0313,7,1,100,966.2813,590.0000,943.8447,611.3040,-22.4365,21.3040,30.9396,9.0000,0.0000,0.0000
24.0376,8,2,100,1044.4125,570.0000,1021.9279,591.3448,-22.4846,21.3448,31.0025,11.0000,0.0000,0.0000
24.0501,10,2,100,1450.5000,570.0000,1427.9207,591.4257,-22.5793,21.4257,31.1269,10.0000,0.0000,0.0000
24.0563,11,2,100,1466.5063,590.0000,1443.8802,611.4658,-22.6260,21.4658,31.1884,9.0000,0.0000,0.0000
24.0626,12,3,100,1544.6875,570.0000,1522.0152,591.5058,-22.6723,21.5058,31.2495,11.0000,0.0000,0.0000
24.0751,14,2,100,1469.2500,570.0000,1446.4864,591.5850,-22.7636,21.5850,31.3703,10.0000,3.1416,0.0000
24.0813,15,3,100,1533.2687,590.0000,1510.4601,611.6243,-22.8086,21.6243,31.4300,9.0000,3.1416,0.0000
24.0938,17,3,100,1597.2500,590.0000,1574.3527,611.7023,-22.8973,21.7023,31.5480,8.0000,3.1416,0.0000
24.5001,2,0,100,455.0000,570.0000,430.2067,593.7596,-24.7933,23.7596,34.3399,10.0000,0.0000,0.0000
24.5063,3,0,100,470.5563,590.0000,445.7492,613.7838,-24.8071,23.7838,34.3665,9.0000,0.0000,0.0000
24.5126,4,1,100,549.6375,570.0000,524.8171,593.8078,-24.8204,23.8078,34.3927,11.0000,0.0000,0.0000
24.5251,6,1,100,955.2500,570.0000,930.4044,593.8550,-24.8456,23.8550,34.4436,10.0000,0.0000,0.0000
24.5313,7,1,100,970.7813,590.0000,945.9237,613.8783,-24.8575,23.8783,34.4684,9.0000,0.0000,0.0000
24.5376,8,2,100,1049.9125,570.0000,1025.0436,593.9013,-24.8689,23.9013,34.4925,11.0000,0.0000,0.0000
24.5501,10,2,100,1455.5000,570.0000,1430.6096,593.9466,-24.8904,23.9466,34.5394,10.0000,0.0000,0.0000
24.5626,12,3,100,1550.1875,570.0000,1525.2776,593.9910,-24.9099,23.9910,34.5842,11.0000,0.0000,0.0000
24.5751,14,2,100,1464.2500,570.0000,1439.3225,594.0345,-24.9275,24.0345,34.6271,10.0000,3.1416,0.0000
24.5938,17,3,100,1593.2500,590.0000,1568.2997,614.0979,-24.9503,24.0979,34.6876,8.0000,3.1416,0.0000
25.0001,2,0,100,460.0000,570.0000,435.6097,594.9450,-24.3903,24.9450,34.8875,10.0000,0.0000,0.0000
25.0126,4,1,100,555.1375,570.0000,530.7962,594.9549,-24.3413,24.9549,34.8604,11.0000,0.0000,0.0000
25.0251,6,1,100,960.2500,570.0000,935.9595,594.9638,-24.2905,24.9638,34.8313,10.0000,0.0000,0.0000
25.0376,8,2,100,1055.4125,570.0000,1031.1749,594.9717,-24.2376,24.9717,34.8002,11.0000,0.0000,0.0000
25.0501,10,2,100,1460.5000,570.0000,1436.3167,594.9787,-24.1833,24.9787,34.7673,10.0000,0.0000,0.0000
25.0626,12,3,100,1555.6875,570.0000,1531.5605,594.9846,-24.1270,24.9846,34.7324,11.0000,0.0000,0.0000
25.0751,14,2,100,1459.2500,570.0000,1435.1813,594.9896,-24.0687,24.9896,34.6956,10.0000,3.1416,0.0000
25.0938,17,3,100,1589.2500,590.0000,1565.2721,614.9953,-23.9779,24.9953,34.6367,8.0000,3.1416,0.0000
25.5126,4,1,100,560.6375,570.0000,539.7267,594.5505,-20.9108,24.5505,32.2489,11.0000,0.0000,0.0000
25.5376,8,2,100,1060.9125,570.0000,1040.2446,594.4895,-20.6679,24.4895,32.0452,11.0000,0.0000,0.0000
25.5626,12,3,100,1561.1875,570.0000,1540.7689,594.4248,-20.4186,24.4248,31.8354,11.0000,0.0000,0.0000
25.5751,14,2,100,1454.2500,570.0000,1433.9584,594.3910,-20.2916,24.3910,31.7280,10.0000,3.1416,0.0000
25.5938,17,3,100,1585.2500,590.0000,1565.1519,614.3385,-20.0981,24.3385,31.5642,8.0000,3.1416,0.0000
26.0126,4,1,100,566.1375,570.0000,551.1929,592.6195,-14.9446,22.6195,27.1106,11.0000,0.0000,0.0000
26.0376,8,2,100,1066.4125,570.0000,1051.8207,592.4847,-14.5918,22.4847,26.8046,11.0000,0.0000,0.0000
26.0626,12,3,100,1566.6875,570.0000,1552.4532,592.3464,-14.2343,22.3464,26.4949,11.0000,0.0000,0.0000
26.0751,14,2,100,1449.2500,570.0000,1435.1962,592.2758,-14.0538,22.2758,26.3386,10.0000,3.1416,0.0000
26.0876,16,2,100,1493.0375,570.0000,1479.1651,592.2045,-13.8724,22.2045,26.1817,11.0000,3.1416,0.0000
26.0938,17,3,100,1581.2500,590.0000,1567.4688,612.1685,-13.7812,22.1685,26.1030,8.0000,3.1416,0.0000
26.5126,4,1,100,571.6375,570.0000,564.4710,589.2823,-7.1665,19.2823,20.5710,11.0000,0.0000,0.0000
26.5376,8,2,100,1071.9125,570.0000,1065.1662,589.0819,-6.7463,19.0819,20.2393,11.0000,0.0000,0.0000
26.5626,12,3,100,1572.1875,570.0000,1565.8635,588.8785,-6.3240,18.8785,19.9096,11.0000,0.0000,0.0000
26.5751,14,2,100,1444.2500,570.0000,1438.1379,588.7757,-6.1121,18.7757,19.7455,10.0000,3.1416,0.0000
26.5876,16,2,100,1487.5375,570.0000,1481.6377,588.6722,-5.8998,18.6722,19.5821,11.0000,3.1416,0.0000
26.5938,17,3,100,1577.2500,590.0000,1571.4565,608.6202,-5.7935,18.6202,19.5006,8.0000,3.1416,0.0000
27.0126,4,1,100,577.1375,570.0000,578.6181,584.7462,1.4806,14.7462,14.8203,11.0000,0.0000,0.0000
27.0376,8,2,100,1077.4125,570.0000,1079.3297,584.4927,1.9172,14.4927,14.6189,11.0000,0.0000,0.0000
27.0626,12,3,100,1577.6875,570.0000,1580.0405,584.2369,2.3530,14.2369,14.4301,11.0000,0.0000,0.0000
27.0751,14,2,100,1439.2500,570.0000,1441.8207,584.1082,2.5707,14.1082,14.3405,10.0000,3.1416,0.0000
27.0876,16,2,100,1482.0375,570.0000,1484.8257,583.9789,2.7882,13.9789,14.2543,11.0000,3.1416,0.0000
27.0938,17,3,100,1573.2500,590.0000,1576.1469,603.9141,2.8969,13.9141,14.2125,8.0000,3.1416,0.0000
27.5126,4,1,100,582.6375,570.0000,592.5857,579.2932,9.9482,9.2932,13.6136,11.0000,0.0000,0.0000
27.5376,8,2,100,1082.9125,570.0000,1093.2606,579.0024,10.3481,9.0024,13.7159,11.0000,0.0000,0.0000
27.5626,12,3,100,1583.1875,570.0000,1593.9322,578.7102,10.7447,8.7102,13.8317,11.0000,0.0000,0.0000
27.5751,14,2,100,1434.2500,570.0000,1445.1919,578.5635,10.9419,8.5635,13.8945,10.0000,3.1416,0.0000
27.5876,16,2,100,1476.5375,570.0000,1487.6756,578.4166,11.1381,8.4166,13.9605,11.0000,3.1416,0.0000
27.5938,17,3,100,1569.2500,590.0000,1580.4859,598.3430,11.2359,8.3430,13.9947,8.0000,3.1416,0.0000
28.0126,4,1,100,588.1375,570.0000,605.3471,573.2624,17.2096,3.2624,17.5161,11.0000,0.0000,0.0000
28.0376,8,2,100,1088.4125,570.0000,1105.9368,572.9523,17.5243,2.9523,17.7713,11.0000,0.0000,0.0000
28.0626,12,3,100,1588.6875,570.0000,1606.5211,572.6419,17.8336,2.6419,18.0282,11.0000,0.0000,0.0000
28.0751,14,2,100,1429.2500,570.0000,1447.2362,572.4864,17.9862,2.4864,18.1573,10.0000,3.1416,0.0000
28.0876,16,2,100,1471.0375,570.0000,1489.1750,572.3309,18.1375,2.3309,18.2866,11.0000,3.1416,0.0000
28.0938,17,3,100,1565.2500,590.0000,1583.4626,592.2531,18.2126,2.2531,18.3514,8.0000,3.1416,0.0000
28.5063,3,1,100,506.5563,590.0000,528.8916,587.1064,22.3353,-2.8936,22.5220,9.0000,0.0000,0.0000
28.5126,4,1,100,593.6375,570.0000,616.0217,567.0288,22.3842,-2.9712,22.5805,11.0000,0.0000,0.0000
28.5313,7,2,100,1006.7813,590.0000,1029.3097,586.7962,22.5284,-3.2038,22.7551,9.0000,0.0000,0.0000
28.5376,8,2,100,1093.9125,570.0000,1116.4881,566.7188,22.5756,-3.2812,22.8128,11.0000,0.0000,0.0000
28.5626,12,3,100,1594.1875,570.0000,1616.9476,566.4092,22.7601,-3.5908,23.0416,11.0000,0.0000,0.0000
28.5751,14,2,100,1424.2500,570.0000,1447.0998,566.2546,22.8498,-3.7454,23.1547,10.0000,3.1416,0.0000
28.5876,16,2,100,1465.5375,570.0000,1488.4751,566.1002,22.9376,-3.8998,23.2668,11.0000,3.1416,0.0000
28.5938,17,3,100,1561.2500,590.0000,1584.2309,586.0231,22.9809,-3.9769,23.3225,8.0000,3.1416,0.0000
