sim_time,vehicle_id,nearest_rsu,attack_number,attack_pct,is_malicious,real_pos_x,real_pos_y,sent_pos_x,sent_pos_y,drift_x,drift_y,disp_err_m,real_speed_ms,sent_speed_ms,speed_delta_ms,real_heading_rad,sent_heading_rad,heading_delta_rad
7.0000,2,0,3,100,0,280.0000,570.0000,280.0000,570.0000,0.0000,0.0000,0.0000,10.0000,10.0000,0.0000,0.0000,0.0000,0.0000
7.0062,3,0,3,100,1,313.0563,590.0000,313.3676,590.9997,0.3114,0.9997,1.0471,9.0000,66.6600,57.6600,0.0000,0.0000,0.0000
7.0125,4,0,3,100,1,357.1375,570.0000,357.4412,570.9996,0.3037,0.9996,1.0447,11.0000,66.6600,55.6600,0.0000,0.0000,0.0000
7.0187,5,0,3,100,0,346.1500,590.0000,346.1500,590.0000,0.0000,0.0000,0.0000,8.0000,8.0000,0.0000,0.0000,0.0000,0.0000
7.0250,6,1,3,100,1,780.2500,570.0000,780.5381,570.9992,0.2881,0.9992,1.0399,10.0000,66.6600,56.6600,0.0000,0.0000,0.0000
7.0312,7,1,3,100,1,813.2813,590.0000,813.5616,590.9990,0.2803,0.9990,1.0376,9.0000,66.6600,57.6600,0.0000,0.0000,0.0000
7.0375,8,1,3,100,0,857.4125,570.0000,857.4125,570.0000,0.0000,0.0000,0.0000,11.0000,11.0000,0.0000,0.0000,0.0000,0.0000
7.0438,9,1,3,100,1,846.3500,590.0000,846.6147,590.9984,0.2647,0.9984,1.0329,8.0000,66.6600,58.6600,0.0000,0.0000,0.0000
7.0500,10,2,3,100,0,1280.5000,570.0000,1280.5000,570.0000,0.0000,0.0000,0.0000,10.0000,10.0000,0.0000,0.0000,0.0000,0.0000
7.0563,11,2,3,100,1,1313.5063,590.0000,1313.7553,590.9977,0.2490,0.9977,1.0283,9.0000,66.6600,57.6600,0.0000,0.0000,0.0000
7.0625,12,2,3,100,0,1357.6875,570.0000,1357.6875,570.0000,0.0000,0.0000,0.0000,11.0000,11.0000,0.0000,0.0000,0.0000,0.0000
7.0687,13,2,3,100,0,1346.5500,590.0000,1346.5500,590.0000,0.0000,0.0000,0.0000,8.0000,8.0000,0.0000,0.0000,0.0000,0.0000
7.0750,14,3,3,100,0,1639.2500,570.0000,1639.2500,570.0000,0.0000,0.0000,0.0000,10.0000,10.0000,0.0000,3.1416,3.1416,0.0000
7.0812,15,3,3,100,1,1686.2687,590.0000,1686.4862,590.9960,0.2174,0.9960,1.0194,9.0000,66.6600,57.6600,3.1416,3.1416,0.0000
7.0875,16,3,3,100,1,1702.0375,570.0000,1702.2470,570.9954,0.2095,0.9954,1.0172,11.0000,66.6600,55.6600,3.1416,3.1416,0.0000
7.0938,17,3,3,100,1,1733.2500,590.0000,1733.4515,590.9949,0.2015,0.9949,1.0151,8.0000,66.6600,58.6600,3.1416,3.1416,0.0000
7.5000,2,0,3,100,0,285.0000,570.0000,285.0000,570.0000,0.0000,0.0000,0.0000,10.0000,10.0000,0.0000,0.0000,0.0000,0.0000
7.5062,3,0,3,100,1,317.5563,590.0000,317.2290,590.8905,-0.3272,0.8905,0.9487,9.0000,66.6600,57.6600,0.0000,0.0000,0.0000
7.5125,4,0,3,100,1,362.6375,570.0000,362.3026,570.8879,-0.3349,0.8879,0.9489,11.0000,66.6600,55.6600,0.0000,0.0000,0.0000
7.5187,5,0,3,100,0,350.1500,590.0000,350.1500,590.0000,0.0000,0.0000,0.0000,8.0000,8.0000,0.0000,0.0000,0.0000,0.0000
7.5250,6,1,3,100,1,785.2500,570.0000,784.8999,570.8827,-0.3501,0.8827,0.9496,10.0000,66.6600,56.6600,0.0000,0.0000,0.0000
7.5312,7,1,3,100,1,817.7813,590.0000,817.4235,590.8800,-0.3577,0.8800,0.9499,9.0000,66.6600,57.6600,0.0000,0.0000,0.0000
7.5375,8,1,3,100,0,862.9125,570.0000,862.9125,570.0000,0.0000,0.0000,0.0000,11.0000,11.0000,0.0000,0.0000,0.0000,0.0000
7.5438,9,1,3,100,1,850.3500,590.0000,849.9771,590.8746,-0.3729,0.8746,0.9508,8.0000,66.6600,58.6600,0.0000,0.0000,0.0000
7.5500,10,2,3,100,0,1285.5000,570.0000,1285.5000,570.0000,0.0000,0.0000,0.0000,10.0000,10.0000,0.0000,0.0000,0.0000,0.0000
7.5563,11,2,3,100,1,1318.0063,590.0000,1317.6184,590.8691,-0.3879,0.8691,0.9517,9.0000,66.6600,57.6600,0.0000,0.0000,0.0000
7.5625,12,2,3,100,0,1363.1875,570.0000,1363.1875,570.0000,0.0000,0.0000,0.0000,11.0000,11.0000,0.0000,0.0000,0.0000,0.0000
7.5687,13,2,3,100,0,1350.5500,590.0000,1350.5500,590.0000,0.0000,0.0000,0.0000,8.0000,8.0000,0.0000,0.0000,0.0000,0.0000
7.5750,14,3,3,100,0,1634.2500,570.0000,1634.2500,570.0000,0.0000,0.0000,0.0000,10.0000,10.0000,0.0000,3.1416,3.1416,0.0000
7.5812,15,3,3,100,1,1681.7687,590.0000,1681.3511,590.8577,-0.4176,0.8577,0.9540,9.0000,66.6600,57.6600,3.1416,3.1416,0.0000
7.5875,16,3,3,100,1,1696.5375,570.0000,1696.1125,570.8548,-0.4250,0.8548,0.9547,11.0000,66.6600,55.6600,3.1416,3.1416,0.0000
7.5938,17,3,3,100,1,1729.2500,590.0000,1728.8177,590.8519,-0.4323,0.8519,0.9553,8.0000,66.6600,58.6600,3.1416,3.1416,0.0000
8.0000,2,0,3,100,0,290.0000,570.0000,290.0000,570.0000,0.0000,0.0000,0.0000,10.0000,10.0000,0.0000,0.0000,0.0000,0.0000
8.0062,3,0,3,100,1,322.0563,590.0000,321.2239,590.6039,-0.8324,0.6039,1.0283,9.0000,66.6600,57.6600,0.0000,0.0000,0.0000
8.0125,4,0,3,100,1,368.1375,570.0000,367.3007,570.5994,-0.8368,0.5994,1.0293,11.0000,66.6600,55.6600,0.0000,0.0000,0.0000
8.0188,5,0,3,100,0,354.1500,590.0000,354.1500,590.0000,0.0000,0.0000,0.0000,8.0000,8.0000,0.0000,0.0000,0.0000,0.0000
8.0250,6,1,3,100,1,790.2500,570.0000,789.4044,570.5903,-0.8456,0.5903,1.0313,10.0000,66.6600,56.6600,0.0000,0.0000,0.0000
8.0312,7,1,3,100,1,822.2813,590.0000,821.4313,590.5858,-0.8499,0.5858,1.0322,9.0000,66.6600,57.6600,0.0000,0.0000,0.0000
8.0375,8,1,3,100,0,868.4125,570.0000,868.4125,570.0000,0.0000,0.0000,0.0000,11.0000,11.0000,0.0000,0.0000,0.0000,0.0000
8.0437,9,1,3,100,1,854.3500,590.0000,853.4916,590.5766,-0.8584,0.5766,1.0341,8.0000,66.6600,58.6600,0.0000,0.0000,0.0000
8.0500,10,2,3,100,0,1290.5000,570.0000,1290.5000,570.0000,0.0000,0.0000,0.0000,10.0000,10.0000,0.0000,0.0000,0.0000,0.0000
8.0563,11,2,3,100,1,1322.5063,590.0000,1321.6397,590.5674,-0.8666,0.5674,1.0358,9.0000,66.6600,57.6600,0.0000,0.0000,0.0000
8.0625,12,2,3,100,0,1368.6875,570.0000,1368.6875,570.0000,0.0000,0.0000,0.0000,11.0000,11.0000,0.0000,0.0000,0.0000,0.0000
8.0687,13,2,3,100,0,1354.5500,590.0000,1354.5500,590.0000,0.0000,0.0000,0.0000,8.0000,8.0000,0.0000,0.0000,0.0000,0.0000
8.0750,14,3,3,100,0,1629.2500,570.0000,1629.2500,570.0000,0.0000,0.0000,0.0000,10.0000,10.0000,0.0000,3.1416,3.1416,0.0000
8.0813,15,3,3,100,1,1677.2687,590.0000,1676.3864,590.5487,-0.8824,0.5487,1.0391,9.0000,66.6600,57.6600,3.1416,3.1416,0.0000
8.0875,16,3,3,100,1,1691.0375,570.0000,1690.1513,570.5440,-0.8862,0.5440,1.0398,11.0000,66.6600,55.6600,3.1416,3.1416,0.0000
8.0938,17,3,3,100,1,1725.2500,590.0000,1724.3601,590.5393,-0.8899,0.5393,1.0405,8.0000,66.6600,58.6600,3.1416,3.1416,0.0000
8.5000,2,0,3,100,0,295.0000,570.0000,295.0000,570.0000,0.0000,0.0000,0.0000,10.0000,10.0000,0.0000,0.0000,0.0000,0.0000
8.5062,3,0,3,100,1,326.5563,590.0000,325.5582,590.1971,-0.9980,0.1971,1.0173,9.0000,66.6600,57.6600,0.0000,0.0000,0.0000
8.5125,4,0,3,100,1,373.6375,570.0000,372.6400,570.1915,-0.9975,0.1915,1.0157,11.0000,66.6600,55.6600,0.0000,0.0000,0.0000
8.5188,5,0,3,100,0,358.1500,590.0000,358.1500,590.0000,0.0000,0.0000,0.0000,8.0000,8.0000,0.0000,0.0000,0.0000,0.0000
8.5250,6,1,3,100,1,795.2500,570.0000,794.2538,570.1805,-0.9962,0.1805,1.0124,10.0000,66.6600,56.6600,0.0000,0.0000,0.0000
8.5312,7,1,3,100,1,826.7813,590.0000,825.7858,590.1750,-0.9955,0.1750,1.0107,9.0000,66.6600,57.6600,0.0000,0.0000,0.0000
8.5375,8,1,3,100,0,873.9125,570.0000,873.9125,570.0000,0.0000,0.0000,0.0000,11.0000,11.0000,0.0000,0.0000,0.0000,0.0000
8.5437,9,1,3,100,1,858.3500,590.0000,857.3562,590.1639,-0.9938,0.1639,1.0072,8.0000,66.6600,58.6600,0.0000,0.0000,0.0000
8.5500,10,2,3,100,0,1295.5000,570.0000,1295.5000,570.0000,0.0000,0.0000,0.0000,10.0000,10.0000,0.0000,0.0000,0.0000,0.0000
8.5563,11,2,3,100,1,1327.0063,590.0000,1326.0144,590.1528,-0.9919,0.1528,1.0036,9.0000,66.6600,57.6600,0.0000,0.0000,0.0000
8.5625,12,2,3,100,0,1374.1875,570.0000,1374.1875,570.0000,0.0000,0.0000,0.0000,11.0000,11.0000,0.0000,0.0000,0.0000,0.0000
8.5687,13,2,3,100,0,1358.5500,590.0000,1358.5500,590.0000,0.0000,0.0000,0.0000,8.0000,8.0000,0.0000,0.0000,0.0000,0.0000
8.5750,14,3,3,100,0,1624.2500,570.0000,1624.2500,570.0000,0.0000,0.0000,0.0000,10.0000,10.0000,0.0000,3.1416,3.1416,0.0000
8.5813,15,3,3,100,1,1672.7687,590.0000,1671.7815,590.1305,-0.9872,0.1305,0.9958,9.0000,66.6600,57.6600,3.1416,3.1416,0.0000
8.5875,16,3,3,100,1,1685.5375,570.0000,1684.5516,570.1249,-0.9859,0.1249,0.9938,11.0000,66.6600,55.6600,3.1416,3.1416,0.0000
8.5938,17,3,3,100,1,1721.2500,590.0000,1720.2655,590.1193,-0.9845,0.1193,0.9917,8.0000,66.6600,58.6600,3.1416,3.1416,0.0000
9.0000,2,0,3,100,0,300.0000,570.0000,300.0000,570.0000,0.0000,0.0000,0.0000,10.0000,10.0000,0.0000,0.0000,0.0000,0.0000
9.0062,3,0,3,100,1,331.0563,590.0000,330.2996,589.7510,-0.7567,-0.2490,0.7966,9.0000,66.6600,57.6600,0.0000,0.0000,0.0000
9.0125,4,0,3,100,1,379.1375,570.0000,378.3861,569.7456,-0.7514,-0.2544,0.7933,11.0000,66.6600,55.6600,0.0000,0.0000,0.0000
9.0188,5,0,3,100,0,362.1500,590.0000,362.1500,590.0000,0.0000,0.0000,0.0000,8.0000,8.0000,0.0000,0.0000,0.0000,0.0000
9.0250,6,1,3,100,1,800.2500,570.0000,799.5095,569.7347,-0.7405,-0.2653,0.7866,10.0000,66.6600,56.6600,0.0000,0.0000,0.0000
9.0312,7,1,3,100,1,831.2813,590.0000,830.5462,589.7293,-0.7351,-0.2707,0.7833,9.0000,66.6600,57.6600,0.0000,0.0000,0.0000
9.0375,8,1,3,100,0,879.4125,570.0000,879.4125,570.0000,0.0000,0.0000,0.0000,11.0000,11.0000,0.0000,0.0000,0.0000,0.0000
9.0437,9,1,3,100,1,862.3500,590.0000,861.6261,589.7185,-0.7239,-0.2815,0.7768,8.0000,66.6600,58.6600,0.0000,0.0000,0.0000
9.0500,10,2,3,100,0,1300.5000,570.0000,1300.5000,570.0000,0.0000,0.0000,0.0000,10.0000,10.0000,0.0000,0.0000,0.0000,0.0000
9.0563,11,2,3,100,1,1331.5063,590.0000,1330.7936,589.7077,-0.7126,-0.2923,0.7703,9.0000,66.6600,57.6600,0.0000,0.0000,0.0000
9.0625,12,2,3,100,0,1379.6875,570.0000,1379.6875,570.0000,0.0000,0.0000,0.0000,11.0000,11.0000,0.0000,0.0000,0.0000,0.0000
9.0687,13,2,3,100,0,1362.5500,590.0000,1362.5500,590.0000,0.0000,0.0000,0.0000,8.0000,8.0000,0.0000,0.0000,0.0000,0.0000
9.0750,14,3,3,100,0,1619.2500,570.0000,1619.2500,570.0000,0.0000,0.0000,0.0000,10.0000,10.0000,0.0000,3.1416,3.1416,0.0000
9.0813,15,3,3,100,1,1668.2687,590.0000,1667.5793,589.6862,-0.6895,-0.3138,0.7575,9.0000,66.6600,57.6600,3.1416,3.1416,0.0000
9.0875,16,3,3,100,1,1680.0375,570.0000,1679.3539,569.6809,-0.6836,-0.3191,0.7544,11.0000,66.6600,55.6600,3.1416,3.1416,0.0000
9.0938,17,3,3,100,1,1717.2500,590.0000,1716.5724,589.6756,-0.6776,-0.3244,0.7513,8.0000,66.6600,58.6600,3.1416,3.1416,0.0000
9.5000,2,0,3,100,0,305.0000,570.0000,305.0000,570.0000,0.0000,0.0000,0.0000,10.0000,10.0000,0.0000,0.0000,0.0000,0.0000
9.5062,3,0,3,100,1,335.5563,590.0000,335.3495,589.3545,-0.2067,-0.6455,0.6778,9.0000,66.6600,57.6600,0.0000,0.0000,0.0000
9.5125,4,0,3,100,1,384.6375,570.0000,384.4387,569.3502,-0.1988,-0.6498,0.6795,11.0000,66.6600,55.6600,0.0000,0.0000,0.0000
9.5188,5,0,3,100,0,366.1500,590.0000,366.1500,590.0000,0.0000,0.0000,0.0000,8.0000,8.0000,0.0000,0.0000,0.0000,0.0000
9.5250,6,1,3,100,1,805.2500,570.0000,805.0672,569.3417,-0.1828,-0.6583,0.6832,10.0000,66.6600,56.6600,0.0000,0.0000,0.0000
9.5312,7,1,3,100,1,835.7813,590.0000,835.6064,589.3375,-0.1748,-0.6625,0.6852,9.0000,66.6600,57.6600,0.0000,0.0000,0.0000
9.5375,8,1,3,100,0,884.9125,570.0000,884.9125,570.0000,0.0000,0.0000,0.0000,11.0000,11.0000,0.0000,0.0000,0.0000,0.0000
9.5437,9,1,3,100,1,866.3500,590.0000,866.1912,589.3291,-0.1588,-0.6709,0.6894,8.0000,66.6600,58.6600,0.0000,0.0000,0.0000
9.5500,10,2,3,100,0,1305.5000,570.0000,1305.5000,570.0000,0.0000,0.0000,0.0000,10.0000,10.0000,0.0000,0.0000,0.0000,0.0000
9.5563,11,2,3,100,1,1336.0063,590.0000,1335.8635,589.3208,-0.1428,-0.6792,0.6940,9.0000,66.6600,57.6600,0.0000,0.0000,0.0000
9.5625,12,2,3,100,0,1385.1875,570.0000,1385.1875,570.0000,0.0000,0.0000,0.0000,11.0000,11.0000,0.0000,0.0000,0.0000,0.0000
9.5687,13,2,3,100,0,1366.5500,590.0000,1366.5500,590.0000,0.0000,0.0000,0.0000,8.0000,8.0000,0.0000,0.0000,0.0000,0.0000
9.5750,14,3,3,100,0,1614.2500,570.0000,1614.2500,570.0000,0.0000,0.0000,0.0000,10.0000,10.0000,0.0000,3.1416,3.1416,0.0000
9.5813,15,3,3,100,1,1663.7687,590.0000,1663.6582,589.3045,-0.1105,-0.6955,0.7042,9.0000,66.6600,57.6600,3.1416,3.1416,0.0000
9.5875,16,3,3,100,1,1674.5375,570.0000,1674.4351,569.3004,-0.1024,-0.6996,0.7070,11.0000,66.6600,55.6600,3.1416,3.1416,0.0000
9.5938,17,3,3,100,1,1713.2500,590.0000,1713.1556,589.2964,-0.0944,-0.7036,0.7099,8.0000,66.6600,58.6600,3.1416,3.1416,0.0000
10.0000,2,0,3,100,0,310.0000,570.0000,310.0000,570.0000,0.0000,0.0000,0.0000,10.0000,10.0000,0.0000,0.0000,0.0000,0.0000
10.0062,3,0,3,100,1,340.0563,590.0000,340.4838,589.0866,0.4275,-0.9134,1.0085,9.0000,66.6600,57.6600,0.0000,0.0000,0.0000
10.0125,4,0,3,100,1,390.1375,570.0000,390.5724,569.0843,0.4349,-0.9157,1.0137,11.0000,66.6600,55.6600,0.0000,0.0000,0.0000
10.0188,5,0,3,100,0,370.1500,590.0000,370.1500,590.0000,0.0000,0.0000,0.0000,8.0000,8.0000,0.0000,0.0000,0.0000,0.0000
10.0250,6,1,3,100,1,810.2500,570.0000,810.6994,569.0798,0.4494,-0.9202,1.0241,10.0000,66.6600,56.6600,0.0000,0.0000,0.0000
10.0312,7,1,3,100,1,840.2813,590.0000,840.7379,589.0776,0.4567,-0.9224,1.0292,9.0000,66.6600,57.6600,0.0000,0.0000,0.0000
10.0375,8,1,3,100,0,890.4125,570.0000,890.4125,570.0000,0.0000,0.0000,0.0000,11.0000,11.0000,0.0000,0.0000,0.0000,0.0000
10.0437,9,1,3,100,1,870.3500,590.0000,870.8211,589.0734,0.4711,-0.9266,1.0395,8.0000,66.6600,58.6600,0.0000,0.0000,0.0000
10.0500,10,2,3,100,0,1310.5000,570.0000,1310.5000,570.0000,0.0000,0.0000,0.0000,10.0000,10.0000,0.0000,0.0000,0.0000,0.0000
10.0563,11,2,3,100,1,1340.5063,590.0000,1340.9916,589.0692,0.4853,-0.9308,1.0498,9.0000,66.6600,57.6600,0.0000,0.0000,0.0000
10.0625,12,2,3,100,0,1390.6875,570.0000,1390.6875,570.0000,0.0000,0.0000,0.0000,11.0000,11.0000,0.0000,0.0000,0.0000,0.0000
10.0687,13,2,3,100,0,1370.5500,590.0000,1370.5500,590.0000,0.0000,0.0000,0.0000,8.0000,8.0000,0.0000,0.0000,0.0000,0.0000
10.0750,14,3,3,100,0,1609.2500,570.0000,1609.2500,570.0000,0.0000,0.0000,0.0000,10.0000,10.0000,0.0000,3.1416,3.1416,0.0000
10.0813,15,3,3,100,1,1659.2687,590.0000,1659.7822,589.0612,0.5135,-0.9388,1.0701,9.0000,66.6600,57.6600,3.1416,3.1416,0.0000
10.0875,16,3,3,100,1,1669.0375,570.0000,1669.5580,569.0593,0.5205,-0.9407,1.0751,11.0000,66.6600,55.6600,3.1416,3.1416,0.0000
10.0938,17,3,3,100,1,1709.2500,590.0000,1709.7774,589.0574,0.5274,-0.9426,1.0801,8.0000,66.6600,58.6600,3.1416,3.1416,0.0000
10.5000,2,0,3,100,0,315.0000,570.0000,315.0000,570.0000,0.0000,0.0000,0.0000,10.0000,10.0000,0.0000,0.0000,0.0000,0.0000
10.5062,3,0,3,100,1,344.5563,590.0000,345.4437,589.0005,0.8874,-0.9995,1.3366,9.0000,66.6600,57.6600,0.0000,0.0000,0.0000
10.5125,4,0,3,100,1,395.6375,570.0000,396.5287,569.0007,0.8912,-0.9993,1.3390,11.0000,66.6600,55.6600,0.0000,0.0000,0.0000
10.5188,5,0,3,100,0,374.1500,590.0000,374.1500,590.0000,0.0000,0.0000,0.0000,8.0000,8.0000,0.0000,0.0000,0.0000,0.0000
10.5250,6,1,3,100,1,815.2500,570.0000,816.1484,569.0011,0.8984,-0.9989,1.3435,10.0000,66.6600,56.6600,0.0000,0.0000,0.0000
10.5312,7,1,3,100,1,844.7813,590.0000,845.6832,589.0014,0.9019,-0.9986,1.3456,9.0000,66.6600,57.6600,0.0000,0.0000,0.0000
10.5375,8,1,3,100,0,895.9125,570.0000,895.9125,570.0000,0.0000,0.0000,0.0000,11.0000,11.0000,0.0000,0.0000,0.0000,0.0000
10.5437,9,1,3,100,1,874.3500,590.0000,875.2588,589.0021,0.9088,-0.9979,1.3498,8.0000,66.6600,58.6600,0.0000,0.0000,0.0000
10.5500,10,2,3,100,0,1315.5000,570.0000,1315.5000,570.0000,0.0000,0.0000,0.0000,10.0000,10.0000,0.0000,0.0000,0.0000,0.0000
10.5563,11,2,3,100,1,1345.0063,590.0000,1345.9218,589.0029,0.9155,-0.9971,1.3537,9.0000,66.6600,57.6600,0.0000,0.0000,0.0000
10.5625,12,2,3,100,0,1396.1875,570.0000,1396.1875,570.0000,0.0000,0.0000,0.0000,11.0000,11.0000,0.0000,0.0000,0.0000,0.0000
10.5687,13,2,3,100,0,1374.5500,590.0000,1374.5500,590.0000,0.0000,0.0000,0.0000,8.0000,8.0000,0.0000,0.0000,0.0000,0.0000
10.5750,14,3,3,100,0,1604.2500,570.0000,1604.2500,570.0000,0.0000,0.0000,0.0000,10.0000,10.0000,0.0000,3.1416,3.1416,0.0000
10.5813,15,3,3,100,1,1654.7687,590.0000,1655.6968,589.0048,0.9281,-0.9952,1.3608,9.0000,66.6600,57.6600,3.1416,3.1416,0.0000
10.5875,16,3,3,100,1,1663.5375,570.0000,1664.4686,569.0054,0.9311,-0.9946,1.3624,11.0000,66.6600,55.6600,3.1416,3.1416,0.0000
10.5938,17,3,3,100,1,1705.2500,590.0000,1706.1840,589.0060,0.9340,-0.9940,1.3640,8.0000,66.6600,58.6600,3.1416,3.1416,0.0000
11.0000,2,0,3,100,0,320.0000,570.0000,320.0000,570.0000,0.0000,0.0000,0.0000,10.0000,10.0000,0.0000,0.0000,0.0000,0.0000
11.0062,3,0,3,100,1,349.0563,590.0000,350.0417,589.1134,0.9854,-0.8866,1.3256,9.0000,66.6600,57.6600,0.0000,0.0000,0.0000
11.0125,4,0,3,100,1,401.1375,570.0000,402.1215,569.1160,0.9840,-0.8840,1.3228,11.0000,66.6600,55.6600,0.0000,0.0000,0.0000
11.0188,5,0,3,100,0,378.1500,590.0000,378.1500,590.0000,0.0000,0.0000,0.0000,8.0000,8.0000,0.0000,0.0000,0.0000,0.0000
11.0250,6,1,3,100,1,820.2500,570.0000,821.2310,569.1213,0.9810,-0.8787,1.3170,10.0000,66.6600,56.6600,0.0000,0.0000,0.0000
11.0312,7,1,3,100,1,849.2813,590.0000,850.2606,589.1240,0.9794,-0.8760,1.3140,9.0000,66.6600,57.6600,0.0000,0.0000,0.0000
11.0375,8,1,3,100,0,901.4125,570.0000,901.4125,570.0000,0.0000,0.0000,0.0000,11.0000,11.0000,0.0000,0.0000,0.0000,0.0000
11.0437,9,1,3,100,1,878.3500,590.0000,879.3260,589.1295,0.9760,-0.8705,1.3078,8.0000,66.6600,58.6600,0.0000,0.0000,0.0000
11.0500,10,2,3,100,0,1320.5000,570.0000,1320.5000,570.0000,0.0000,0.0000,0.0000,10.0000,10.0000,0.0000,0.0000,0.0000,0.0000
11.0563,11,2,3,100,1,1349.5063,590.0000,1350.4785,589.1351,0.9723,-0.8649,1.3013,9.0000,66.6600,57.6600,0.0000,0.0000,0.0000
11.0625,12,2,3,100,0,1401.6875,570.0000,1401.6875,570.0000,0.0000,0.0000,0.0000,11.0000,11.0000,0.0000,0.0000,0.0000,0.0000
11.0687,13,2,3,100,0,1378.5500,590.0000,1378.5500,590.0000,0.0000,0.0000,0.0000,8.0000,8.0000,0.0000,0.0000,0.0000,0.0000
11.0750,14,3,3,100,0,1599.2500,570.0000,1599.2500,570.0000,0.0000,0.0000,0.0000,10.0000,10.0000,0.0000,3.1416,3.1416,0.0000
11.0813,15,3,3,100,1,1650.2687,590.0000,1651.2329,589.1466,0.9642,-0.8534,1.2876,9.0000,66.6600,57.6600,3.1416,3.1416,0.0000
11.0875,16,3,3,100,1,1658.0375,570.0000,1658.9995,569.1496,0.9620,-0.8504,1.2840,11.0000,66.6600,55.6600,3.1416,3.1416,0.0000
11.0938,17,3,3,100,1,1701.2500,590.0000,1702.2097,589.1525,0.9597,-0.8475,1.2804,8.0000,66.6600,58.6600,3.1416,3.1416,0.0000
11.5000,2,0,3,100,0,325.0000,570.0000,325.0000,570.0000,0.0000,0.0000,0.0000,10.0000,10.0000,0.0000,0.0000,0.0000,0.0000
11.5062,3,0,3,100,1,353.5563,590.0000,354.2378,589.4028,0.6815,-0.5972,0.9061,9.0000,66.6600,57.6600,0.0000,0.0000,0.0000
11.5125,4,0,3,100,1,406.6375,570.0000,407.3131,569.4074,0.6756,-0.5926,0.8987,11.0000,66.6600,55.6600,0.0000,0.0000,0.0000
11.5188,5,0,3,100,0,382.1500,590.0000,382.1500,590.0000,0.0000,0.0000,0.0000,8.0000,8.0000,0.0000,0.0000,0.0000,0.0000
11.5250,6,1,3,100,1,825.2500,570.0000,825.9135,569.4165,0.6635,-0.5835,0.8836,10.0000,66.6600,56.6600,0.0000,0.0000,0.0000
11.5312,7,1,3,100,1,853.7813,590.0000,854.4386,589.4210,0.6574,-0.5790,0.8760,9.0000,66.6600,57.6600,0.0000,0.0000,0.0000
11.5375,8,1,3,100,0,906.9125,570.0000,906.9125,570.0000,0.0000,0.0000,0.0000,11.0000,11.0000,0.0000,0.0000,0.0000,0.0000
11.5437,9,1,3,100,1,882.3500,590.0000,882.9950,589.4303,0.6450,-0.5697,0.8606,8.0000,66.6600,58.6600,0.0000,0.0000,0.0000
11.5500,10,2,3,100,0,1325.5000,570.0000,1325.5000,570.0000,0.0000,0.0000,0.0000,10.0000,10.0000,0.0000,0.0000,0.0000,0.0000
11.5563,11,2,3,100,1,1354.0063,590.0000,1354.6388,589.4395,0.6325,-0.5605,0.8451,9.0000,66.6600,57.6600,0.0000,0.0000,0.0000
11.5625,12,2,3,100,0,1407.1875,570.0000,1407.1875,570.0000,0.0000,0.0000,0.0000,11.0000,11.0000,0.0000,0.0000,0.0000,0.0000
11.5687,13,2,3,100,0,1382.5500,590.0000,1382.5500,590.0000,0.0000,0.0000,0.0000,8.0000,8.0000,0.0000,0.0000,0.0000,0.0000
11.5750,14,3,3,100,0,1594.2500,570.0000,1594.2500,570.0000,0.0000,0.0000,0.0000,10.0000,10.0000,0.0000,3.1416,3.1416,0.0000
11.5813,15,3,3,100,1,1645.7687,590.0000,1646.3758,589.4583,0.6070,-0.5417,0.8136,9.0000,66.6600,57.6600,3.1416,3.1416,0.0000
11.5875,16,3,3,100,1,1652.5375,570.0000,1653.1381,569.4630,0.6006,-0.5370,0.8056,11.0000,66.6600,55.6600,3.1416,3.1416,0.0000
11.5938,17,3,3,100,1,1697.2500,590.0000,1697.8441,589.4678,0.5941,-0.5322,0.7976,8.0000,66.6600,58.6600,3.1416,3.1416,0.0000
12.0000,2,0,3,100,0,330.0000,570.0000,330.0000,570.0000,0.0000,0.0000,0.0000,10.0000,10.0000,0.0000,0.0000,0.0000,0.0000
12.0062,3,0,3,100,1,358.0563,590.0000,358.1559,589.8112,0.0997,-0.1888,0.2135,9.0000,66.6600,57.6600,0.0000,0.0000,0.0000
12.0125,4,0,3,100,1,412.1375,570.0000,412.2291,569.8167,0.0916,-0.1833,0.2049,11.0000,66.6600,55.6600,0.0000,0.0000,0.0000
12.0188,5,0,3,100,0,386.1500,590.0000,386.1500,590.0000,0.0000,0.0000,0.0000,8.0000,8.0000,0.0000,0.0000,0.0000,0.0000
12.0250,6,1,3,100,1,830.2500,570.0000,830.3254,569.8278,0.0754,-0.1722,0.1880,10.0000,66.6600,56.6600,0.0000,0.0000,0.0000
12.0312,7,1,3,100,1,858.2813,590.0000,858.3485,589.8333,0.0673,-0.1667,0.1797,9.0000,66.6600,57.6600,0.0000,0.0000,0.0000
12.0375,8,1,3,100,0,912.4125,570.0000,912.4125,570.0000,0.0000,0.0000,0.0000,11.0000,11.0000,0.0000,0.0000,0.0000,0.0000
12.0437,9,1,3,100,1,886.3500,590.0000,886.4011,589.8444,0.0511,-0.1556,0.1637,8.0000,66.6600,58.6600,0.0000,0.0000,0.0000
12.0500,10,2,3,100,0,1330.5000,570.0000,1330.5000,570.0000,0.0000,0.0000,0.0000,10.0000,10.0000,0.0000,0.0000,0.0000,0.0000
12.0563,11,2,3,100,1,1358.5063,590.0000,1358.5411,589.8556,0.0348,-0.1444,0.1486,9.0000,66.6600,57.6600,0.0000,0.0000,0.0000
12.0625,12,2,3,100,0,1412.6875,570.0000,1412.6875,570.0000,0.0000,0.0000,0.0000,11.0000,11.0000,0.0000,0.0000,0.0000,0.0000
12.0687,13,2,3,100,0,1386.5500,590.0000,1386.5500,590.0000,0.0000,0.0000,0.0000,8.0000,8.0000,0.0000,0.0000,0.0000,0.0000
12.0750,14,3,3,100,0,1589.2500,570.0000,1589.2500,570.0000,0.0000,0.0000,0.0000,10.0000,10.0000,0.0000,3.1416,3.1416,0.0000
12.0813,15,3,3,100,1,1641.2687,590.0000,1641.2711,589.8779,0.0023,-0.1221,0.1222,9.0000,66.6600,57.6600,3.1416,3.1416,0.0000
12.0875,16,3,3,100,1,1647.0375,570.0000,1647.0317,569.8834,-0.0058,-0.1166,0.1167,11.0000,66.6600,55.6600,3.1416,3.1416,0.0000
12.0938,17,3,3,100,1,1693.2500,590.0000,1693.2361,589.8890,-0.0139,-0.1110,0.1118,8.0000,66.6600,58.6600,3.1416,3.1416,0.0000
12.5000,2,0,3,100,0,335.0000,570.0000,335.0000,570.0000,0.0000,0.0000,0.0000,10.0000,10.0000,0.0000,0.0000,0.0000,0.0000
12.5062,3,0,3,100,1,362.5563,590.0000,362.0334,590.2571,-0.5228,0.2571,0.5826,9.0000,66.6600,57.6600,0.0000,0.0000,0.0000
12.5125,4,0,3,100,1,417.6375,570.0000,417.1078,570.2626,-0.5297,0.2626,0.5912,11.0000,66.6600,55.6600,0.0000,0.0000,0.0000
12.5188,5,0,3,100,0,390.1500,590.0000,390.1500,590.0000,0.0000,0.0000,0.0000,8.0000,8.0000,0.0000,0.0000,0.0000,0.0000
12.5250,6,1,3,100,1,835.2500,570.0000,834.7066,570.2734,-0.5434,0.2734,0.6083,10.0000,66.6600,56.6600,0.0000,0.0000,0.0000
12.5312,7,1,3,100,1,862.7813,590.0000,862.2310,590.2788,-0.5502,0.2788,0.6169,9.0000,66.6600,57.6600,0.0000,0.0000,0.0000
12.5375,8,1,3,100,0,917.9125,570.0000,917.9125,570.0000,0.0000,0.0000,0.0000,11.0000,11.0000,0.0000,0.0000,0.0000,0.0000
12.5437,9,1,3,100,1,890.3500,590.0000,889.7863,590.2896,-0.5637,0.2896,0.6338,8.0000,66.6600,58.6600,0.0000,0.0000,0.0000
12.5500,10,2,3,100,0,1335.5000,570.0000,1335.5000,570.0000,0.0000,0.0000,0.0000,10.0000,10.0000,0.0000,0.0000,0.0000,0.0000
12.5563,11,2,3,100,1,1363.0063,590.0000,1362.4292,590.3003,-0.5771,0.3003,0.6506,9.0000,66.6600,57.6600,0.0000,0.0000,0.0000
12.5625,12,2,3,100,0,1418.1875,570.0000,1418.1875,570.0000,0.0000,0.0000,0.0000,11.0000,11.0000,0.0000,0.0000,0.0000,0.0000
12.5687,13,2,3,100,0,1390.5500,590.0000,1390.5500,590.0000,0.0000,0.0000,0.0000,8.0000,8.0000,0.0000,0.0000,0.0000,0.0000
12.5750,14,3,3,100,0,1584.2500,570.0000,1584.2500,570.0000,0.0000,0.0000,0.0000,10.0000,10.0000,0.0000,3.1416,3.1416,0.0000
12.5813,15,3,3,100,1,1636.7687,590.0000,1636.1654,590.3217,-0.6033,0.3217,0.6837,9.0000,66.6600,57.6600,3.1416,3.1416,0.0000
12.5875,16,3,3,100,1,1641.5375,570.0000,1640.9277,570.3270,-0.6098,0.3270,0.6919,11.0000,66.6600,55.6600,3.1416,3.1416,0.0000
12.5938,17,3,3,100,1,1689.2500,590.0000,1688.6338,590.3324,-0.6162,0.3324,0.7001,8.0000,66.6600,58.6600,3.1416,3.1416,0.0000
13.0000,2,0,3,100,0,340.0000,570.0000,340.0000,570.0000,0.0000,0.0000,0.0000,10.0000,10.0000,0.0000,0.0000,0.0000,0.0000
13.0062,3,0,3,100,1,367.0563,590.0000,366.1242,590.6519,-0.9321,0.6519,1.1374,9.0000,66.6600,57.6600,0.0000,0.0000,0.0000
13.0125,4,0,3,100,1,423.1375,570.0000,422.2025,570.6561,-0.9350,0.6561,1.1423,11.0000,66.6600,55.6600,0.0000,0.0000,0.0000
13.0188,5,0,3,100,0,394.1500,590.0000,394.1500,590.0000,0.0000,0.0000,0.0000,8.0000,8.0000,0.0000,0.0000,0.0000,0.0000
13.0250,6,1,3,100,1,840.2500,570.0000,839.3094,570.6646,-0.9406,0.6646,1.1517,10.0000,66.6600,56.6600,0.0000,0.0000,0.0000
13.0312,7,1,3,100,1,867.2813,590.0000,866.3379,590.6688,-0.9434,0.6688,1.1564,9.0000,66.6600,57.6600,0.0000,0.0000,0.0000
13.0375,8,1,3,100,0,923.4125,570.0000,923.4125,570.0000,0.0000,0.0000,0.0000,11.0000,11.0000,0.0000,0.0000,0.0000,0.0000
13.0437,9,1,3,100,1,894.3500,590.0000,893.4014,590.6771,-0.9486,0.6771,1.1655,8.0000,66.6600,58.6600,0.0000,0.0000,0.0000
13.0500,10,2,3,100,0,1340.5000,570.0000,1340.5000,570.0000,0.0000,0.0000,0.0000,10.0000,10.0000,0.0000,0.0000,0.0000,0.0000
13.0563,11,2,3,100,1,1367.5063,590.0000,1366.5526,590.6853,-0.9537,0.6853,1.1744,9.0000,66.6600,57.6600,0.0000,0.0000,0.0000
13.0625,12,2,3,100,0,1423.6875,570.0000,1423.6875,570.0000,0.0000,0.0000,0.0000,11.0000,11.0000,0.0000,0.0000,0.0000,0.0000
13.0687,13,2,3,100,0,1394.5500,590.0000,1394.5500,590.0000,0.0000,0.0000,0.0000,8.0000,8.0000,0.0000,0.0000,0.0000,0.0000
13.0750,14,3,3,100,0,1579.2500,570.0000,1579.2500,570.0000,0.0000,0.0000,0.0000,10.0000,10.0000,0.0000,3.1416,3.1416,0.0000
13.0813,15,3,3,100,1,1632.2687,590.0000,1631.3058,590.7015,-0.9629,0.7015,1.1914,9.0000,66.6600,57.6600,3.1416,3.1416,0.0000
13.0875,16,3,3,100,1,1636.0375,570.0000,1635.0724,570.7055,-0.9651,0.7055,1.1955,11.0000,66.6600,55.6600,3.1416,3.1416,0.0000
13.0938,17,3,3,100,1,1685.2500,590.0000,1684.2828,590.7095,-0.9672,0.7095,1.1995,8.0000,66.6600,58.6600,3.1416,3.1416,0.0000
13.5000,2,0,3,100,0,345.0000,570.0000,345.0000,570.0000,0.0000,0.0000,0.0000,10.0000,10.0000,0.0000,0.0000,0.0000,0.0000
13.5062,3,0,3,100,1,371.5563,590.0000,370.5950,590.9168,-0.9612,0.9168,1.3284,9.0000,66.6600,57.6600,0.0000,0.0000,0.0000
13.5125,4,0,3,100,1,428.6375,570.0000,427.6785,570.9191,-0.9590,0.9191,1.3283,11.0000,66.6600,55.6600,0.0000,0.0000,0.0000
13.5188,5,0,3,100,0,398.1500,590.0000,398.1500,590.0000,0.0000,0.0000,0.0000,8.0000,8.0000,0.0000,0.0000,0.0000,0.0000
13.5250,6,1,3,100,1,845.2500,570.0000,844.2958,570.9234,-0.9542,0.9234,1.3279,10.0000,66.6600,56.6600,0.0000,0.0000,0.0000
13.5312,7,1,3,100,1,871.7813,590.0000,870.8295,590.9256,-0.9518,0.9256,1.3276,9.0000,66.6600,57.6600,0.0000,0.0000,0.0000
13.5375,8,1,3,100,0,928.9125,570.0000,928.9125,570.0000,0.0000,0.0000,0.0000,11.0000,11.0000,0.0000,0.0000,0.0000,0.0000
13.5437,9,1,3,100,1,898.3500,590.0000,897.4033,590.9298,-0.9467,0.9298,1.3269,8.0000,66.6600,58.6600,0.0000,0.0000,0.0000
13.5500,10,2,3,100,0,1345.5000,570.0000,1345.5000,570.0000,0.0000,0.0000,0.0000,10.0000,10.0000,0.0000,0.0000,0.0000,0.0000
13.5563,11,2,3,100,1,1372.0063,590.0000,1371.0650,590.9339,-0.9413,0.9339,1.3259,9.0000,66.6600,57.6600,0.0000,0.0000,0.0000
13.5625,12,2,3,100,0,1429.1875,570.0000,1429.1875,570.0000,0.0000,0.0000,0.0000,11.0000,11.0000,0.0000,0.0000,0.0000,0.0000
13.5687,13,2,3,100,0,1398.5500,590.0000,1398.5500,590.0000,0.0000,0.0000,0.0000,8.0000,8.0000,0.0000,0.0000,0.0000,0.0000
13.5750,14,3,3,100,0,1574.2500,570.0000,1574.2500,570.0000,0.0000,0.0000,0.0000,10.0000,10.0000,0.0000,3.1416,3.1416,0.0000
13.5813,15,3,3,100,1,1627.7687,590.0000,1626.8389,590.9417,-0.9298,0.9417,1.3234,9.0000,66.6600,57.6600,3.1416,3.1416,0.0000
13.5875,16,3,3,100,1,1630.5375,570.0000,1629.6107,570.9435,-0.9268,0.9435,1.3226,11.0000,66.6600,55.6600,3.1416,3.1416,0.0000
13.5938,17,3,3,100,1,1681.2500,590.0000,1680.3263,590.9454,-0.9237,0.9454,1.3218,8.0000,66.6600,58.6600,3.1416,3.1416,0.0000
