sim_time,vehicle_id,rsu_id,attack_pct,real_pos_x,real_pos_y,fake_pos_x,fake_pos_y,drift_x,drift_y,disp_err_m,speed_ms,heading_rad,accel_ms2,is_abrupt,step_scaled_m
7.0587,79,19,20,1587.0000,1105.6200,1585.2750,1110.5523,-1.7250,4.9323,5.2253,0.0000,0.0000,0.0000,1,5.2253
7.0687,93,19,20,1490.2300,1006.1300,1490.3879,1006.1659,0.1579,0.0359,0.1619,0.0000,0.0000,0.0000,0,0.1619
7.0743,96,19,20,1583.3700,1099.6400,1581.5547,1095.6523,-1.8153,-3.9877,4.3814,0.0000,0.0000,0.0000,1,4.3814
7.0859,110,11,20,1446.9357,765.2278,1446.8031,765.2118,-0.1326,-0.0160,0.1335,7.1200,0.2164,0.0000,0,0.1335
7.0955,129,19,20,1459.9300,998.1300,1459.7810,998.0126,-0.1490,-0.1174,0.1897,0.0000,0.0000,0.0000,0,0.1897
7.1542,79,19,20,1587.0000,1105.6200,1583.4294,1115.8292,-3.5706,10.2092,10.8155,0.0000,0.0000,0.0000,1,5.5903
7.1645,93,19,20,1490.2300,1006.1300,1490.6312,1006.2211,0.4012,0.0911,0.4114,0.0000,0.0000,0.0000,0,0.2495
7.1668,96,19,20,1583.3700,1099.6400,1581.5175,1095.5705,-1.8525,-4.0695,4.4713,0.0000,0.0000,0.0000,0,0.0899
7.1771,110,11,20,1447.6311,765.3806,1441.7859,764.6759,-5.8452,-0.7047,5.8875,7.1200,0.2164,0.0000,1,5.7540
7.1912,129,19,20,1459.9300,998.1300,1459.6362,997.8986,-0.2938,-0.2314,0.3740,0.0000,0.0000,0.0000,0,0.1843
7.2542,79,19,20,1587.0000,1105.6200,1583.4097,1115.8855,-3.5903,10.2655,10.8753,0.0000,0.0000,0.0000,0,0.0597
7.2645,93,19,20,1490.2300,1006.1300,1495.6734,1007.3660,5.4434,1.2360,5.5820,0.0000,0.0000,0.0000,1,5.1706
7.2668,96,19,20,1583.3700,1099.6400,1581.4502,1095.4226,-1.9198,-4.2174,4.6338,0.0000,0.0000,0.0000,0,0.1625
7.2771,110,11,20,1448.3265,765.5335,1442.2945,764.8063,-6.0320,-0.7272,6.0757,7.1200,0.2164,0.0000,0,0.1882
7.2912,129,19,20,1459.9300,998.1300,1459.6092,997.8774,-0.3208,-0.2526,0.4083,0.0000,0.0000,0.0000,0,0.0343
7.3542,79,19,20,1587.0000,1105.6200,1583.3982,1115.9184,-3.6018,10.2984,10.9101,0.0000,0.0000,0.0000,0,0.0348
7.3645,93,19,20,1490.2300,1006.1300,1495.8087,1007.3967,5.5787,1.2667,5.7207,0.0000,0.0000,0.0000,0,0.1388
7.3668,96,19,20,1583.3700,1099.6400,1579.5214,1091.1856,-3.8486,-8.4544,9.2891,0.0000,0.0000,0.0000,1,4.6553
7.3771,110,11,20,1449.0219,765.6864,1442.7497,764.9302,-6.2722,-0.7562,6.3176,7.1200,0.2164,0.0000,0,0.2419
7.3912,129,19,20,1459.9300,998.1300,1459.5207,997.8076,-0.4093,-0.3224,0.5210,0.0000,0.0000,0.0000,0,0.1127
7.4542,79,19,20,1587.0000,1105.6200,1583.3341,1116.1017,-3.6659,10.4817,11.1043,0.0000,0.0000,0.0000,0,0.1942
7.4645,93,19,20,1490.2300,1006.1300,1495.9385,1007.4262,5.7085,1.2962,5.8539,0.0000,0.0000,0.0000,0,0.1331
7.4668,96,19,20,1583.3700,1099.6400,1579.4427,1091.0126,-3.9273,-8.6274,9.4792,0.0000,0.0000,0.0000,0,0.1901
7.4771,110,11,20,1449.7173,765.8392,1438.1556,764.4453,-11.5617,-1.3939,11.6455,7.1200,0.2164,0.0000,1,5.3278
7.4912,129,19,20,1459.9300,998.1300,1455.5036,994.6436,-4.4264,-3.4864,5.6345,0.0000,0.0000,0.0000,1,5.1135
7.5542,79,19,20,1587.0000,1105.6200,1583.2617,1116.3086,-3.7383,10.6886,11.3235,0.0000,0.0000,0.0000,0,0.2192
7.5645,93,19,20,1490.2300,1006.1300,1496.0857,1007.4596,5.8557,1.3296,6.0047,0.0000,0.0000,0.0000,0,0.1509
7.5668,96,19,20,1583.3700,1099.6400,1579.4036,1090.9268,-3.9664,-8.7132,9.5735,0.0000,0.0000,0.0000,0,0.0943
7.5771,110,11,20,1450.4127,765.9921,1438.8123,764.5935,-11.6004,-1.3986,11.6844,7.1200,0.2164,0.0000,0,0.0389
7.5912,129,19,20,1459.9300,998.1300,1451.9829,991.8706,-7.9471,-6.2594,10.1162,0.0000,0.0000,0.0000,1,4.4816
7.6542,79,19,20,1587.0000,1105.6200,1583.2195,1116.4294,-3.7805,10.8094,11.4514,0.0000,0.0000,0.0000,0,0.1280
7.6645,93,19,20,1490.2300,1006.1300,1496.2423,1007.4952,6.0123,1.3652,6.1654,0.0000,0.0000,0.0000,0,0.1606
7.6668,96,19,20,1583.3700,1099.6400,1577.6697,1087.1177,-5.7003,-12.5223,13.7587,0.0000,0.0000,0.0000,1,4.1851
7.6771,110,11,20,1451.1081,766.1450,1439.4482,764.7392,-11.6599,-1.4057,11.7443,7.1200,0.2164,0.0000,0,0.0600
7.6912,129,19,20,1459.9300,998.1300,1451.7934,991.7213,-8.1366,-6.4087,10.3574,0.0000,0.0000,0.0000,0,0.2413
7.7542,79,19,20,1587.0000,1105.6200,1583.1460,1116.6395,-3.8540,11.0195,11.6741,0.0000,0.0000,0.0000,0,0.2226
7.7645,93,19,20,1490.2300,1006.1300,1500.1639,1008.3857,9.9339,2.2557,10.1868,0.0000,0.0000,0.0000,1,4.0214
7.7668,96,19,20,1583.3700,1099.6400,1577.6064,1086.9787,-5.7636,-12.6613,13.9114,0.0000,0.0000,0.0000,0,0.1528
7.7771,110,11,20,1451.8035,766.2978,1436.3585,764.4358,-15.4450,-1.8621,15.5568,7.1200,0.2164,0.0000,1,3.8124
7.7912,129,19,20,1459.9300,998.1300,1451.7404,991.6796,-8.1896,-6.4504,10.4248,0.0000,0.0000,0.0000,0,0.0674
7.8542,79,19,20,1587.0000,1105.6200,1583.1159,1116.7256,-3.8841,11.1056,11.7653,0.0000,0.0000,0.0000,0,0.0912
7.8645,93,19,20,1490.2300,1006.1300,1504.6125,1009.3958,14.3825,3.2658,14.7486,0.0000,0.0000,0.0000,1,4.5618
7.8668,96,19,20,1583.3700,1099.6400,1575.1509,1081.5847,-8.2191,-18.0553,19.8380,0.0000,0.0000,0.0000,1,5.9266
7.8771,110,11,20,1452.4989,766.4507,1437.0385,764.5868,-15.4604,-1.8639,15.5723,7.1200,0.2164,0.0000,0,0.0155
7.8912,129,19,20,1459.9300,998.1300,1451.5657,991.5420,-8.3643,-6.5880,10.6472,0.0000,0.0000,0.0000,0,0.2224
7.9542,79,19,20,1587.0000,1105.6200,1581.9532,1120.0500,-5.0468,14.4300,15.2871,0.0000,0.0000,0.0000,1,3.5219
7.9645,93,19,20,1490.2300,1006.1300,1509.0093,1010.3942,18.7793,4.2642,19.2574,0.0000,0.0000,0.0000,1,4.5088
7.9668,96,19,20,1583.3700,1099.6400,1575.0925,1081.4562,-8.2775,-18.1838,19.9791,0.0000,0.0000,0.0000,0,0.1411
7.9771,110,11,20,1453.1943,766.6036,1437.5747,764.7205,-15.6196,-1.8831,15.7327,7.1200,0.2164,0.0000,0,0.1603
7.9912,129,19,20,1459.9300,998.1300,1451.5657,991.5420,-8.3643,-6.5880,10.6472,0.0000,0.0000,0.0000,0,0.0000
8.0407,60,19,20,1497.1500,1007.1400,1497.1802,1007.1911,0.0302,0.0511,0.0594,0.0000,0.0000,0.0000,0,0.0594
8.0542,79,19,20,1587.0000,1105.6200,1580.3348,1124.6774,-6.6652,19.0574,20.1893,0.0000,0.0000,0.0000,1,4.9022
8.0645,93,19,20,1490.2300,1006.1300,1509.1220,1010.4198,18.8920,4.2898,19.3729,0.0000,0.0000,0.0000,0,0.1156
8.0668,96,19,20,1583.3700,1099.6400,1575.0257,1081.3095,-8.3443,-18.3305,20.1403,0.0000,0.0000,0.0000,0,0.1612
8.0771,110,11,20,1453.9817,766.7758,1438.1726,764.8698,-15.8090,-1.9060,15.9235,8.3400,0.2150,12.2000,0,0.1908
8.0912,129,19,20,1459.9300,998.1300,1451.4352,991.4392,-8.4948,-6.6908,10.8134,0.0000,0.0000,0.0000,0,0.1661
8.1401,60,19,20,1497.1500,1007.1400,1497.2904,1007.3777,0.1404,0.2377,0.2761,0.0000,0.0000,0.0000,0,0.2167
8.1542,79,19,20,1587.0000,1105.6200,1580.2688,1124.8660,-6.7312,19.2460,20.3892,0.0000,0.0000,0.0000,0,0.1999
8.1645,93,19,20,1490.2300,1006.1300,1513.9428,1011.5144,23.7128,5.3844,24.3164,0.0000,0.0000,0.0000,1,4.9435
8.1668,96,19,20,1583.3700,1099.6400,1574.9751,1081.1984,-8.3949,-18.4416,20.2624,0.0000,0.0000,0.0000,0,0.1221
8.1771,110,11,20,1454.7964,766.9537,1438.9598,765.0444,-15.8366,-1.9093,15.9513,8.3400,0.2150,0.0000,0,0.0278
8.1912,129,19,20,1459.9300,998.1300,1451.3016,991.3340,-8.6284,-6.7960,10.9834,0.0000,0.0000,0.0000,0,0.1701
8.2401,60,19,20,1497.1500,1007.1400,1497.3035,1007.3997,0.1535,0.2597,0.3016,0.0000,0.0000,0.0000,0,0.0256
8.2542,79,19,20,1587.0000,1105.6200,1580.2000,1125.0628,-6.8000,19.4428,20.5977,0.0000,0.0000,0.0000,0,0.2085
8.2645,93,19,20,1490.2300,1006.1300,1513.9544,1011.5170,23.7244,5.3870,24.3283,0.0000,0.0000,0.0000,0,0.0119
8.2668,96,19,20,1583.3700,1099.6400,1572.5878,1075.9540,-10.7822,-23.6860,26.0246,0.0000,0.0000,0.0000,1,5.7622
8.2771,110,11,20,1455.6112,767.1317,1439.7242,765.2163,-15.8870,-1.9154,16.0021,8.3400,0.2150,0.0000,0,0.0507
8.2912,129,19,20,1459.9300,998.1300,1451.2181,991.2683,-8.7119,-6.8617,11.0896,0.0000,0.0000,0.0000,0,0.1062
8.3401,60,19,20,1497.1500,1007.1400,1497.3719,1007.5156,0.2219,0.3756,0.4363,0.0000,0.0000,0.0000,0,0.1346
8.3542,79,19,20,1587.0000,1105.6200,1578.9082,1128.7563,-8.0918,23.1363,24.5105,0.0000,0.0000,0.0000,1,3.9128
8.3645,93,19,20,1490.2300,1006.1300,1514.0843,1011.5465,23.8543,5.4165,24.4615,0.0000,0.0000,0.0000,0,0.1332
8.3668,96,19,20,1583.3700,1099.6400,1570.1063,1070.5029,-13.2637,-29.1371,32.0140,0.0000,0.0000,0.0000,1,5.9894
8.3771,110,11,20,1456.4260,767.3096,1435.7617,764.8183,-20.6643,-2.4913,20.8139,8.3400,0.2150,0.0000,1,4.8119
8.3912,129,19,20,1459.9300,998.1300,1451.0403,991.1282,-8.8897,-7.0018,11.3160,0.0000,0.0000,0.0000,0,0.2263
8.4401,60,19,20,1497.1500,1007.1400,1497.3850,1007.5377,0.2350,0.3977,0.4620,0.0000,0.0000,0.0000,0,0.0257
8.4542,79,19,20,1587.0000,1105.6200,1578.8848,1128.8234,-8.1152,23.2034,24.5816,0.0000,0.0000,0.0000,0,0.0711
8.4645,93,19,20,1490.2300,1006.1300,1514.0995,1011.5500,23.8695,5.4200,24.4771,0.0000,0.0000,0.0000,0,0.0156
8.4668,96,19,20,1583.3700,1099.6400,1570.0079,1070.2867,-13.3621,-29.3533,32.2515,0.0000,0.0000,0.0000,0,0.2375
8.4771,110,11,20,1457.2408,767.4876,1436.5038,764.9875,-20.7370,-2.5001,20.8871,8.3400,0.2150,0.0000,0,0.0732
8.4912,129,19,20,1459.9300,998.1300,1450.9139,991.0287,-9.0161,-7.1013,11.4768,0.0000,0.0000,0.0000,0,0.1609
8.5401,60,19,20,1497.1500,1007.1400,1497.4824,1007.7025,0.3324,0.5625,0.6533,0.0000,0.0000,0.0000,0,0.1914
8.5542,79,19,20,1587.0000,1105.6200,1578.8501,1128.9224,-8.1499,23.3024,24.6865,0.0000,0.0000,0.0000,0,0.1049
8.5645,93,19,20,1490.2300,1006.1300,1514.2876,1011.5927,24.0576,5.4627,24.6700,0.0000,0.0000,0.0000,0,0.1929
8.5668,96,19,20,1583.3700,1099.6400,1569.9691,1070.2014,-13.4009,-29.4386,32.3453,0.0000,0.0000,0.0000,0,0.0937
8.5771,110,11,20,1458.0556,767.6655,1433.3679,764.6892,-24.6877,-2.9764,24.8665,8.3400,0.2150,0.0000,1,3.9793
8.5912,129,19,20,1459.9300,998.1300,1450.8013,990.9400,-9.1287,-7.1900,11.6202,0.0000,0.0000,0.0000,0,0.1433
8.6401,60,19,20,1497.1500,1007.1400,1497.5357,1007.7926,0.3857,0.6526,0.7580,0.0000,0.0000,0.0000,0,0.1047
8.6542,79,19,20,1587.0000,1105.6200,1577.5573,1132.6189,-9.4427,26.9989,28.6025,0.0000,0.0000,0.0000,1,3.9160
8.6645,93,19,20,1490.2300,1006.1300,1514.3258,1011.6014,24.0958,5.4714,24.7092,0.0000,0.0000,0.0000,0,0.0392
8.6668,96,19,20,1583.3700,1099.6400,1569.9572,1070.1754,-13.4128,-29.4646,32.3739,0.0000,0.0000,0.0000,0,0.0286
8.6771,110,11,20,1458.8704,767.8435,1434.1050,764.8578,-24.7654,-2.9857,24.9447,8.3400,0.2150,0.0000,0,0.0782
8.6912,129,19,20,1459.9300,998.1300,1450.8011,990.9398,-9.1289,-7.1902,11.6205,0.0000,0.0000,0.0000,0,0.0003
8.7401,60,19,20,1497.1500,1007.1400,1497.6434,1007.9750,0.4934,0.8350,0.9699,0.0000,0.0000,0.0000,0,0.2119
8.7542,79,19,20,1587.0000,1105.6200,1575.8330,1137.5492,-11.1670,31.9292,33.8256,0.0000,0.0000,0.0000,1,5.2231
8.7645,93,19,20,1490.2300,1006.1300,1514.3971,1011.6176,24.1671,5.4876,24.7823,0.0000,0.0000,0.0000,0,0.0731
8.7668,96,19,20,1583.3700,1099.6400,1569.8719,1069.9879,-13.4981,-29.6521,32.5798,0.0000,0.0000,0.0000,0,0.2059
8.7771,110,11,20,1459.6852,768.0215,1434.7158,765.0111,-24.9694,-3.0103,25.1503,8.3400,0.2150,0.0000,0,0.2055
8.7912,129,19,20,1459.9300,998.1300,1450.6546,990.8244,-9.2754,-7.3056,11.8070,0.0000,0.0000,0.0000,0,0.1865
8.8401,60,19,20,1497.1500,1007.1400,1500.3362,1012.5319,3.1862,5.3919,6.2629,0.0000,0.0000,0.0000,1,5.2930
8.8542,79,19,20,1587.0000,1105.6200,1575.8267,1137.5670,-11.1733,31.9470,33.8445,0.0000,0.0000,0.0000,0,0.0189
8.8645,93,19,20,1490.2300,1006.1300,1514.4319,1011.6255,24.2019,5.4955,24.8180,0.0000,0.0000,0.0000,0,0.0357
8.8668,96,19,20,1583.3700,1099.6400,1569.8481,1069.9357,-13.5219,-29.7043,32.6372,0.0000,0.0000,0.0000,0,0.0574
8.8771,110,11,20,1460.5000,768.1994,1435.4627,765.1809,-25.0373,-3.0185,25.2186,8.3400,0.2150,0.0000,0,0.0684
8.8912,129,19,20,1459.9300,998.1300,1450.5198,990.7182,-9.4102,-7.4118,11.9786,0.0000,0.0000,0.0000,0,0.1716
8.9401,60,19,20,1497.1500,1007.1400,1503.2720,1017.4999,6.1220,10.3599,12.0335,0.0000,0.0000,0.0000,1,5.7706
8.9542,79,19,20,1587.0000,1105.6200,1575.7903,1137.6713,-11.2097,32.0513,33.9550,0.0000,0.0000,0.0000,0,0.1105
8.9645,93,19,20,1490.2300,1006.1300,1514.5967,1011.6629,24.3667,5.5329,24.9870,0.0000,0.0000,0.0000,0,0.1690
8.9668,96,19,20,1583.3700,1099.6400,1569.8312,1069.8985,-13.5388,-29.7415,32.6781,0.0000,0.0000,0.0000,0,0.0409
8.9771,110,11,20,1461.3148,768.3774,1436.2684,765.3577,-25.0464,-3.0196,25.2278,8.3400,0.2150,0.0000,0,0.0091
8.9912,129,19,20,1459.9300,998.1300,1446.7872,987.7783,-13.1428,-10.3517,16.7299,0.0000,0.0000,0.0000,1,4.7513
9.0401,60,19,20,1497.1500,1007.1400,1503.3514,1017.6343,6.2014,10.4943,12.1896,0.0000,0.0000,0.0000,0,0.1561
9.0542,79,19,20,1587.0000,1105.6200,1575.7295,1137.8451,-11.2705,32.2251,34.1391,0.0000,0.0000,0.0000,0,0.1841
9.0645,93,19,20,1490.2300,1006.1300,1514.8199,1011.7136,24.5899,5.5836,25.2158,0.0000,0.0000,0.0000,0,0.2288
9.0668,96,19,20,1583.3700,1099.6400,1569.7987,1069.8271,-13.5713,-29.8129,32.7565,0.0000,0.0000,0.0000,0,0.0784
9.0771,110,11,20,1462.1850,768.5686,1433.2944,765.0855,-28.8907,-3.4831,29.0999,9.0800,0.2166,7.4000,1,3.8721
9.0912,129,19,20,1459.9300,998.1300,1446.7301,987.7334,-13.1999,-10.3966,16.8026,0.0000,0.0000,0.0000,0,0.0727
