sim_time,vehicle_id,rsu_id,pos_x,pos_y,speed,heading,accel,is_poisoned,detected,sig_mask,psi_score,attack_number,attack_pct,attacker_class,gt_pos_x,gt_pos_y,gt_speed
7.3971,140,17,5050.01,2798.79,9.32,2.76726,0,0,0,0,0,4,100,0,0,0,0
7.4971,140,17,5049.15,2799.13,9.32,2.76726,0,0,0,0,0,4,100,0,0,0,0
7.5971,140,17,5048.28,2799.47,9.32,2.76726,0,0,0,0,0,4,100,0,0,0,0
7.6971,140,17,5047.41,2799.81,9.32,2.76726,0,0,0,0,0,4,100,0,0,0,0
7.7971,140,17,5046.54,2800.15,9.32,2.76726,0,0,0,0,0,4,100,0,0,0,0
7.8971,140,17,5045.68,2800.49,9.32,2.76726,0,0,0,0,0,4,100,0,0,0,0
7.9971,140,17,5044.81,2800.83,9.32,2.76726,0,0,0,0,0,4,100,0,0,0,0
8.0971,140,17,5044.22,2801.07,6.21,2.76678,-31.1,0,1,4,0.1,4,100,0,0,0,0
8.1971,140,17,5043.64,2801.29,6.21,2.76678,0,0,0,0,0,4,100,0,0,0,0
8.2971,140,17,5043.07,2801.52,6.21,2.76678,0,0,0,0,0,4,100,0,0,0,0
8.3971,140,17,5042.49,2801.75,6.21,2.76678,0,0,0,0,0,4,100,0,0,0,0
8.4971,140,17,5041.91,2801.97,6.21,2.76678,0,0,0,0,0,4,100,0,0,0,0
8.5971,140,17,5041.33,2802.2,6.21,2.76678,0,0,0,0,0,4,100,0,0,0,0
8.6971,140,17,5040.76,2802.43,6.21,2.76678,0,0,0,0,0,4,100,0,0,0,0
8.7971,140,17,5040.18,2802.66,6.21,2.76678,0,0,0,0,0,4,100,0,0,0,0
8.8971,140,17,5039.6,2802.88,6.21,2.76678,0,0,0,0,0,4,100,0,0,0,0
8.9971,140,17,5039.02,2803.11,6.21,2.76678,0,0,0,0,0,4,100,0,0,0,0
9.0971,140,17,5038.61,2803.27,4.33,2.76795,-18.8,0,1,4,0.1,4,100,0,0,0,0
9.1971,140,17,5038.21,2803.43,4.33,2.76795,0,0,0,0,0,4,100,0,0,0,0
9.2971,140,17,5037.81,2803.59,4.33,2.76795,0,0,0,0,0,4,100,0,0,0,0
9.3971,140,17,5037.4,2803.75,4.33,2.76795,0,0,0,0,0,4,100,0,0,0,0
9.4971,140,17,5037,2803.9,4.33,2.76795,0,0,0,0,0,4,100,0,0,0,0
9.5971,140,17,5036.6,2804.06,4.33,2.76795,0,0,0,0,0,4,100,0,0,0,0
9.6971,140,17,5036.19,2804.22,4.33,2.76795,0,0,0,0,0,4,100,0,0,0,0
9.7971,140,17,5035.79,2804.38,4.33,2.76795,0,0,0,0,0,4,100,0,0,0,0
9.8971,140,17,5035.39,2804.54,4.33,2.76795,0,0,0,0,0,4,100,0,0,0,0
9.9971,140,17,5034.99,2804.69,4.33,2.76795,0,0,0,0,0,4,100,0,0,0,0
10.0971,140,17,5034.84,2804.75,1.46,2.76999,-28.7,0,1,4,0.1,4,100,0,0,0,0
10.1971,140,17,5034.71,2804.8,1.46,2.76999,0,0,0,0,0,4,100,0,0,0,0
10.2971,140,17,5034.57,2804.86,1.46,2.76999,0,0,0,0,0,4,100,0,0,0,0
10.3971,140,17,5034.43,2804.91,1.46,2.76999,0,0,0,0,0,4,100,0,0,0,0
10.4971,140,17,5034.3,2804.96,1.46,2.76999,0,0,0,0,0,4,100,0,0,0,0
10.5971,140,17,5034.16,2805.02,1.46,2.76999,0,0,0,0,0,4,100,0,0,0,0
10.6971,140,17,5034.03,2805.07,1.46,2.76999,0,0,0,0,0,4,100,0,0,0,0
10.7971,140,17,5033.89,2805.12,1.46,2.76999,0,0,0,0,0,4,100,0,0,0,0
10.8971,140,17,5033.75,2805.17,1.46,2.76999,0,0,0,0,0,4,100,0,0,0,0
10.9971,140,17,5033.62,2805.23,1.46,2.76999,0,0,0,0,0,4,100,0,0,0,0
11.0971,140,17,5033.42,2805.31,2.18,2.7662,7.2,0,1,4,0.1,4,100,0,0,0,0
11.1971,140,17,5033.21,2805.39,2.18,2.7662,0,0,0,0,0,4,100,0,0,0,0
11.2971,140,17,5033.01,2805.47,2.18,2.7662,0,0,0,0,0,4,100,0,0,0,0
11.3971,140,17,5032.81,2805.55,2.18,2.7662,0,0,0,0,0,4,100,0,0,0,0
11.4971,140,17,5032.61,2805.63,2.18,2.7662,0,0,0,0,0,4,100,0,0,0,0
11.5971,140,17,5032.4,2805.71,2.18,2.7662,0,0,0,0,0,4,100,0,0,0,0
11.6971,140,17,5032.2,2805.79,2.18,2.7662,0,0,0,0,0,4,100,0,0,0,0
11.7971,140,17,5032,2805.87,2.18,2.7662,0,0,0,0,0,4,100,0,0,0,0
11.8971,140,17,5031.79,2805.95,2.18,2.7662,0,0,0,0,0,4,100,0,0,0,0
11.9971,140,17,5031.59,2806.03,2.18,2.7662,0,0,0,0,0,4,100,0,0,0,0
12.0971,140,17,5031.36,2806.12,2.48,2.77007,3,0,0,0,0,4,100,0,0,0,0
12.1971,140,17,5031.13,2806.21,2.48,2.77007,0,0,0,0,0,4,100,0,0,0,0
12.2971,140,17,5030.9,2806.3,2.48,2.77007,0,0,0,0,0,4,100,0,0,0,0
12.3971,140,17,5030.67,2806.39,2.48,2.77007,0,0,0,0,0,4,100,0,0,0,0
12.4971,140,17,5030.44,2806.48,2.48,2.77007,0,0,0,0,0,4,100,0,0,0,0
12.5971,140,17,5030.21,2806.57,2.48,2.77007,0,0,0,0,0,4,100,0,0,0,0
12.6971,140,17,5029.97,2806.66,2.48,2.77007,0,0,0,0,0,4,100,0,0,0,0
12.7971,140,17,5029.74,2806.75,2.48,2.77007,0,0,0,0,0,4,100,0,0,0,0
12.8971,140,17,5029.51,2806.84,2.48,2.77007,0,0,0,0,0,4,100,0,0,0,0
12.9971,140,17,5029.28,2806.93,2.48,2.77007,0,0,0,0,0,4,100,0,0,0,0
13.0971,140,17,5028.89,2807.08,4.2,2.76774,17.2,0,1,4,0.1,4,100,0,0,0,0
13.1971,140,17,5028.5,2807.23,4.2,2.76774,0,0,0,0,0,4,100,0,0,0,0
13.2971,140,17,5028.11,2807.38,4.2,2.76774,0,0,0,0,0,4,100,0,0,0,0
13.3971,140,17,5027.72,2807.54,4.2,2.76774,0,0,0,0,0,4,100,0,0,0,0
13.4971,140,17,5027.33,2807.69,4.2,2.76774,0,0,0,0,0,4,100,0,0,0,0
13.5971,140,17,5026.94,2807.84,4.2,2.76774,0,0,0,0,0,4,100,0,0,0,0
13.6971,140,17,5026.55,2808,4.2,2.76774,0,0,0,0,0,4,100,0,0,0,0
13.7971,140,17,5026.16,2808.15,4.2,2.76774,0,0,0,0,0,4,100,0,0,0,0
13.8971,140,17,5025.77,2808.3,4.2,2.76774,0,0,0,0,0,4,100,0,0,0,0
13.9971,140,17,5025.38,2808.46,4.2,2.76774,0,0,0,0,0,4,100,0,0,0,0
14.0971,140,17,5025.26,2808.5,1.2,2.76726,-30,0,1,4,0.1,4,100,0,0,0,0
14.1971,140,17,5025.15,2808.55,1.2,2.76726,0,0,0,0,0,4,100,0,0,0,0
14.2971,140,17,5025.04,2808.59,1.2,2.76726,0,0,0,0,0,4,100,0,0,0,0
14.3971,140,17,5024.93,2808.63,1.2,2.76726,0,0,0,0,0,4,100,0,0,0,0
14.4971,140,17,5024.81,2808.68,1.2,2.76726,0,0,0,0,0,4,100,0,0,0,0
14.5971,140,17,5024.7,2808.72,1.2,2.76726,0,0,0,0,0,4,100,0,0,0,0
14.6971,140,17,5024.59,2808.77,1.2,2.76726,0,0,0,0,0,4,100,0,0,0,0
14.7971,140,17,5024.48,2808.81,1.2,2.76726,0,0,0,0,0,4,100,0,0,0,0
14.8971,140,17,5024.37,2808.85,1.2,2.76726,0,0,0,0,0,4,100,0,0,0,0
14.9971,140,17,5024.26,2808.9,1.2,2.76726,0,0,0,0,0,4,100,0,0,0,0
15.0971,140,17,5024.11,2808.96,1.61,2.76685,4.1,0,1,4,0.1,4,100,0,0,0,0
15.1971,140,17,5023.96,2809.01,1.61,2.76685,0,0,0,0,0,4,100,0,0,0,0
15.2971,140,17,5023.81,2809.07,1.61,2.76685,0,0,0,0,0,4,100,0,0,0,0
15.3971,140,17,5023.66,2809.13,1.61,2.76685,0,0,0,0,0,4,100,0,0,0,0
15.4971,140,17,5023.51,2809.19,1.61,2.76685,0,0,0,0,0,4,100,0,0,0,0
15.5971,140,17,5023.36,2809.25,1.61,2.76685,0,0,0,0,0,4,100,0,0,0,0
15.6971,140,17,5023.21,2809.31,1.61,2.76685,0,0,0,0,0,4,100,0,0,0,0
15.7971,140,17,5023.06,2809.37,1.61,2.76685,0,0,0,0,0,4,100,0,0,0,0
15.8971,140,17,5022.91,2809.43,1.61,2.76685,0,0,0,0,0,4,100,0,0,0,0
15.9971,140,17,5022.76,2809.49,1.61,2.76685,0,0,0,0,0,4,100,0,0,0,0
16.0971,140,17,5022.75,2809.49,0,0,-16.1,0,1,6,0.2,4,100,0,0,0,0
16.1971,140,17,5022.75,2809.49,0,0,0,0,0,0,0,4,100,0,0,0,0
16.2971,140,17,5022.75,2809.49,0,0,0,0,0,0,0,4,100,0,0,0,0
16.3971,140,17,5022.75,2809.49,0,0,0,0,0,0,0,4,100,0,0,0,0
16.4971,140,17,5022.75,2809.49,0,0,0,0,0,0,0,4,100,0,0,0,0
16.5971,140,17,5022.75,2809.49,0,0,0,0,0,0,0,4,100,0,0,0,0
16.6971,140,17,5022.75,2809.49,0,0,0,0,0,0,0,4,100,0,0,0,0
16.7971,140,17,5022.75,2809.49,0,0,0,0,0,0,0,4,100,0,0,0,0
16.8971,140,17,5022.75,2809.49,0,0,0,0,0,0,0,4,100,0,0,0,0
16.9971,140,17,5022.75,2809.49,0,0,0,0,0,0,0,4,100,0,0,0,0
17.0971,140,17,5022.75,2809.49,0,0,0,0,0,0,0,4,100,0,0,0,0
17.1971,140,17,5022.75,2809.49,0,0,0,0,0,0,0,4,100,0,0,0,0
17.2971,140,17,5022.75,2809.49,0,0,0,0,0,0,0,4,100,0,0,0,0
17.3971,140,17,5022.75,2809.49,0,0,0,0,0,0,0,4,100,0,0,0,0
17.4971,140,17,5022.75,2809.49,0,0,0,0,0,0,0,4,100,0,0,0,0
17.5971,140,17,5022.75,2809.49,0,0,0,0,0,0,0,4,100,0,0,0,0
17.6971,140,17,5022.75,2809.49,0,0,0,0,0,0,0,4,100,0,0,0,0
17.7971,140,17,5022.75,2809.49,0,0,0,0,0,0,0,4,100,0,0,0,0
17.8971,140,17,5022.75,2809.49,0,0,0,0,0,0,0,4,100,0,0,0,0
17.9971,140,17,5022.75,2809.49,0,0,0,0,0,0,0,4,100,0,0,0,0
18.0971,140,17,5022.75,2809.49,0,0,0,0,0,0,0,4,100,0,0,0,0
18.1971,140,17,5022.75,2809.49,0,0,0,0,0,0,0,4,100,0,0,0,0
18.2971,140,17,5022.75,2809.49,0,0,0,0,0,0,0,4,100,0,0,0,0
18.3971,140,17,5022.75,2809.49,0,0,0,0,0,0,0,4,100,0,0,0,0
18.4971,140,17,5022.75,2809.49,0,0,0,0,0,0,0,4,100,0,0,0,0
18.5971,140,17,5022.75,2809.49,0,0,0,0,0,0,0,4,100,0,0,0,0
18.6971,140,17,5022.75,2809.49,0,0,0,0,0,0,0,4,100,0,0,0,0
18.7971,140,17,5022.75,2809.49,0,0,0,0,0,0,0,4,100,0,0,0,0
18.8971,140,17,5022.75,2809.49,0,0,0,0,0,0,0,4,100,0,0,0,0
18.9971,140,17,5022.75,2809.49,0,0,0,0,0,0,0,4,100,0,0,0,0
19.0971,140,17,5022.75,2809.49,0,0,0,0,0,0,0,4,100,0,0,0,0
19.1971,140,17,5022.75,2809.49,0,0,0,0,0,0,0,4,100,0,0,0,0
19.2971,140,17,5022.75,2809.49,0,0,0,0,0,0,0,4,100,0,0,0,0
19.3971,140,17,5022.75,2809.49,0,0,0,0,0,0,0,4,100,0,0,0,0
19.4971,140,17,5022.75,2809.49,0,0,0,0,0,0,0,4,100,0,0,0,0
19.5971,140,17,5022.75,2809.49,0,0,0,0,0,0,0,4,100,0,0,0,0
19.6971,140,17,5022.75,2809.49,0,0,0,0,0,0,0,4,100,0,0,0,0
19.7971,140,17,5022.75,2809.49,0,0,0,0,0,0,0,4,100,0,0,0,0
19.8971,140,17,5022.75,2809.49,0,0,0,0,0,0,0,4,100,0,0,0,0
19.9971,140,17,5022.75,2809.49,0,0,0,0,0,0,0,4,100,0,0,0,0
20.0971,140,17,5022.75,2809.49,0,0,0,0,0,0,0,4,100,0,0,0,0
20.1971,140,17,5022.75,2809.49,0,0,0,0,0,0,0,4,100,0,0,0,0
20.2971,140,17,5022.75,2809.49,0,0,0,0,0,0,0,4,100,0,0,0,0
20.3971,140,17,5022.75,2809.49,0,0,0,0,0,0,0,4,100,0,0,0,0
20.4971,140,17,5022.75,2809.49,0,0,0,0,0,0,0,4,100,0,0,0,0
20.5971,140,17,5022.75,2809.49,0,0,0,0,0,0,0,4,100,0,0,0,0
20.6971,140,17,5022.75,2809.49,0,0,0,0,0,0,0,4,100,0,0,0,0
20.7971,140,17,5022.75,2809.49,0,0,0,0,0,0,0,4,100,0,0,0,0
20.8971,140,17,5022.75,2809.49,0,0,0,0,0,0,0,4,100,0,0,0,0
20.9971,140,17,5022.75,2809.49,0,0,0,0,0,0,0,4,100,0,0,0,0
21.0971,140,17,5022.75,2809.49,0,0,0,0,0,0,0,4,100,0,0,0,0
21.1971,140,17,5022.75,2809.49,0,0,0,0,0,0,0,4,100,0,0,0,0
21.2971,140,17,5022.75,2809.49,0,0,0,0,0,0,0,4,100,0,0,0,0
21.3971,140,17,5022.75,2809.49,0,0,0,0,0,0,0,4,100,0,0,0,0
21.4971,140,17,5022.75,2809.49,0,0,0,0,0,0,0,4,100,0,0,0,0
21.5971,140,17,5022.75,2809.49,0,0,0,0,0,0,0,4,100,0,0,0,0
21.6971,140,17,5022.75,2809.49,0,0,0,0,0,0,0,4,100,0,0,0,0
21.7971,140,17,5022.75,2809.49,0,0,0,0,0,0,0,4,100,0,0,0,0
21.8971,140,17,5022.75,2809.49,0,0,0,0,0,0,0,4,100,0,0,0,0
21.9971,140,17,5022.75,2809.49,0,0,0,0,0,0,0,4,100,0,0,0,0
22.0971,140,17,5022.75,2809.49,0,0,0,0,0,0,0,4,100,0,0,0,0
22.1971,140,17,5022.75,2809.49,0,0,0,0,0,0,0,4,100,0,0,0,0
22.2971,140,17,5022.75,2809.49,0,0,0,0,0,0,0,4,100,0,0,0,0
22.3971,140,17,5022.75,2809.49,0,0,0,0,0,0,0,4,100,0,0,0,0
22.4971,140,17,5022.75,2809.49,0,0,0,0,0,0,0,4,100,0,0,0,0
22.5971,140,17,5022.75,2809.49,0,0,0,0,0,0,0,4,100,0,0,0,0
22.6971,140,17,5022.75,2809.49,0,0,0,0,0,0,0,4,100,0,0,0,0
22.7971,140,17,5022.75,2809.49,0,0,0,0,0,0,0,4,100,0,0,0,0
22.8971,140,17,5022.75,2809.49,0,0,0,0,0,0,0,4,100,0,0,0,0
22.9971,140,17,5022.75,2809.49,0,0,0,0,0,0,0,4,100,0,0,0,0
23.0971,140,17,5022.75,2809.49,0,0,0,0,0,0,0,4,100,0,0,0,0
23.1971,140,17,5022.75,2809.49,0,0,0,0,0,0,0,4,100,0,0,0,0
23.2971,140,17,5022.75,2809.49,0,0,0,0,0,0,0,4,100,0,0,0,0
23.3971,140,17,5022.75,2809.49,0,0,0,0,0,0,0,4,100,0,0,0,0
23.4971,140,17,5022.75,2809.49,0,0,0,0,0,0,0,4,100,0,0,0,0
23.5971,140,17,5022.75,2809.49,0,0,0,0,0,0,0,4,100,0,0,0,0
23.6971,140,17,5022.75,2809.49,0,0,0,0,0,0,0,4,100,0,0,0,0
23.7971,140,17,5022.75,2809.49,0,0,0,0,0,0,0,4,100,0,0,0,0
23.8971,140,17,5022.75,2809.49,0,0,0,0,0,0,0,4,100,0,0,0,0
23.9971,140,17,5022.75,2809.49,0,0,0,0,0,0,0,4,100,0,0,0,0
24.0971,140,17,5022.75,2809.49,0,0,0,0,0,0,0,4,100,0,0,0,0
24.1971,140,17,5022.75,2809.49,0,0,0,0,0,0,0,4,100,0,0,0,0
24.2971,140,17,5022.75,2809.49,0,0,0,0,0,0,0,4,100,0,0,0,0
24.3971,140,17,5022.75,2809.49,0,0,0,0,0,0,0,4,100,0,0,0,0
24.4971,140,17,5022.75,2809.49,0,0,0,0,0,0,0,4,100,0,0,0,0
24.5971,140,17,5022.75,2809.49,0,0,0,0,0,0,0,4,100,0,0,0,0
24.6971,140,17,5022.75,2809.49,0,0,0,0,0,0,0,4,100,0,0,0,0
24.7971,140,17,5022.75,2809.49,0,0,0,0,0,0,0,4,100,0,0,0,0
24.8971,140,17,5022.75,2809.49,0,0,0,0,0,0,0,4,100,0,0,0,0
24.9971,140,17,5022.75,2809.49,0,0,0,0,0,0,0,4,100,0,0,0,0
25.0971,140,17,5022.75,2809.49,0,0,0,0,0,0,0,4,100,0,0,0,0
25.1971,140,17,5022.75,2809.49,0,0,0,0,0,0,0,4,100,0,0,0,0
25.2971,140,17,5022.75,2809.49,0,0,0,0,0,0,0,4,100,0,0,0,0
25.3971,140,17,5022.75,2809.49,0,0,0,0,0,0,0,4,100,0,0,0,0
25.4971,140,17,5022.75,2809.49,0,0,0,0,0,0,0,4,100,0,0,0,0
25.5971,140,17,5022.75,2809.49,0,0,0,0,0,0,0,4,100,0,0,0,0
25.6971,140,17,5022.75,2809.49,0,0,0,0,0,0,0,4,100,0,0,0,0
25.7971,140,17,5022.75,2809.49,0,0,0,0,0,0,0,4,100,0,0,0,0
25.8971,140,17,5022.75,2809.49,0,0,0,0,0,0,0,4,100,0,0,0,0
25.9971,140,17,5022.75,2809.49,0,0,0,0,0,0,0,4,100,0,0,0,0
26.0971,140,17,5022.75,2809.49,0,0,0,0,0,0,0,4,100,0,0,0,0
26.1971,140,17,5022.75,2809.49,0,0,0,0,0,0,0,4,100,0,0,0,0
26.2971,140,17,5022.75,2809.49,0,0,0,0,0,0,0,4,100,0,0,0,0
26.3971,140,17,5022.75,2809.49,0,0,0,0,0,0,0,4,100,0,0,0,0
26.4971,140,17,5022.75,2809.49,0,0,0,0,0,0,0,4,100,0,0,0,0
26.5971,140,17,5022.75,2809.49,0,0,0,0,0,0,0,4,100,0,0,0,0
26.6971,140,17,5022.75,2809.49,0,0,0,0,0,0,0,4,100,0,0,0,0
26.7971,140,17,5022.75,2809.49,0,0,0,0,0,0,0,4,100,0,0,0,0
26.8971,140,17,5022.75,2809.49,0,0,0,0,0,0,0,4,100,0,0,0,0
26.9971,140,17,5022.75,2809.49,0,0,0,0,0,0,0,4,100,0,0,0,0
27.0971,140,17,5022.75,2809.49,0,0,0,0,0,0,0,4,100,0,0,0,0
27.1971,140,17,5022.75,2809.49,0,0,0,0,0,0,0,4,100,0,0,0,0
27.2971,140,17,5022.75,2809.49,0,0,0,0,0,0,0,4,100,0,0,0,0
27.3971,140,17,5022.75,2809.49,0,0,0,0,0,0,0,4,100,0,0,0,0
27.4971,140,17,5022.75,2809.49,0,0,0,0,0,0,0,4,100,0,0,0,0
27.5971,140,17,5022.75,2809.49,0,0,0,0,0,0,0,4,100,0,0,0,0
27.6971,140,17,5022.75,2809.49,0,0,0,0,0,0,0,4,100,0,0,0,0
27.7971,140,17,5022.75,2809.49,0,0,0,0,0,0,0,4,100,0,0,0,0
27.8971,140,17,5022.75,2809.49,0,0,0,0,0,0,0,4,100,0,0,0,0
27.9971,140,17,5022.75,2809.49,0,0,0,0,0,0,0,4,100,0,0,0,0
28.0971,140,17,5022.75,2809.49,0,0,0,0,0,0,0,4,100,0,0,0,0
28.1971,140,17,5022.75,2809.49,0,0,0,0,0,0,0,4,100,0,0,0,0
28.2971,140,17,5022.75,2809.49,0,0,0,0,0,0,0,4,100,0,0,0,0
28.3971,140,17,5022.75,2809.49,0,0,0,0,0,0,0,4,100,0,0,0,0
28.4971,140,17,5022.75,2809.49,0,0,0,0,0,0,0,4,100,0,0,0,0
28.5971,140,17,5022.75,2809.49,0,0,0,0,0,0,0,4,100,0,0,0,0
28.6971,140,17,5022.75,2809.49,0,0,0,0,0,0,0,4,100,0,0,0,0
28.7971,140,17,5022.75,2809.49,0,0,0,0,0,0,0,4,100,0,0,0,0
28.8971,140,17,5022.75,2809.49,0,0,0,0,0,0,0,4,100,0,0,0,0
28.9971,140,17,5022.75,2809.49,0,0,0,0,0,0,0,4,100,0,0,0,0
