mode,attack_number,attack_pct,speed_kmh,speed_label,PBPO_ms,TP,FP,TN,FN,MCC,FPR,PARR,CDER,TDEE,TPE
MPTD-PQS,1,10,100,high,1.0799,0,32,776,0,0.0,0.039604,1.0,0.0,0.0,0.0
A1_LW_only,1,10,100,high,1.0799,0,0,808,0,0.0,0.0,0.0,0.0,0.0,0.0
A2_GAT_only,1,10,100,high,1.0799,0,0,808,0,0.0,0.0,1.0,0.0,0.0,0.0
A3_AE_only,1,10,100,high,1.0799,0,32,776,0,0.0,0.039604,1.0,0.0,0.0,0.0
A4_no_TRS,1,10,100,high,1.0799,0,32,776,0,0.0,0.039604,0.0,0.0,0.0,0.0
A5_no_chain,1,10,100,high,1.0799,0,32,776,0,0.0,0.039604,1.0,0.0,0.0,0.0
MPTD-PQS,1,10,20,low,1.1819,0,32,776,0,0.0,0.039604,1.0,0.0,0.0,0.0
A1_LW_only,1,10,20,low,1.1819,0,0,808,0,0.0,0.0,0.0,0.0,0.0,0.0
A2_GAT_only,1,10,20,low,1.1819,0,0,808,0,0.0,0.0,1.0,0.0,0.0,0.0
A3_AE_only,1,10,20,low,1.1819,0,32,776,0,0.0,0.039604,1.0,0.0,0.0,0.0
A4_no_TRS,1,10,20,low,1.1819,0,32,776,0,0.0,0.039604,0.0,0.0,0.0,0.0
A5_no_chain,1,10,20,low,1.1819,0,32,776,0,0.0,0.039604,1.0,0.0,0.0,0.0
MPTD-PQS,1,10,50,medium,1.2243,0,32,776,0,0.0,0.039604,1.0,0.0,0.0,0.0
A1_LW_only,1,10,50,medium,1.2243,0,0,808,0,0.0,0.0,0.0,0.0,0.0,0.0
A2_GAT_only,1,10,50,medium,1.2243,0,0,808,0,0.0,0.0,1.0,0.0,0.0,0.0
A3_AE_only,1,10,50,medium,1.2243,0,32,776,0,0.0,0.039604,1.0,0.0,0.0,0.0
A4_no_TRS,1,10,50,medium,1.2243,0,32,776,0,0.0,0.039604,0.0,0.0,0.0,0.0
A5_no_chain,1,10,50,medium,1.2243,0,32,776,0,0.0,0.039604,1.0,0.0,0.0,0.0
MPTD-PQS,1,20,100,high,1.0169,119,32,580,74,0.617137,0.052288,1.0,0.091925,0.076684,21.3011
A1_LW_only,1,20,100,high,1.0169,2,0,612,191,0.08887,0.0,0.0,0.237267,0.197927,54.9799
A2_GAT_only,1,20,100,high,1.0169,0,0,612,193,0.0,0.0,1.0,0.239752,0.2,55.5556
A3_AE_only,1,20,100,high,1.0169,117,32,580,76,0.608926,0.052288,1.0,0.09441,0.078756,21.8768
A4_no_TRS,1,20,100,high,1.0169,119,32,580,74,0.617137,0.052288,0.0,0.091925,0.076684,21.3011
A5_no_chain,1,20,100,high,1.0169,119,32,580,74,0.617137,0.052288,1.0,0.091925,0.076684,21.3011
MPTD-PQS,1,20,20,low,1.061,128,32,569,76,0.625865,0.053245,1.0,0.09441,0.07451,4.1394
A1_LW_only,1,20,20,low,1.061,2,0,601,202,0.08566,0.0,0.0,0.250932,0.198039,11.0022
A2_GAT_only,1,20,20,low,1.061,0,0,601,204,0.0,0.0,1.0,0.253416,0.2,11.1111
A3_AE_only,1,20,20,low,1.061,128,32,569,76,0.625865,0.053245,1.0,0.09441,0.07451,4.1394
A4_no_TRS,1,20,20,low,1.061,128,32,569,76,0.625865,0.053245,0.0,0.09441,0.07451,4.1394
A5_no_chain,1,20,20,low,1.061,128,32,569,76,0.625865,0.053245,1.0,0.09441,0.07451,4.1394
MPTD-PQS,1,20,50,medium,1.0534,128,32,569,76,0.625865,0.053245,1.0,0.09441,0.07451,10.3486
A1_LW_only,1,20,50,medium,1.0534,1,0,601,203,0.060533,0.0,0.0,0.252174,0.19902,27.6416
A2_GAT_only,1,20,50,medium,1.0534,0,0,601,204,0.0,0.0,1.0,0.253416,0.2,27.7778
A3_AE_only,1,20,50,medium,1.0534,128,32,569,76,0.625865,0.053245,1.0,0.09441,0.07451,10.3486
A4_no_TRS,1,20,50,medium,1.0534,128,32,569,76,0.625865,0.053245,0.0,0.09441,0.07451,10.3486
A5_no_chain,1,20,50,medium,1.0534,128,32,569,76,0.625865,0.053245,1.0,0.09441,0.07451,10.3486
MPTD-PQS,1,30,100,high,1.0579,128,32,569,76,0.625865,0.053245,1.0,0.09441,0.111765,20.6972
A1_LW_only,1,30,100,high,1.0579,1,0,601,203,0.060533,0.0,0.0,0.252174,0.298529,55.2832
A2_GAT_only,1,30,100,high,1.0579,0,0,601,204,0.0,0.0,1.0,0.253416,0.3,55.5556
A3_AE_only,1,30,100,high,1.0579,128,32,569,76,0.625865,0.053245,1.0,0.09441,0.111765,20.6972
A4_no_TRS,1,30,100,high,1.0579,128,32,569,76,0.625865,0.053245,0.0,0.09441,0.111765,20.6972
A5_no_chain,1,30,100,high,1.0579,128,32,569,76,0.625865,0.053245,1.0,0.09441,0.111765,20.6972
MPTD-PQS,1,30,20,low,1.0615,128,0,604,76,0.746541,0.0,1.0,0.094059,0.111765,4.1394
A1_LW_only,1,30,20,low,1.0615,0,0,604,204,0.0,0.0,0.0,0.252475,0.3,11.1111
A2_GAT_only,1,30,20,low,1.0615,0,0,604,204,0.0,0.0,1.0,0.252475,0.3,11.1111
A3_AE_only,1,30,20,low,1.0615,128,0,604,76,0.746541,0.0,1.0,0.094059,0.111765,4.1394
A4_no_TRS,1,30,20,low,1.0615,128,0,604,76,0.746541,0.0,0.0,0.094059,0.111765,4.1394
A5_no_chain,1,30,20,low,1.0615,128,0,604,76,0.746541,0.0,1.0,0.094059,0.111765,4.1394
MPTD-PQS,1,30,50,medium,1.1038,128,0,604,76,0.746541,0.0,1.0,0.094059,0.111765,10.3486
A1_LW_only,1,30,50,medium,1.1038,0,0,604,204,0.0,0.0,0.0,0.252475,0.3,27.7778
A2_GAT_only,1,30,50,medium,1.1038,0,0,604,204,0.0,0.0,1.0,0.252475,0.3,27.7778
A3_AE_only,1,30,50,medium,1.1038,128,0,604,76,0.746541,0.0,1.0,0.094059,0.111765,10.3486
A4_no_TRS,1,30,50,medium,1.1038,128,0,604,76,0.746541,0.0,0.0,0.094059,0.111765,10.3486
A5_no_chain,1,30,50,medium,1.1038,128,0,604,76,0.746541,0.0,1.0,0.094059,0.111765,10.3486
MPTD-PQS,1,5,100,high,1.0954,0,32,776,0,0.0,0.039604,1.0,0.0,0.0,0.0
A1_LW_only,1,5,100,high,1.0954,0,0,808,0,0.0,0.0,0.0,0.0,0.0,0.0
A2_GAT_only,1,5,100,high,1.0954,0,0,808,0,0.0,0.0,1.0,0.0,0.0,0.0
A3_AE_only,1,5,100,high,1.0954,0,32,776,0,0.0,0.039604,1.0,0.0,0.0,0.0
A4_no_TRS,1,5,100,high,1.0954,0,32,776,0,0.0,0.039604,0.0,0.0,0.0,0.0
A5_no_chain,1,5,100,high,1.0954,0,32,776,0,0.0,0.039604,1.0,0.0,0.0,0.0
MPTD-PQS,1,5,20,low,1.2919,0,32,776,0,0.0,0.039604,1.0,0.0,0.0,0.0
A1_LW_only,1,5,20,low,1.2919,0,0,808,0,0.0,0.0,0.0,0.0,0.0,0.0
A2_GAT_only,1,5,20,low,1.2919,0,0,808,0,0.0,0.0,1.0,0.0,0.0,0.0
A3_AE_only,1,5,20,low,1.2919,0,32,776,0,0.0,0.039604,1.0,0.0,0.0,0.0
A4_no_TRS,1,5,20,low,1.2919,0,32,776,0,0.0,0.039604,0.0,0.0,0.0,0.0
A5_no_chain,1,5,20,low,1.2919,0,32,776,0,0.0,0.039604,1.0,0.0,0.0,0.0
MPTD-PQS,1,5,50,medium,1.3159,0,32,776,0,0.0,0.039604,1.0,0.0,0.0,0.0
A1_LW_only,1,5,50,medium,1.3159,0,0,808,0,0.0,0.0,0.0,0.0,0.0,0.0
A2_GAT_only,1,5,50,medium,1.3159,0,0,808,0,0.0,0.0,1.0,0.0,0.0,0.0
A3_AE_only,1,5,50,medium,1.3159,0,32,776,0,0.0,0.039604,1.0,0.0,0.0,0.0
A4_no_TRS,1,5,50,medium,1.3159,0,32,776,0,0.0,0.039604,0.0,0.0,0.0,0.0
A5_no_chain,1,5,50,medium,1.3159,0,32,776,0,0.0,0.039604,1.0,0.0,0.0,0.0
MPTD-PQS,2,10,100,high,1.038,32,32,725,19,0.526921,0.042272,1.0,0.023515,0.037255,20.6972
A1_LW_only,2,10,100,high,1.038,0,0,757,51,0.0,0.0,0.0,0.063119,0.1,55.5556
A2_GAT_only,2,10,100,high,1.038,0,0,757,51,0.0,0.0,1.0,0.063119,0.1,55.5556
A3_AE_only,2,10,100,high,1.038,32,32,725,19,0.526921,0.042272,1.0,0.023515,0.037255,20.6972
A4_no_TRS,2,10,100,high,1.038,32,32,725,19,0.526921,0.042272,0.0,0.023515,0.037255,20.6972
A5_no_chain,2,10,100,high,1.038,32,32,725,19,0.526921,0.042272,1.0,0.023515,0.037255,20.6972
MPTD-PQS,2,10,20,low,1.0537,32,32,725,19,0.526921,0.042272,1.0,0.023515,0.037255,4.1394
A1_LW_only,2,10,20,low,1.0537,0,0,757,51,0.0,0.0,0.0,0.063119,0.1,11.1111
A2_GAT_only,2,10,20,low,1.0537,0,0,757,51,0.0,0.0,1.0,0.063119,0.1,11.1111
A3_AE_only,2,10,20,low,1.0537,32,32,725,19,0.526921,0.042272,1.0,0.023515,0.037255,4.1394
A4_no_TRS,2,10,20,low,1.0537,32,32,725,19,0.526921,0.042272,0.0,0.023515,0.037255,4.1394
A5_no_chain,2,10,20,low,1.0537,32,32,725,19,0.526921,0.042272,1.0,0.023515,0.037255,4.1394
MPTD-PQS,2,10,50,medium,1.2507,32,32,725,19,0.526921,0.042272,1.0,0.023515,0.037255,10.3486
A1_LW_only,2,10,50,medium,1.2507,0,0,757,51,0.0,0.0,0.0,0.063119,0.1,27.7778
A2_GAT_only,2,10,50,medium,1.2507,0,0,757,51,0.0,0.0,1.0,0.063119,0.1,27.7778
A3_AE_only,2,10,50,medium,1.2507,32,32,725,19,0.526921,0.042272,1.0,0.023515,0.037255,10.3486
A4_no_TRS,2,10,50,medium,1.2507,32,32,725,19,0.526921,0.042272,0.0,0.023515,0.037255,10.3486
A5_no_chain,2,10,50,medium,1.2507,32,32,725,19,0.526921,0.042272,1.0,0.023515,0.037255,10.3486
MPTD-PQS,2,20,100,high,1.1284,186,32,518,69,0.702709,0.058182,1.0,0.085714,0.054118,15.0327
A1_LW_only,2,20,100,high,1.1284,34,0,550,221,0.308407,0.0,0.0,0.274534,0.173333,48.1481
A2_GAT_only,2,20,100,high,1.1284,0,0,550,255,0.0,0.0,1.0,0.31677,0.2,55.5556
A3_AE_only,2,20,100,high,1.1284,160,32,518,95,0.621424,0.058182,1.0,0.118012,0.07451,20.6972
A4_no_TRS,2,20,100,high,1.1284,186,32,518,69,0.702709,0.058182,0.0,0.085714,0.054118,15.0327
A5_no_chain,2,20,100,high,1.1284,186,32,518,69,0.702709,0.058182,1.0,0.085714,0.054118,15.0327
MPTD-PQS,2,20,20,low,1.0784,186,32,518,69,0.702709,0.058182,1.0,0.085714,0.054118,3.0065
A1_LW_only,2,20,20,low,1.0784,34,0,550,221,0.308407,0.0,0.0,0.274534,0.173333,9.6296
A2_GAT_only,2,20,20,low,1.0784,0,0,550,255,0.0,0.0,1.0,0.31677,0.2,11.1111
A3_AE_only,2,20,20,low,1.0784,160,32,518,95,0.621424,0.058182,1.0,0.118012,0.07451,4.1394
A4_no_TRS,2,20,20,low,1.0784,186,32,518,69,0.702709,0.058182,0.0,0.085714,0.054118,3.0065
A5_no_chain,2,20,20,low,1.0784,186,32,518,69,0.702709,0.058182,1.0,0.085714,0.054118,3.0065
MPTD-PQS,2,20,50,medium,1.1005,186,32,518,69,0.702709,0.058182,1.0,0.085714,0.054118,7.5163
A1_LW_only,2,20,50,medium,1.1005,34,0,550,221,0.308407,0.0,0.0,0.274534,0.173333,24.0741
A2_GAT_only,2,20,50,medium,1.1005,0,0,550,255,0.0,0.0,1.0,0.31677,0.2,27.7778
A3_AE_only,2,20,50,medium,1.1005,160,32,518,95,0.621424,0.058182,1.0,0.118012,0.07451,10.3486
A4_no_TRS,2,20,50,medium,1.1005,186,32,518,69,0.702709,0.058182,0.0,0.085714,0.054118,7.5163
A5_no_chain,2,20,50,medium,1.1005,186,32,518,69,0.702709,0.058182,1.0,0.085714,0.054118,7.5163
MPTD-PQS,2,30,100,high,1.1919,186,32,518,69,0.702709,0.058182,1.0,0.085714,0.081176,15.0327
A1_LW_only,2,30,100,high,1.1919,34,0,550,221,0.308407,0.0,0.0,0.274534,0.26,48.1481
A2_GAT_only,2,30,100,high,1.1919,0,0,550,255,0.0,0.0,1.0,0.31677,0.3,55.5556
A3_AE_only,2,30,100,high,1.1919,160,32,518,95,0.621424,0.058182,1.0,0.118012,0.111765,20.6972
A4_no_TRS,2,30,100,high,1.1919,186,32,518,69,0.702709,0.058182,0.0,0.085714,0.081176,15.0327
A5_no_chain,2,30,100,high,1.1919,186,32,518,69,0.702709,0.058182,1.0,0.085714,0.081176,15.0327
MPTD-PQS,2,30,20,low,1.1291,186,32,518,69,0.702709,0.058182,1.0,0.085714,0.081176,3.0065
A1_LW_only,2,30,20,low,1.1291,34,0,550,221,0.308407,0.0,0.0,0.274534,0.26,9.6296
A2_GAT_only,2,30,20,low,1.1291,0,0,550,255,0.0,0.0,1.0,0.31677,0.3,11.1111
A3_AE_only,2,30,20,low,1.1291,160,32,518,95,0.621424,0.058182,1.0,0.118012,0.111765,4.1394
A4_no_TRS,2,30,20,low,1.1291,186,32,518,69,0.702709,0.058182,0.0,0.085714,0.081176,3.0065
A5_no_chain,2,30,20,low,1.1291,186,32,518,69,0.702709,0.058182,1.0,0.085714,0.081176,3.0065
MPTD-PQS,2,30,50,medium,1.1464,186,32,518,69,0.702709,0.058182,1.0,0.085714,0.081176,7.5163
A1_LW_only,2,30,50,medium,1.1464,34,0,550,221,0.308407,0.0,0.0,0.274534,0.26,24.0741
A2_GAT_only,2,30,50,medium,1.1464,0,0,550,255,0.0,0.0,1.0,0.31677,0.3,27.7778
A3_AE_only,2,30,50,medium,1.1464,160,32,518,95,0.621424,0.058182,1.0,0.118012,0.111765,10.3486
A4_no_TRS,2,30,50,medium,1.1464,186,32,518,69,0.702709,0.058182,0.0,0.085714,0.081176,7.5163
A5_no_chain,2,30,50,medium,1.1464,186,32,518,69,0.702709,0.058182,1.0,0.085714,0.081176,7.5163
MPTD-PQS,2,5,100,high,1.0768,32,32,725,19,0.526921,0.042272,1.0,0.023515,0.018627,20.6972
A1_LW_only,2,5,100,high,1.0768,0,0,757,51,0.0,0.0,0.0,0.063119,0.05,55.5556
A2_GAT_only,2,5,100,high,1.0768,0,0,757,51,0.0,0.0,1.0,0.063119,0.05,55.5556
A3_AE_only,2,5,100,high,1.0768,32,32,725,19,0.526921,0.042272,1.0,0.023515,0.018627,20.6972
A4_no_TRS,2,5,100,high,1.0768,32,32,725,19,0.526921,0.042272,0.0,0.023515,0.018627,20.6972
A5_no_chain,2,5,100,high,1.0768,32,32,725,19,0.526921,0.042272,1.0,0.023515,0.018627,20.6972
MPTD-PQS,2,5,20,low,1.1163,32,32,725,19,0.526921,0.042272,1.0,0.023515,0.018627,4.1394
A1_LW_only,2,5,20,low,1.1163,0,0,757,51,0.0,0.0,0.0,0.063119,0.05,11.1111
A2_GAT_only,2,5,20,low,1.1163,0,0,757,51,0.0,0.0,1.0,0.063119,0.05,11.1111
A3_AE_only,2,5,20,low,1.1163,32,32,725,19,0.526921,0.042272,1.0,0.023515,0.018627,4.1394
A4_no_TRS,2,5,20,low,1.1163,32,32,725,19,0.526921,0.042272,0.0,0.023515,0.018627,4.1394
A5_no_chain,2,5,20,low,1.1163,32,32,725,19,0.526921,0.042272,1.0,0.023515,0.018627,4.1394
MPTD-PQS,2,5,50,medium,1.1246,32,32,725,19,0.526921,0.042272,1.0,0.023515,0.018627,10.3486
A1_LW_only,2,5,50,medium,1.1246,0,0,757,51,0.0,0.0,0.0,0.063119,0.05,27.7778
A2_GAT_only,2,5,50,medium,1.1246,0,0,757,51,0.0,0.0,1.0,0.063119,0.05,27.7778
A3_AE_only,2,5,50,medium,1.1246,32,32,725,19,0.526921,0.042272,1.0,0.023515,0.018627,10.3486
A4_no_TRS,2,5,50,medium,1.1246,32,32,725,19,0.526921,0.042272,0.0,0.023515,0.018627,10.3486
A5_no_chain,2,5,50,medium,1.1246,32,32,725,19,0.526921,0.042272,1.0,0.023515,0.018627,10.3486
MPTD-PQS,3,10,100,high,1.1269,0,32,776,0,0.0,0.039604,1.0,0.0,0.0,0.0
A1_LW_only,3,10,100,high,1.1269,0,0,808,0,0.0,0.0,0.0,0.0,0.0,0.0
A2_GAT_only,3,10,100,high,1.1269,0,0,808,0,0.0,0.0,1.0,0.0,0.0,0.0
A3_AE_only,3,10,100,high,1.1269,0,32,776,0,0.0,0.039604,1.0,0.0,0.0,0.0
A4_no_TRS,3,10,100,high,1.1269,0,32,776,0,0.0,0.039604,0.0,0.0,0.0,0.0
A5_no_chain,3,10,100,high,1.1269,0,32,776,0,0.0,0.039604,1.0,0.0,0.0,0.0
MPTD-PQS,3,10,20,low,1.1504,0,32,776,0,0.0,0.039604,1.0,0.0,0.0,0.0
A1_LW_only,3,10,20,low,1.1504,0,0,808,0,0.0,0.0,0.0,0.0,0.0,0.0
A2_GAT_only,3,10,20,low,1.1504,0,0,808,0,0.0,0.0,1.0,0.0,0.0,0.0
A3_AE_only,3,10,20,low,1.1504,0,32,776,0,0.0,0.039604,1.0,0.0,0.0,0.0
A4_no_TRS,3,10,20,low,1.1504,0,32,776,0,0.0,0.039604,0.0,0.0,0.0,0.0
A5_no_chain,3,10,20,low,1.1504,0,32,776,0,0.0,0.039604,1.0,0.0,0.0,0.0
MPTD-PQS,3,10,50,medium,1.4371,0,32,776,0,0.0,0.039604,1.0,0.0,0.0,0.0
A1_LW_only,3,10,50,medium,1.4371,0,0,808,0,0.0,0.0,0.0,0.0,0.0,0.0
A2_GAT_only,3,10,50,medium,1.4371,0,0,808,0,0.0,0.0,1.0,0.0,0.0,0.0
A3_AE_only,3,10,50,medium,1.4371,0,32,776,0,0.0,0.039604,1.0,0.0,0.0,0.0
A4_no_TRS,3,10,50,medium,1.4371,0,32,776,0,0.0,0.039604,0.0,0.0,0.0,0.0
A5_no_chain,3,10,50,medium,1.4371,0,32,776,0,0.0,0.039604,1.0,0.0,0.0,0.0
MPTD-PQS,3,20,100,high,1.1008,0,32,580,192,-0.114036,0.052288,1.0,0.238806,0.2,55.5556
A1_LW_only,3,20,100,high,1.1008,0,0,612,192,0.0,0.0,0.0,0.238806,0.2,55.5556
A2_GAT_only,3,20,100,high,1.1008,0,0,612,192,0.0,0.0,1.0,0.238806,0.2,55.5556
A3_AE_only,3,20,100,high,1.1008,0,32,580,192,-0.114036,0.052288,1.0,0.238806,0.2,55.5556
A4_no_TRS,3,20,100,high,1.1008,0,32,580,192,-0.114036,0.052288,0.0,0.238806,0.2,55.5556
A5_no_chain,3,20,100,high,1.1008,0,32,580,192,-0.114036,0.052288,1.0,0.238806,0.2,55.5556
MPTD-PQS,3,20,20,low,1.2282,0,32,569,203,-0.118325,0.053245,1.0,0.252488,0.2,11.1111
A1_LW_only,3,20,20,low,1.2282,0,0,601,203,0.0,0.0,0.0,0.252488,0.2,11.1111
A2_GAT_only,3,20,20,low,1.2282,0,0,601,203,0.0,0.0,1.0,0.252488,0.2,11.1111
A3_AE_only,3,20,20,low,1.2282,0,32,569,203,-0.118325,0.053245,1.0,0.252488,0.2,11.1111
A4_no_TRS,3,20,20,low,1.2282,0,32,569,203,-0.118325,0.053245,0.0,0.252488,0.2,11.1111
A5_no_chain,3,20,20,low,1.2282,0,32,569,203,-0.118325,0.053245,1.0,0.252488,0.2,11.1111
MPTD-PQS,3,20,50,medium,1.1244,0,32,580,192,-0.114036,0.052288,1.0,0.238806,0.2,27.7778
A1_LW_only,3,20,50,medium,1.1244,0,0,612,192,0.0,0.0,0.0,0.238806,0.2,27.7778
A2_GAT_only,3,20,50,medium,1.1244,0,0,612,192,0.0,0.0,1.0,0.238806,0.2,27.7778
A3_AE_only,3,20,50,medium,1.1244,0,32,580,192,-0.114036,0.052288,1.0,0.238806,0.2,27.7778
A4_no_TRS,3,20,50,medium,1.1244,0,32,580,192,-0.114036,0.052288,0.0,0.238806,0.2,27.7778
A5_no_chain,3,20,50,medium,1.1244,0,32,580,192,-0.114036,0.052288,1.0,0.238806,0.2,27.7778
MPTD-PQS,3,30,100,high,0.9491,0,32,569,202,-0.11811,0.053245,1.0,0.251557,0.3,55.5556
A1_LW_only,3,30,100,high,0.9491,0,0,601,202,0.0,0.0,0.0,0.251557,0.3,55.5556
A2_GAT_only,3,30,100,high,0.9491,0,0,601,202,0.0,0.0,1.0,0.251557,0.3,55.5556
A3_AE_only,3,30,100,high,0.9491,0,32,569,202,-0.11811,0.053245,1.0,0.251557,0.3,55.5556
A4_no_TRS,3,30,100,high,0.9491,0,32,569,202,-0.11811,0.053245,0.0,0.251557,0.3,55.5556
A5_no_chain,3,30,100,high,0.9491,0,32,569,202,-0.11811,0.053245,1.0,0.251557,0.3,55.5556
MPTD-PQS,3,30,20,low,1.1473,31,0,601,172,0.344572,0.0,1.0,0.21393,0.254187,9.4143
A1_LW_only,3,30,20,low,1.1473,0,0,601,203,0.0,0.0,0.0,0.252488,0.3,11.1111
A2_GAT_only,3,30,20,low,1.1473,0,0,601,203,0.0,0.0,1.0,0.252488,0.3,11.1111
A3_AE_only,3,30,20,low,1.1473,31,0,601,172,0.344572,0.0,1.0,0.21393,0.254187,9.4143
A4_no_TRS,3,30,20,low,1.1473,31,0,601,172,0.344572,0.0,0.0,0.21393,0.254187,9.4143
A5_no_chain,3,30,20,low,1.1473,31,0,601,172,0.344572,0.0,1.0,0.21393,0.254187,9.4143
MPTD-PQS,3,30,50,medium,0.9011,0,32,580,192,-0.114036,0.052288,1.0,0.238806,0.3,27.7778
A1_LW_only,3,30,50,medium,0.9011,0,0,612,192,0.0,0.0,0.0,0.238806,0.3,27.7778
A2_GAT_only,3,30,50,medium,0.9011,0,0,612,192,0.0,0.0,1.0,0.238806,0.3,27.7778
A3_AE_only,3,30,50,medium,0.9011,0,32,580,192,-0.114036,0.052288,1.0,0.238806,0.3,27.7778
A4_no_TRS,3,30,50,medium,0.9011,0,32,580,192,-0.114036,0.052288,0.0,0.238806,0.3,27.7778
A5_no_chain,3,30,50,medium,0.9011,0,32,580,192,-0.114036,0.052288,1.0,0.238806,0.3,27.7778
MPTD-PQS,3,5,100,high,1.1333,0,32,776,0,0.0,0.039604,1.0,0.0,0.0,0.0
A1_LW_only,3,5,100,high,1.1333,0,0,808,0,0.0,0.0,0.0,0.0,0.0,0.0
A2_GAT_only,3,5,100,high,1.1333,0,0,808,0,0.0,0.0,1.0,0.0,0.0,0.0
A3_AE_only,3,5,100,high,1.1333,0,32,776,0,0.0,0.039604,1.0,0.0,0.0,0.0
A4_no_TRS,3,5,100,high,1.1333,0,32,776,0,0.0,0.039604,0.0,0.0,0.0,0.0
A5_no_chain,3,5,100,high,1.1333,0,32,776,0,0.0,0.039604,1.0,0.0,0.0,0.0
MPTD-PQS,3,5,20,low,1.1126,0,32,776,0,0.0,0.039604,1.0,0.0,0.0,0.0
A1_LW_only,3,5,20,low,1.1126,0,0,808,0,0.0,0.0,0.0,0.0,0.0,0.0
A2_GAT_only,3,5,20,low,1.1126,0,0,808,0,0.0,0.0,1.0,0.0,0.0,0.0
A3_AE_only,3,5,20,low,1.1126,0,32,776,0,0.0,0.039604,1.0,0.0,0.0,0.0
A4_no_TRS,3,5,20,low,1.1126,0,32,776,0,0.0,0.039604,0.0,0.0,0.0,0.0
A5_no_chain,3,5,20,low,1.1126,0,32,776,0,0.0,0.039604,1.0,0.0,0.0,0.0
MPTD-PQS,3,5,50,medium,1.1025,0,32,776,0,0.0,0.039604,1.0,0.0,0.0,0.0
A1_LW_only,3,5,50,medium,1.1025,0,0,808,0,0.0,0.0,0.0,0.0,0.0,0.0
A2_GAT_only,3,5,50,medium,1.1025,0,0,808,0,0.0,0.0,1.0,0.0,0.0,0.0
A3_AE_only,3,5,50,medium,1.1025,0,32,776,0,0.0,0.039604,1.0,0.0,0.0,0.0
A4_no_TRS,3,5,50,medium,1.1025,0,32,776,0,0.0,0.039604,0.0,0.0,0.0,0.0
A5_no_chain,3,5,50,medium,1.1025,0,32,776,0,0.0,0.039604,1.0,0.0,0.0,0.0
MPTD-PQS,4,10,100,high,1.2409,0,32,776,0,0.0,0.039604,1.0,0.0,0.0,0.0
A1_LW_only,4,10,100,high,1.2409,0,0,808,0,0.0,0.0,0.0,0.0,0.0,0.0
A2_GAT_only,4,10,100,high,1.2409,0,0,808,0,0.0,0.0,1.0,0.0,0.0,0.0
A3_AE_only,4,10,100,high,1.2409,0,32,776,0,0.0,0.039604,1.0,0.0,0.0,0.0
A4_no_TRS,4,10,100,high,1.2409,0,32,776,0,0.0,0.039604,0.0,0.0,0.0,0.0
A5_no_chain,4,10,100,high,1.2409,0,32,776,0,0.0,0.039604,1.0,0.0,0.0,0.0
MPTD-PQS,4,10,20,low,0.8014,0,32,776,0,0.0,0.039604,1.0,0.0,0.0,0.0
A1_LW_only,4,10,20,low,0.8014,0,0,808,0,0.0,0.0,0.0,0.0,0.0,0.0
A2_GAT_only,4,10,20,low,0.8014,0,0,808,0,0.0,0.0,1.0,0.0,0.0,0.0
A3_AE_only,4,10,20,low,0.8014,0,32,776,0,0.0,0.039604,1.0,0.0,0.0,0.0
A4_no_TRS,4,10,20,low,0.8014,0,32,776,0,0.0,0.039604,0.0,0.0,0.0,0.0
A5_no_chain,4,10,20,low,0.8014,0,32,776,0,0.0,0.039604,1.0,0.0,0.0,0.0
MPTD-PQS,4,10,50,medium,1.5351,0,32,776,0,0.0,0.039604,1.0,0.0,0.0,0.0
A1_LW_only,4,10,50,medium,1.5351,0,0,808,0,0.0,0.0,0.0,0.0,0.0,0.0
A2_GAT_only,4,10,50,medium,1.5351,0,0,808,0,0.0,0.0,1.0,0.0,0.0,0.0
A3_AE_only,4,10,50,medium,1.5351,0,32,776,0,0.0,0.039604,1.0,0.0,0.0,0.0
A4_no_TRS,4,10,50,medium,1.5351,0,32,776,0,0.0,0.039604,0.0,0.0,0.0,0.0
A5_no_chain,4,10,50,medium,1.5351,0,32,776,0,0.0,0.039604,1.0,0.0,0.0,0.0
MPTD-PQS,4,20,100,high,1.3384,128,32,572,76,0.626259,0.05298,1.0,0.094059,0.07451,20.6972
A1_LW_only,4,20,100,high,1.3384,0,0,604,204,0.0,0.0,0.0,0.252475,0.2,55.5556
A2_GAT_only,4,20,100,high,1.3384,0,0,604,204,0.0,0.0,1.0,0.252475,0.2,55.5556
A3_AE_only,4,20,100,high,1.3384,128,32,572,76,0.626259,0.05298,1.0,0.094059,0.07451,20.6972
A4_no_TRS,4,20,100,high,1.3384,128,32,572,76,0.626259,0.05298,0.0,0.094059,0.07451,20.6972
A5_no_chain,4,20,100,high,1.3384,128,32,572,76,0.626259,0.05298,1.0,0.094059,0.07451,20.6972
MPTD-PQS,4,20,20,low,1.6451,128,32,572,76,0.626259,0.05298,1.0,0.094059,0.07451,4.1394
A1_LW_only,4,20,20,low,1.6451,0,0,604,204,0.0,0.0,0.0,0.252475,0.2,11.1111
A2_GAT_only,4,20,20,low,1.6451,0,0,604,204,0.0,0.0,1.0,0.252475,0.2,11.1111
A3_AE_only,4,20,20,low,1.6451,128,32,572,76,0.626259,0.05298,1.0,0.094059,0.07451,4.1394
A4_no_TRS,4,20,20,low,1.6451,128,32,572,76,0.626259,0.05298,0.0,0.094059,0.07451,4.1394
A5_no_chain,4,20,20,low,1.6451,128,32,572,76,0.626259,0.05298,1.0,0.094059,0.07451,4.1394
MPTD-PQS,4,20,50,medium,1.8637,128,32,572,76,0.626259,0.05298,1.0,0.094059,0.07451,10.3486
A1_LW_only,4,20,50,medium,1.8637,0,0,604,204,0.0,0.0,0.0,0.252475,0.2,27.7778
A2_GAT_only,4,20,50,medium,1.8637,0,0,604,204,0.0,0.0,1.0,0.252475,0.2,27.7778
A3_AE_only,4,20,50,medium,1.8637,128,32,572,76,0.626259,0.05298,1.0,0.094059,0.07451,10.3486
A4_no_TRS,4,20,50,medium,1.8637,128,32,572,76,0.626259,0.05298,0.0,0.094059,0.07451,10.3486
A5_no_chain,4,20,50,medium,1.8637,128,32,572,76,0.626259,0.05298,1.0,0.094059,0.07451,10.3486
MPTD-PQS,4,30,100,high,2.2877,128,32,572,76,0.626259,0.05298,1.0,0.094059,0.111765,20.6972
A1_LW_only,4,30,100,high,2.2877,0,0,604,204,0.0,0.0,0.0,0.252475,0.3,55.5556
A2_GAT_only,4,30,100,high,2.2877,0,0,604,204,0.0,0.0,1.0,0.252475,0.3,55.5556
A3_AE_only,4,30,100,high,2.2877,128,32,572,76,0.626259,0.05298,1.0,0.094059,0.111765,20.6972
A4_no_TRS,4,30,100,high,2.2877,128,32,572,76,0.626259,0.05298,0.0,0.094059,0.111765,20.6972
A5_no_chain,4,30,100,high,2.2877,128,32,572,76,0.626259,0.05298,1.0,0.094059,0.111765,20.6972
MPTD-PQS,4,30,20,low,4.8433,128,32,572,76,0.626259,0.05298,1.0,0.094059,0.111765,4.1394
A1_LW_only,4,30,20,low,4.8433,0,0,604,204,0.0,0.0,0.0,0.252475,0.3,11.1111
A2_GAT_only,4,30,20,low,4.8433,0,0,604,204,0.0,0.0,1.0,0.252475,0.3,11.1111
A3_AE_only,4,30,20,low,4.8433,128,32,572,76,0.626259,0.05298,1.0,0.094059,0.111765,4.1394
A4_no_TRS,4,30,20,low,4.8433,128,32,572,76,0.626259,0.05298,0.0,0.094059,0.111765,4.1394
A5_no_chain,4,30,20,low,4.8433,128,32,572,76,0.626259,0.05298,1.0,0.094059,0.111765,4.1394
MPTD-PQS,4,30,50,medium,2.9555,128,32,572,76,0.626259,0.05298,1.0,0.094059,0.111765,10.3486
A1_LW_only,4,30,50,medium,2.9555,0,0,604,204,0.0,0.0,0.0,0.252475,0.3,27.7778
A2_GAT_only,4,30,50,medium,2.9555,0,0,604,204,0.0,0.0,1.0,0.252475,0.3,27.7778
A3_AE_only,4,30,50,medium,2.9555,128,32,572,76,0.626259,0.05298,1.0,0.094059,0.111765,10.3486
A4_no_TRS,4,30,50,medium,2.9555,128,32,572,76,0.626259,0.05298,0.0,0.094059,0.111765,10.3486
A5_no_chain,4,30,50,medium,2.9555,128,32,572,76,0.626259,0.05298,1.0,0.094059,0.111765,10.3486
MPTD-PQS,4,5,100,high,0.8532,0,32,776,0,0.0,0.039604,1.0,0.0,0.0,0.0
A1_LW_only,4,5,100,high,0.8532,0,0,808,0,0.0,0.0,0.0,0.0,0.0,0.0
A2_GAT_only,4,5,100,high,0.8532,0,0,808,0,0.0,0.0,1.0,0.0,0.0,0.0
A3_AE_only,4,5,100,high,0.8532,0,32,776,0,0.0,0.039604,1.0,0.0,0.0,0.0
A4_no_TRS,4,5,100,high,0.8532,0,32,776,0,0.0,0.039604,0.0,0.0,0.0,0.0
A5_no_chain,4,5,100,high,0.8532,0,32,776,0,0.0,0.039604,1.0,0.0,0.0,0.0
MPTD-PQS,4,5,20,low,0.9336,0,32,776,0,0.0,0.039604,1.0,0.0,0.0,0.0
A1_LW_only,4,5,20,low,0.9336,0,0,808,0,0.0,0.0,0.0,0.0,0.0,0.0
A2_GAT_only,4,5,20,low,0.9336,0,0,808,0,0.0,0.0,1.0,0.0,0.0,0.0
A3_AE_only,4,5,20,low,0.9336,0,32,776,0,0.0,0.039604,1.0,0.0,0.0,0.0
A4_no_TRS,4,5,20,low,0.9336,0,32,776,0,0.0,0.039604,0.0,0.0,0.0,0.0
A5_no_chain,4,5,20,low,0.9336,0,32,776,0,0.0,0.039604,1.0,0.0,0.0,0.0
MPTD-PQS,4,5,50,medium,1.0298,0,32,776,0,0.0,0.039604,1.0,0.0,0.0,0.0
A1_LW_only,4,5,50,medium,1.0298,0,0,808,0,0.0,0.0,0.0,0.0,0.0,0.0
A2_GAT_only,4,5,50,medium,1.0298,0,0,808,0,0.0,0.0,1.0,0.0,0.0,0.0
A3_AE_only,4,5,50,medium,1.0298,0,32,776,0,0.0,0.039604,1.0,0.0,0.0,0.0
A4_no_TRS,4,5,50,medium,1.0298,0,32,776,0,0.0,0.039604,0.0,0.0,0.0,0.0
A5_no_chain,4,5,50,medium,1.0298,0,32,776,0,0.0,0.039604,1.0,0.0,0.0,0.0
MPTD-PQS,5,10,100,high,0.8387,32,32,725,19,0.526921,0.042272,1.0,0.023515,0.037255,20.6972
A1_LW_only,5,10,100,high,0.8387,0,0,757,51,0.0,0.0,0.0,0.063119,0.1,55.5556
A2_GAT_only,5,10,100,high,0.8387,0,0,757,51,0.0,0.0,1.0,0.063119,0.1,55.5556
A3_AE_only,5,10,100,high,0.8387,32,32,725,19,0.526921,0.042272,1.0,0.023515,0.037255,20.6972
A4_no_TRS,5,10,100,high,0.8387,32,32,725,19,0.526921,0.042272,0.0,0.023515,0.037255,20.6972
A5_no_chain,5,10,100,high,0.8387,32,32,725,19,0.526921,0.042272,1.0,0.023515,0.037255,20.6972
MPTD-PQS,5,10,20,low,0.8334,32,32,725,19,0.526921,0.042272,1.0,0.023515,0.037255,4.1394
A1_LW_only,5,10,20,low,0.8334,0,0,757,51,0.0,0.0,0.0,0.063119,0.1,11.1111
A2_GAT_only,5,10,20,low,0.8334,0,0,757,51,0.0,0.0,1.0,0.063119,0.1,11.1111
A3_AE_only,5,10,20,low,0.8334,32,32,725,19,0.526921,0.042272,1.0,0.023515,0.037255,4.1394
A4_no_TRS,5,10,20,low,0.8334,32,32,725,19,0.526921,0.042272,0.0,0.023515,0.037255,4.1394
A5_no_chain,5,10,20,low,0.8334,32,32,725,19,0.526921,0.042272,1.0,0.023515,0.037255,4.1394
MPTD-PQS,5,10,50,medium,0.8666,32,32,725,19,0.526921,0.042272,1.0,0.023515,0.037255,10.3486
A1_LW_only,5,10,50,medium,0.8666,0,0,757,51,0.0,0.0,0.0,0.063119,0.1,27.7778
A2_GAT_only,5,10,50,medium,0.8666,0,0,757,51,0.0,0.0,1.0,0.063119,0.1,27.7778
A3_AE_only,5,10,50,medium,0.8666,32,32,725,19,0.526921,0.042272,1.0,0.023515,0.037255,10.3486
A4_no_TRS,5,10,50,medium,0.8666,32,32,725,19,0.526921,0.042272,0.0,0.023515,0.037255,10.3486
A5_no_chain,5,10,50,medium,0.8666,32,32,725,19,0.526921,0.042272,1.0,0.023515,0.037255,10.3486
MPTD-PQS,5,20,100,high,0.8566,149,32,529,95,0.60947,0.057041,1.0,0.118012,0.077869,21.6302
A1_LW_only,5,20,100,high,0.8566,0,0,561,244,0.0,0.0,0.0,0.303106,0.2,55.5556
A2_GAT_only,5,20,100,high,0.8566,0,0,561,244,0.0,0.0,1.0,0.303106,0.2,55.5556
A3_AE_only,5,20,100,high,0.8566,149,32,529,95,0.60947,0.057041,1.0,0.118012,0.077869,21.6302
A4_no_TRS,5,20,100,high,0.8566,149,32,529,95,0.60947,0.057041,0.0,0.118012,0.077869,21.6302
A5_no_chain,5,20,100,high,0.8566,149,32,529,95,0.60947,0.057041,1.0,0.118012,0.077869,21.6302
MPTD-PQS,5,20,20,low,0.881,149,32,529,95,0.60947,0.057041,1.0,0.118012,0.077869,4.326
A1_LW_only,5,20,20,low,0.881,0,0,561,244,0.0,0.0,0.0,0.303106,0.2,11.1111
A2_GAT_only,5,20,20,low,0.881,0,0,561,244,0.0,0.0,1.0,0.303106,0.2,11.1111
A3_AE_only,5,20,20,low,0.881,149,32,529,95,0.60947,0.057041,1.0,0.118012,0.077869,4.326
A4_no_TRS,5,20,20,low,0.881,149,32,529,95,0.60947,0.057041,0.0,0.118012,0.077869,4.326
A5_no_chain,5,20,20,low,0.881,149,32,529,95,0.60947,0.057041,1.0,0.118012,0.077869,4.326
MPTD-PQS,5,20,50,medium,1.2363,149,32,529,95,0.60947,0.057041,1.0,0.118012,0.077869,10.8151
A1_LW_only,5,20,50,medium,1.2363,0,0,561,244,0.0,0.0,0.0,0.303106,0.2,27.7778
A2_GAT_only,5,20,50,medium,1.2363,0,0,561,244,0.0,0.0,1.0,0.303106,0.2,27.7778
A3_AE_only,5,20,50,medium,1.2363,149,32,529,95,0.60947,0.057041,1.0,0.118012,0.077869,10.8151
A4_no_TRS,5,20,50,medium,1.2363,149,32,529,95,0.60947,0.057041,0.0,0.118012,0.077869,10.8151
A5_no_chain,5,20,50,medium,1.2363,149,32,529,95,0.60947,0.057041,1.0,0.118012,0.077869,10.8151
MPTD-PQS,5,30,100,high,0.9084,149,32,529,95,0.60947,0.057041,1.0,0.118012,0.116803,21.6302
A1_LW_only,5,30,100,high,0.9084,0,0,561,244,0.0,0.0,0.0,0.303106,0.3,55.5556
A2_GAT_only,5,30,100,high,0.9084,0,0,561,244,0.0,0.0,1.0,0.303106,0.3,55.5556
A3_AE_only,5,30,100,high,0.9084,149,32,529,95,0.60947,0.057041,1.0,0.118012,0.116803,21.6302
A4_no_TRS,5,30,100,high,0.9084,149,32,529,95,0.60947,0.057041,0.0,0.118012,0.116803,21.6302
A5_no_chain,5,30,100,high,0.9084,149,32,529,95,0.60947,0.057041,1.0,0.118012,0.116803,21.6302
MPTD-PQS,5,30,20,low,0.9284,149,32,529,95,0.60947,0.057041,1.0,0.118012,0.116803,4.326
A1_LW_only,5,30,20,low,0.9284,0,0,561,244,0.0,0.0,0.0,0.303106,0.3,11.1111
A2_GAT_only,5,30,20,low,0.9284,0,0,561,244,0.0,0.0,1.0,0.303106,0.3,11.1111
A3_AE_only,5,30,20,low,0.9284,149,32,529,95,0.60947,0.057041,1.0,0.118012,0.116803,4.326
A4_no_TRS,5,30,20,low,0.9284,149,32,529,95,0.60947,0.057041,0.0,0.118012,0.116803,4.326
A5_no_chain,5,30,20,low,0.9284,149,32,529,95,0.60947,0.057041,1.0,0.118012,0.116803,4.326
MPTD-PQS,5,30,50,medium,1.0318,149,32,529,95,0.60947,0.057041,1.0,0.118012,0.116803,10.8151
A1_LW_only,5,30,50,medium,1.0318,0,0,561,244,0.0,0.0,0.0,0.303106,0.3,27.7778
A2_GAT_only,5,30,50,medium,1.0318,0,0,561,244,0.0,0.0,1.0,0.303106,0.3,27.7778
A3_AE_only,5,30,50,medium,1.0318,149,32,529,95,0.60947,0.057041,1.0,0.118012,0.116803,10.8151
A4_no_TRS,5,30,50,medium,1.0318,149,32,529,95,0.60947,0.057041,0.0,0.118012,0.116803,10.8151
A5_no_chain,5,30,50,medium,1.0318,149,32,529,95,0.60947,0.057041,1.0,0.118012,0.116803,10.8151
MPTD-PQS,5,5,100,high,0.9778,0,32,776,0,0.0,0.039604,1.0,0.0,0.0,0.0
A1_LW_only,5,5,100,high,0.9778,0,0,808,0,0.0,0.0,0.0,0.0,0.0,0.0
A2_GAT_only,5,5,100,high,0.9778,0,0,808,0,0.0,0.0,1.0,0.0,0.0,0.0
A3_AE_only,5,5,100,high,0.9778,0,32,776,0,0.0,0.039604,1.0,0.0,0.0,0.0
A4_no_TRS,5,5,100,high,0.9778,0,32,776,0,0.0,0.039604,0.0,0.0,0.0,0.0
A5_no_chain,5,5,100,high,0.9778,0,32,776,0,0.0,0.039604,1.0,0.0,0.0,0.0
MPTD-PQS,5,5,20,low,1.4606,0,32,776,0,0.0,0.039604,1.0,0.0,0.0,0.0
A1_LW_only,5,5,20,low,1.4606,0,0,808,0,0.0,0.0,0.0,0.0,0.0,0.0
A2_GAT_only,5,5,20,low,1.4606,0,0,808,0,0.0,0.0,1.0,0.0,0.0,0.0
A3_AE_only,5,5,20,low,1.4606,0,32,776,0,0.0,0.039604,1.0,0.0,0.0,0.0
A4_no_TRS,5,5,20,low,1.4606,0,32,776,0,0.0,0.039604,0.0,0.0,0.0,0.0
A5_no_chain,5,5,20,low,1.4606,0,32,776,0,0.0,0.039604,1.0,0.0,0.0,0.0
MPTD-PQS,5,5,50,medium,0.8324,0,32,776,0,0.0,0.039604,1.0,0.0,0.0,0.0
A1_LW_only,5,5,50,medium,0.8324,0,0,808,0,0.0,0.0,0.0,0.0,0.0,0.0
A2_GAT_only,5,5,50,medium,0.8324,0,0,808,0,0.0,0.0,1.0,0.0,0.0,0.0
A3_AE_only,5,5,50,medium,0.8324,0,32,776,0,0.0,0.039604,1.0,0.0,0.0,0.0
A4_no_TRS,5,5,50,medium,0.8324,0,32,776,0,0.0,0.039604,0.0,0.0,0.0,0.0
A5_no_chain,5,5,50,medium,0.8324,0,32,776,0,0.0,0.039604,1.0,0.0,0.0,0.0
MPTD-PQS,6,10,100,high,0.9141,0,32,776,0,0.0,0.039604,1.0,0.0,0.0,0.0
A1_LW_only,6,10,100,high,0.9141,0,0,808,0,0.0,0.0,0.0,0.0,0.0,0.0
A2_GAT_only,6,10,100,high,0.9141,0,0,808,0,0.0,0.0,1.0,0.0,0.0,0.0
A3_AE_only,6,10,100,high,0.9141,0,32,776,0,0.0,0.039604,1.0,0.0,0.0,0.0
A4_no_TRS,6,10,100,high,0.9141,0,32,776,0,0.0,0.039604,0.0,0.0,0.0,0.0
A5_no_chain,6,10,100,high,0.9141,0,32,776,0,0.0,0.039604,1.0,0.0,0.0,0.0
MPTD-PQS,6,10,20,low,0.9968,0,32,776,0,0.0,0.039604,1.0,0.0,0.0,0.0
A1_LW_only,6,10,20,low,0.9968,0,0,808,0,0.0,0.0,0.0,0.0,0.0,0.0
A2_GAT_only,6,10,20,low,0.9968,0,0,808,0,0.0,0.0,1.0,0.0,0.0,0.0
A3_AE_only,6,10,20,low,0.9968,0,32,776,0,0.0,0.039604,1.0,0.0,0.0,0.0
A4_no_TRS,6,10,20,low,0.9968,0,32,776,0,0.0,0.039604,0.0,0.0,0.0,0.0
A5_no_chain,6,10,20,low,0.9968,0,32,776,0,0.0,0.039604,1.0,0.0,0.0,0.0
MPTD-PQS,6,10,50,medium,0.8587,0,32,776,0,0.0,0.039604,1.0,0.0,0.0,0.0
A1_LW_only,6,10,50,medium,0.8587,0,0,808,0,0.0,0.0,0.0,0.0,0.0,0.0
A2_GAT_only,6,10,50,medium,0.8587,0,0,808,0,0.0,0.0,1.0,0.0,0.0,0.0
A3_AE_only,6,10,50,medium,0.8587,0,32,776,0,0.0,0.039604,1.0,0.0,0.0,0.0
A4_no_TRS,6,10,50,medium,0.8587,0,32,776,0,0.0,0.039604,0.0,0.0,0.0,0.0
A5_no_chain,6,10,50,medium,0.8587,0,32,776,0,0.0,0.039604,1.0,0.0,0.0,0.0
MPTD-PQS,6,20,100,high,2.0715,128,32,570,76,0.625997,0.053156,1.0,0.094293,0.07451,20.6972
A1_LW_only,6,20,100,high,2.0715,0,0,602,204,0.0,0.0,0.0,0.253102,0.2,55.5556
A2_GAT_only,6,20,100,high,2.0715,0,0,602,204,0.0,0.0,1.0,0.253102,0.2,55.5556
A3_AE_only,6,20,100,high,2.0715,128,32,570,76,0.625997,0.053156,1.0,0.094293,0.07451,20.6972
A4_no_TRS,6,20,100,high,2.0715,128,32,570,76,0.625997,0.053156,0.0,0.094293,0.07451,20.6972
A5_no_chain,6,20,100,high,2.0715,128,32,570,76,0.625997,0.053156,1.0,0.094293,0.07451,20.6972
MPTD-PQS,6,20,20,low,0.9497,128,32,570,76,0.625997,0.053156,1.0,0.094293,0.07451,4.1394
A1_LW_only,6,20,20,low,0.9497,0,0,602,204,0.0,0.0,0.0,0.253102,0.2,11.1111
A2_GAT_only,6,20,20,low,0.9497,0,0,602,204,0.0,0.0,1.0,0.253102,0.2,11.1111
A3_AE_only,6,20,20,low,0.9497,128,32,570,76,0.625997,0.053156,1.0,0.094293,0.07451,4.1394
A4_no_TRS,6,20,20,low,0.9497,128,32,570,76,0.625997,0.053156,0.0,0.094293,0.07451,4.1394
A5_no_chain,6,20,20,low,0.9497,128,32,570,76,0.625997,0.053156,1.0,0.094293,0.07451,4.1394
MPTD-PQS,6,20,50,medium,0.9376,128,32,570,76,0.625997,0.053156,1.0,0.094293,0.07451,10.3486
A1_LW_only,6,20,50,medium,0.9376,0,0,602,204,0.0,0.0,0.0,0.253102,0.2,27.7778
A2_GAT_only,6,20,50,medium,0.9376,0,0,602,204,0.0,0.0,1.0,0.253102,0.2,27.7778
A3_AE_only,6,20,50,medium,0.9376,128,32,570,76,0.625997,0.053156,1.0,0.094293,0.07451,10.3486
A4_no_TRS,6,20,50,medium,0.9376,128,32,570,76,0.625997,0.053156,0.0,0.094293,0.07451,10.3486
A5_no_chain,6,20,50,medium,0.9376,128,32,570,76,0.625997,0.053156,1.0,0.094293,0.07451,10.3486
MPTD-PQS,6,30,100,high,1.0091,128,32,570,76,0.625997,0.053156,1.0,0.094293,0.111765,20.6972
A1_LW_only,6,30,100,high,1.0091,0,0,602,204,0.0,0.0,0.0,0.253102,0.3,55.5556
A2_GAT_only,6,30,100,high,1.0091,0,0,602,204,0.0,0.0,1.0,0.253102,0.3,55.5556
A3_AE_only,6,30,100,high,1.0091,128,32,570,76,0.625997,0.053156,1.0,0.094293,0.111765,20.6972
A4_no_TRS,6,30,100,high,1.0091,128,32,570,76,0.625997,0.053156,0.0,0.094293,0.111765,20.6972
A5_no_chain,6,30,100,high,1.0091,128,32,570,76,0.625997,0.053156,1.0,0.094293,0.111765,20.6972
MPTD-PQS,6,30,20,low,1.1203,128,32,570,76,0.625997,0.053156,1.0,0.094293,0.111765,4.1394
A1_LW_only,6,30,20,low,1.1203,0,0,602,204,0.0,0.0,0.0,0.253102,0.3,11.1111
A2_GAT_only,6,30,20,low,1.1203,0,0,602,204,0.0,0.0,1.0,0.253102,0.3,11.1111
A3_AE_only,6,30,20,low,1.1203,128,32,570,76,0.625997,0.053156,1.0,0.094293,0.111765,4.1394
A4_no_TRS,6,30,20,low,1.1203,128,32,570,76,0.625997,0.053156,0.0,0.094293,0.111765,4.1394
A5_no_chain,6,30,20,low,1.1203,128,32,570,76,0.625997,0.053156,1.0,0.094293,0.111765,4.1394
MPTD-PQS,6,30,50,medium,1.033,128,32,570,76,0.625997,0.053156,1.0,0.094293,0.111765,10.3486
A1_LW_only,6,30,50,medium,1.033,0,0,602,204,0.0,0.0,0.0,0.253102,0.3,27.7778
A2_GAT_only,6,30,50,medium,1.033,0,0,602,204,0.0,0.0,1.0,0.253102,0.3,27.7778
A3_AE_only,6,30,50,medium,1.033,128,32,570,76,0.625997,0.053156,1.0,0.094293,0.111765,10.3486
A4_no_TRS,6,30,50,medium,1.033,128,32,570,76,0.625997,0.053156,0.0,0.094293,0.111765,10.3486
A5_no_chain,6,30,50,medium,1.033,128,32,570,76,0.625997,0.053156,1.0,0.094293,0.111765,10.3486
MPTD-PQS,6,5,100,high,0.8917,0,32,776,0,0.0,0.039604,1.0,0.0,0.0,0.0
A1_LW_only,6,5,100,high,0.8917,0,0,808,0,0.0,0.0,0.0,0.0,0.0,0.0
A2_GAT_only,6,5,100,high,0.8917,0,0,808,0,0.0,0.0,1.0,0.0,0.0,0.0
A3_AE_only,6,5,100,high,0.8917,0,32,776,0,0.0,0.039604,1.0,0.0,0.0,0.0
A4_no_TRS,6,5,100,high,0.8917,0,32,776,0,0.0,0.039604,0.0,0.0,0.0,0.0
A5_no_chain,6,5,100,high,0.8917,0,32,776,0,0.0,0.039604,1.0,0.0,0.0,0.0
MPTD-PQS,6,5,20,low,0.8468,0,32,776,0,0.0,0.039604,1.0,0.0,0.0,0.0
A1_LW_only,6,5,20,low,0.8468,0,0,808,0,0.0,0.0,0.0,0.0,0.0,0.0
A2_GAT_only,6,5,20,low,0.8468,0,0,808,0,0.0,0.0,1.0,0.0,0.0,0.0
A3_AE_only,6,5,20,low,0.8468,0,32,776,0,0.0,0.039604,1.0,0.0,0.0,0.0
A4_no_TRS,6,5,20,low,0.8468,0,32,776,0,0.0,0.039604,0.0,0.0,0.0,0.0
A5_no_chain,6,5,20,low,0.8468,0,32,776,0,0.0,0.039604,1.0,0.0,0.0,0.0
MPTD-PQS,6,5,50,medium,0.8735,0,32,776,0,0.0,0.039604,1.0,0.0,0.0,0.0
A1_LW_only,6,5,50,medium,0.8735,0,0,808,0,0.0,0.0,0.0,0.0,0.0,0.0
A2_GAT_only,6,5,50,medium,0.8735,0,0,808,0,0.0,0.0,1.0,0.0,0.0,0.0
A3_AE_only,6,5,50,medium,0.8735,0,32,776,0,0.0,0.039604,1.0,0.0,0.0,0.0
A4_no_TRS,6,5,50,medium,0.8735,0,32,776,0,0.0,0.039604,0.0,0.0,0.0,0.0
A5_no_chain,6,5,50,medium,0.8735,0,32,776,0,0.0,0.039604,1.0,0.0,0.0,0.0
MPTD-PQS,7,10,100,high,1.0288,32,32,725,19,0.526921,0.042272,1.0,0.023515,0.037255,20.6972
A1_LW_only,7,10,100,high,1.0288,0,0,757,51,0.0,0.0,0.0,0.063119,0.1,55.5556
A2_GAT_only,7,10,100,high,1.0288,0,0,757,51,0.0,0.0,1.0,0.063119,0.1,55.5556
A3_AE_only,7,10,100,high,1.0288,32,32,725,19,0.526921,0.042272,1.0,0.023515,0.037255,20.6972
A4_no_TRS,7,10,100,high,1.0288,32,32,725,19,0.526921,0.042272,0.0,0.023515,0.037255,20.6972
A5_no_chain,7,10,100,high,1.0288,32,32,725,19,0.526921,0.042272,1.0,0.023515,0.037255,20.6972
MPTD-PQS,7,10,20,low,0.9755,32,32,725,19,0.526921,0.042272,1.0,0.023515,0.037255,4.1394
A1_LW_only,7,10,20,low,0.9755,0,0,757,51,0.0,0.0,0.0,0.063119,0.1,11.1111
A2_GAT_only,7,10,20,low,0.9755,0,0,757,51,0.0,0.0,1.0,0.063119,0.1,11.1111
A3_AE_only,7,10,20,low,0.9755,32,32,725,19,0.526921,0.042272,1.0,0.023515,0.037255,4.1394
A4_no_TRS,7,10,20,low,0.9755,32,32,725,19,0.526921,0.042272,0.0,0.023515,0.037255,4.1394
A5_no_chain,7,10,20,low,0.9755,32,32,725,19,0.526921,0.042272,1.0,0.023515,0.037255,4.1394
MPTD-PQS,7,10,50,medium,1.3086,32,32,725,19,0.526921,0.042272,1.0,0.023515,0.037255,10.3486
A1_LW_only,7,10,50,medium,1.3086,0,0,757,51,0.0,0.0,0.0,0.063119,0.1,27.7778
A2_GAT_only,7,10,50,medium,1.3086,0,0,757,51,0.0,0.0,1.0,0.063119,0.1,27.7778
A3_AE_only,7,10,50,medium,1.3086,32,32,725,19,0.526921,0.042272,1.0,0.023515,0.037255,10.3486
A4_no_TRS,7,10,50,medium,1.3086,32,32,725,19,0.526921,0.042272,0.0,0.023515,0.037255,10.3486
A5_no_chain,7,10,50,medium,1.3086,32,32,725,19,0.526921,0.042272,1.0,0.023515,0.037255,10.3486
MPTD-PQS,7,20,100,high,0.8906,149,32,529,95,0.60947,0.057041,1.0,0.118012,0.077869,21.6302
A1_LW_only,7,20,100,high,0.8906,0,0,561,244,0.0,0.0,0.0,0.303106,0.2,55.5556
A2_GAT_only,7,20,100,high,0.8906,0,0,561,244,0.0,0.0,1.0,0.303106,0.2,55.5556
A3_AE_only,7,20,100,high,0.8906,149,32,529,95,0.60947,0.057041,1.0,0.118012,0.077869,21.6302
A4_no_TRS,7,20,100,high,0.8906,149,32,529,95,0.60947,0.057041,0.0,0.118012,0.077869,21.6302
A5_no_chain,7,20,100,high,0.8906,149,32,529,95,0.60947,0.057041,1.0,0.118012,0.077869,21.6302
MPTD-PQS,7,20,20,low,1.731,149,32,529,95,0.60947,0.057041,1.0,0.118012,0.077869,4.326
A1_LW_only,7,20,20,low,1.731,0,0,561,244,0.0,0.0,0.0,0.303106,0.2,11.1111
A2_GAT_only,7,20,20,low,1.731,0,0,561,244,0.0,0.0,1.0,0.303106,0.2,11.1111
A3_AE_only,7,20,20,low,1.731,149,32,529,95,0.60947,0.057041,1.0,0.118012,0.077869,4.326
A4_no_TRS,7,20,20,low,1.731,149,32,529,95,0.60947,0.057041,0.0,0.118012,0.077869,4.326
A5_no_chain,7,20,20,low,1.731,149,32,529,95,0.60947,0.057041,1.0,0.118012,0.077869,4.326
MPTD-PQS,7,20,50,medium,0.9621,149,32,529,95,0.60947,0.057041,1.0,0.118012,0.077869,10.8151
A1_LW_only,7,20,50,medium,0.9621,0,0,561,244,0.0,0.0,0.0,0.303106,0.2,27.7778
A2_GAT_only,7,20,50,medium,0.9621,0,0,561,244,0.0,0.0,1.0,0.303106,0.2,27.7778
A3_AE_only,7,20,50,medium,0.9621,149,32,529,95,0.60947,0.057041,1.0,0.118012,0.077869,10.8151
A4_no_TRS,7,20,50,medium,0.9621,149,32,529,95,0.60947,0.057041,0.0,0.118012,0.077869,10.8151
A5_no_chain,7,20,50,medium,0.9621,149,32,529,95,0.60947,0.057041,1.0,0.118012,0.077869,10.8151
MPTD-PQS,7,30,100,high,0.8578,149,32,529,95,0.60947,0.057041,1.0,0.118012,0.116803,21.6302
A1_LW_only,7,30,100,high,0.8578,0,0,561,244,0.0,0.0,0.0,0.303106,0.3,55.5556
A2_GAT_only,7,30,100,high,0.8578,0,0,561,244,0.0,0.0,1.0,0.303106,0.3,55.5556
A3_AE_only,7,30,100,high,0.8578,149,32,529,95,0.60947,0.057041,1.0,0.118012,0.116803,21.6302
A4_no_TRS,7,30,100,high,0.8578,149,32,529,95,0.60947,0.057041,0.0,0.118012,0.116803,21.6302
A5_no_chain,7,30,100,high,0.8578,149,32,529,95,0.60947,0.057041,1.0,0.118012,0.116803,21.6302
MPTD-PQS,7,30,20,low,0.9531,149,32,529,95,0.60947,0.057041,1.0,0.118012,0.116803,4.326
A1_LW_only,7,30,20,low,0.9531,0,0,561,244,0.0,0.0,0.0,0.303106,0.3,11.1111
A2_GAT_only,7,30,20,low,0.9531,0,0,561,244,0.0,0.0,1.0,0.303106,0.3,11.1111
A3_AE_only,7,30,20,low,0.9531,149,32,529,95,0.60947,0.057041,1.0,0.118012,0.116803,4.326
A4_no_TRS,7,30,20,low,0.9531,149,32,529,95,0.60947,0.057041,0.0,0.118012,0.116803,4.326
A5_no_chain,7,30,20,low,0.9531,149,32,529,95,0.60947,0.057041,1.0,0.118012,0.116803,4.326
MPTD-PQS,7,30,50,medium,0.9077,149,32,529,95,0.60947,0.057041,1.0,0.118012,0.116803,10.8151
A1_LW_only,7,30,50,medium,0.9077,0,0,561,244,0.0,0.0,0.0,0.303106,0.3,27.7778
A2_GAT_only,7,30,50,medium,0.9077,0,0,561,244,0.0,0.0,1.0,0.303106,0.3,27.7778
A3_AE_only,7,30,50,medium,0.9077,149,32,529,95,0.60947,0.057041,1.0,0.118012,0.116803,10.8151
A4_no_TRS,7,30,50,medium,0.9077,149,32,529,95,0.60947,0.057041,0.0,0.118012,0.116803,10.8151
A5_no_chain,7,30,50,medium,0.9077,149,32,529,95,0.60947,0.057041,1.0,0.118012,0.116803,10.8151
MPTD-PQS,7,5,100,high,1.0973,0,32,776,0,0.0,0.039604,1.0,0.0,0.0,0.0
A1_LW_only,7,5,100,high,1.0973,0,0,808,0,0.0,0.0,0.0,0.0,0.0,0.0
A2_GAT_only,7,5,100,high,1.0973,0,0,808,0,0.0,0.0,1.0,0.0,0.0,0.0
A3_AE_only,7,5,100,high,1.0973,0,32,776,0,0.0,0.039604,1.0,0.0,0.0,0.0
A4_no_TRS,7,5,100,high,1.0973,0,32,776,0,0.0,0.039604,0.0,0.0,0.0,0.0
A5_no_chain,7,5,100,high,1.0973,0,32,776,0,0.0,0.039604,1.0,0.0,0.0,0.0
MPTD-PQS,7,5,20,low,0.8375,0,32,776,0,0.0,0.039604,1.0,0.0,0.0,0.0
A1_LW_only,7,5,20,low,0.8375,0,0,808,0,0.0,0.0,0.0,0.0,0.0,0.0
A2_GAT_only,7,5,20,low,0.8375,0,0,808,0,0.0,0.0,1.0,0.0,0.0,0.0
A3_AE_only,7,5,20,low,0.8375,0,32,776,0,0.0,0.039604,1.0,0.0,0.0,0.0
A4_no_TRS,7,5,20,low,0.8375,0,32,776,0,0.0,0.039604,0.0,0.0,0.0,0.0
A5_no_chain,7,5,20,low,0.8375,0,32,776,0,0.0,0.039604,1.0,0.0,0.0,0.0
MPTD-PQS,7,5,50,medium,1.0457,0,32,776,0,0.0,0.039604,1.0,0.0,0.0,0.0
A1_LW_only,7,5,50,medium,1.0457,0,0,808,0,0.0,0.0,0.0,0.0,0.0,0.0
A2_GAT_only,7,5,50,medium,1.0457,0,0,808,0,0.0,0.0,1.0,0.0,0.0,0.0
A3_AE_only,7,5,50,medium,1.0457,0,32,776,0,0.0,0.039604,1.0,0.0,0.0,0.0
A4_no_TRS,7,5,50,medium,1.0457,0,32,776,0,0.0,0.039604,0.0,0.0,0.0,0.0
A5_no_chain,7,5,50,medium,1.0457,0,32,776,0,0.0,0.039604,1.0,0.0,0.0,0.0
