0,0.00,full,0.000,0.056,0.000,0.027,0.027,0.000,0.165,0.012,2.020,-1
20,0.00,full,0.355,0.068,0.929,0.015,0.035,0.429,18.016,0.011,1.949,8.049
40,0.00,full,0.328,0.073,0.900,0.018,0.041,0.756,170.405,0.010,1.542,5.171
60,0.00,full,0.234,0.055,0.875,0.018,0.038,0.844,158.300,0.010,1.543,3.938
80,0.00,full,0.000,0.000,0.482,0.090,0.031,0.838,410.788,0.011,1.296,1.233
100,0.00,full,0.000,0.000,0.000,0.000,0.013,0.721,402.733,0.012,1.369,0.6988
0,0.00,lw,0.000,0.056,0.000,0.003,0.003,0.000,0.165,0.010,1.689,-1
20,0.00,lw,0.355,0.068,0.933,0.003,0.033,0.429,18.016,0.009,1.478,0.6579
40,0.00,lw,0.328,0.073,0.899,0.005,0.042,0.756,170.405,0.010,0.993,3.903
60,0.00,lw,0.234,0.055,0.869,0.005,0.041,0.844,158.300,0.010,1.190,4.88
80,0.00,lw,0.000,0.000,0.482,0.035,0.035,0.838,410.788,0.011,0.655,1.575
100,0.00,lw,0.000,0.000,0.000,0.000,0.016,0.721,402.733,0.012,0.965,0.6988
0,0.50,full,0.000,0.056,0.000,0.027,0.027,0.000,0.165,0.009,2.876,-1
20,0.50,full,0.315,0.068,0.839,0.015,0.080,0.429,9.554,0.009,2.164,8.049
40,0.50,full,0.305,0.073,0.871,0.018,0.054,0.772,159.650,0.010,1.267,5.374
60,0.50,full,0.218,0.055,0.839,0.018,0.052,0.841,147.182,0.012,1.999,4.058
80,0.50,full,0.000,0.000,0.449,0.090,0.037,0.823,404.697,0.012,2.105,1.375
100,0.50,full,0.000,0.000,0.000,0.000,0.023,0.721,401.195,0.013,1.918,0.7365
0,0.50,lw,0.000,0.056,0.000,0.003,0.003,0.000,0.165,0.010,2.335,-1
20,0.50,lw,0.315,0.068,0.837,0.003,0.083,0.429,9.554,0.010,1.801,0.6288
40,0.50,lw,0.305,0.073,0.866,0.005,0.058,0.772,159.650,0.011,1.407,4.07
60,0.50,lw,0.218,0.055,0.829,0.005,0.057,0.841,147.182,0.012,1.410,5.023
80,0.50,lw,0.000,0.000,0.442,0.035,0.043,0.823,404.697,0.013,0.697,1.718
0,1.00,full,0.000,0.056,0.000,0.027,0.027,0.000,0.165,0.010,2.078,-1
20,1.00,full,0.223,0.068,0.781,0.015,0.110,0.375,1.205,0.012,2.371,11.35
100,0.50,lw,0.000,0.000,0.000,0.000,0.027,0.721,401.195,0.013,0.645,0.7365
40,1.00,full,0.268,0.073,0.784,0.018,0.100,0.736,148.089,0.093,1.578,5.759
60,1.00,full,0.193,0.055,0.735,0.018,0.098,0.793,135.107,0.012,1.378,4.272
0,1.00,lw,0.000,0.056,0.000,0.003,0.003,0.000,0.165,0.010,2.455,-1
20,1.00,lw,0.223,0.068,0.773,0.003,0.117,0.375,1.205,0.011,1.734,6.272
80,1.00,full,0.000,0.000,0.384,0.090,0.053,0.759,397.884,0.014,1.037,1.397
100,1.00,full,0.000,0.000,0.000,0.000,0.036,0.709,399.098,0.017,1.240,0.7743
40,1.00,lw,0.268,0.073,0.777,0.005,0.106,0.736,148.089,0.012,1.236,5.635
60,1.00,lw,0.193,0.055,0.725,0.005,0.106,0.793,135.107,0.016,1.042,4.15
80,1.00,lw,0.000,0.000,0.368,0.035,0.065,0.759,397.884,0.096,0.771,2.523
100,1.00,lw,0.000,0.000,0.000,0.000,0.041,0.709,399.098,0.030,0.663,0.7743
E1 COMPLETE 23:39:08
